ref,totalBytes,date,description,fileName,publicScore,privateScore,status,submittedBy,submittedByRef,teamName,url
51782518,4155,2026-04-16T21:33:34.850Z,,submission.zip,84.27,84.27,COMPLETE,keithtyser,keithtyser,/goal win silver medal,/submissions/51782518/51782518.raw
51783042,3718,2026-04-16T22:23:04.680Z,v3: honest validation + bounded geometry compile (predicted 161.86),submission.zip,128.35,128.35,COMPLETE,keithtyser,keithtyser,/goal win silver medal,/submissions/51783042/51783042.raw
51783171,3671,2026-04-16T22:36:28.790Z,v4: onnx_tool-parity check (predicted 121.80),submission.zip,130.42,130.42,COMPLETE,keithtyser,keithtyser,/goal win silver medal,/submissions/51783171/51783171.raw
51784270,10019,2026-04-17T00:21:04.640Z,,submission.zip,341.15,341.15,COMPLETE,keithtyser,keithtyser,/goal win silver medal,/submissions/51784270/51784270.raw
51785557,6160379,2026-04-17T02:08:12.210Z,,submission.zip,721.97,721.97,COMPLETE,keithtyser,keithtyser,/goal win silver medal,/submissions/51785557/51785557.raw
51786295,9151441,2026-04-17T03:11:28.653Z,v18: symbolic + ARC-GEN regenerated lookup (predicted 4699),submission.zip,737.61,737.61,COMPLETE,keithtyser,keithtyser,/goal win silver medal,/submissions/51786295/51786295.raw
51787358,2474626,2026-04-17T04:29:14.760Z,v21: LB794 weights + our symbolic (predicted 1081),submission.zip,1204.58,1204.58,COMPLETE,keithtyser,keithtyser,/goal win silver medal,/submissions/51787358/51787358.raw
51800524,1553904,2026-04-17T16:18:19.213Z,"E29: lb1388+lb794+symbolic+graph-builders+fallbacks, 158 tasks, local predicted 1701.58",submission.zip,1874.40,1874.40,COMPLETE,keithtyser,keithtyser,/goal win silver medal,/submissions/51800524/51800524.raw
51813222,1413768,2026-04-18T00:02:40.220Z,"E32: 10 graph-builder solvers, 400 tasks, local 2196",submission.zip,,,ERROR,keithtyser,keithtyser,/goal win silver medal,/submissions/51813222/51813222.raw
51813431,1362562,2026-04-18T00:14:56.900Z,"E33 safe: old solvers + lb_v2 + karnak_heur + yash_cost, 149 tasks, local 1839",submission.zip,,,ERROR,keithtyser,keithtyser,/goal win silver medal,/submissions/51813431/51813431.raw
51813492,1368819,2026-04-18T00:19:23.637Z,"E34 medium: all new graph-builders, no avikdas fallbacks, 158 tasks, local 1954",submission.zip,,,ERROR,keithtyser,keithtyser,/goal win silver medal,/submissions/51813492/51813492.raw
51818424,1478747,2026-04-18T06:25:55.473Z,215 tasks,submission.zip,,,ERROR,keithtyser,keithtyser,/goal win silver medal,/submissions/51818424/51818424.raw
51819301,1513994,2026-04-18T07:05:08.540Z,"E36: 215-task portfolio, local 2655.72 (+57 tasks this session)",submission.zip,,,ERROR,keithtyser,keithtyser,/goal win silver medal,/submissions/51819301/51819301.raw
51819409,1513994,2026-04-18T07:09:40.417Z,E36: ~215+ tasks 2655+ local,submission.zip,,,ERROR,keithtyser,keithtyser,/goal win silver medal,/submissions/51819409/51819409.raw
51841475,1513994,2026-04-19T02:46:14.267Z,394 strict-valid tasks local 4659.57,submission.zip,,,ERROR,keithtyser,keithtyser,/goal win silver medal,/submissions/51841475/51841475.raw
51841531,4106297,2026-04-19T02:50:23.407Z,394 strict-valid tasks local 4659.57 fresh 394-model zip,submission.zip,,,ERROR,keithtyser,keithtyser,/goal win silver medal,/submissions/51841531/51841531.raw
51842079,4022820,2026-04-19T03:21:15.550Z,exact-builder batch: task014 task090 task222 task400,submission.zip,,,ERROR,keithtyser,keithtyser,/goal win silver medal,/submissions/51842079/51842079.raw
51844261,2863985,2026-04-19T05:37:01.573Z,safe medium 394 tasks local 4731.24,submission.zip,,,ERROR,keithtyser,keithtyser,/goal win silver medal,/submissions/51844261/51844261.raw
51844629,3286668,2026-04-19T05:57:08.723Z,probeA rollback14 local4695.51,submission.zip,,,ERROR,keithtyser,keithtyser,/goal win silver medal,/submissions/51844629/51844629.raw
51844771,3430314,2026-04-19T06:03:30.170Z,probeB1 rollback7 local4703.08,submission.zip,,,ERROR,keithtyser,keithtyser,/goal win silver medal,/submissions/51844771/51844771.raw
51844858,2875548,2026-04-19T06:07:38.807Z,probeC1 rollback3 local4728.03,submission.zip,,,ERROR,keithtyser,keithtyser,/goal win silver medal,/submissions/51844858/51844858.raw
51844926,2866752,2026-04-19T06:11:47.607Z,probeD331 rollback1 local4730.73,submission.zip,,,ERROR,keithtyser,keithtyser,/goal win silver medal,/submissions/51844926/51844926.raw
51845012,2866682,2026-04-19T06:16:08.650Z,probeD266 rollback1 local4730.68,submission.zip,,,ERROR,keithtyser,keithtyser,/goal win silver medal,/submissions/51845012/51845012.raw
51845106,2866808,2026-04-19T06:20:22.313Z,probeD180 rollback1 local4730.57,submission.zip,,,ERROR,keithtyser,keithtyser,/goal win silver medal,/submissions/51845106/51845106.raw
51845197,2872234,2026-04-19T06:24:31.660Z,probeE all3back local4729.50,submission.zip,,,ERROR,keithtyser,keithtyser,/goal win silver medal,/submissions/51845197/51845197.raw
51845348,3599835,2026-04-19T06:32:23.963Z,traitsafe keep7 local4680.69,submission.zip,,,ERROR,keithtyser,keithtyser,/goal win silver medal,/submissions/51845348/51845348.raw
51846092,2864006,2026-04-19T07:08:12.273Z,all exact after ir10+rawbool local4731.24,submission.zip,,,ERROR,keithtyser,keithtyser,/goal win silver medal,/submissions/51846092/51846092.raw
51864047,1489873,2026-04-20T00:02:41.737Z,robust-prior safe medium 394 tasks local 4873.386,submission.zip,,,ERROR,keithtyser,keithtyser,/goal win silver medal,/submissions/51864047/51864047.raw
51865730,1329890,2026-04-20T01:50:29.187Z,safe-medium 4880.18 local after task133 task205 task338 task367,submission.zip,,,ERROR,keithtyser,keithtyser,/goal win silver medal,/submissions/51865730/51865730.raw
51892713,1233661,2026-04-20T21:14:08.653Z,codex current best 2026-04-20 00:00 ET,submission.zip,,,ERROR,keithtyser,keithtyser,/goal win silver medal,/submissions/51892713/51892713.raw
51895709,1196162,2026-04-21T01:03:04.907Z,safe medium 4901.77 local,submission.zip,,,ERROR,keithtyser,keithtyser,/goal win silver medal,/submissions/51895709/51895709.raw
51899115,1024231,2026-04-21T04:32:24.177Z,local 5009.16 strict 394 task251 task198 task367 task187,submission.zip,,,ERROR,keithtyser,keithtyser,/goal win silver medal,/submissions/51899115/51899115.raw
51899458,1024231,2026-04-21T04:49:58.473Z,final_medium local 5009.16 394 tasks,submission.zip,,,ERROR,keithtyser,keithtyser,/goal win silver medal,/submissions/51899458/51899458.raw
51899528,1005235,2026-04-21T04:53:52.247Z,fallback no-af local 4973.96 391 tasks,submission.zip,,,ERROR,keithtyser,keithtyser,/goal win silver medal,/submissions/51899528/51899528.raw
51899550,1003343,2026-04-21T04:54:52.033Z,fallback no-af no-task363 local 4962.31 390 tasks,submission.zip,,,ERROR,keithtyser,keithtyser,/goal win silver medal,/submissions/51899550/51899550.raw
51899770,665521,2026-04-21T05:11:16.477Z,scorer-compatible no Min Clip ArgMin local 4066.31 318 tasks,submission.zip,,,ERROR,keithtyser,keithtyser,/goal win silver medal,/submissions/51899770/51899770.raw
51899896,1063840,2026-04-21T05:22:48.513Z,rebuild 43b-era local 4980.26 394 tasks,submission.zip,,,ERROR,keithtyser,keithtyser,/goal win silver medal,/submissions/51899896/51899896.raw
51899972,974020,2026-04-21T05:28:02.513Z,43b rebuild rollback active lanes local 4852.85 383 tasks,submission.zip,,,ERROR,keithtyser,keithtyser,/goal win silver medal,/submissions/51899972/51899972.raw
51900015,973991,2026-04-21T05:31:33.897Z,43b active rollback IR10 local 4852.85 383 tasks,submission.zip,,,ERROR,keithtyser,keithtyser,/goal win silver medal,/submissions/51900015/51900015.raw
51900034,972338,2026-04-21T05:32:37.960Z,probe omit task008 from 4852.85 ir10 local >=4839,submission.zip,,,ERROR,keithtyser,keithtyser,/goal win silver medal,/submissions/51900034/51900034.raw
51900036,969604,2026-04-21T05:32:40.547Z,probe omit task041 from 4852.85 ir10 local >=4839,submission.zip,,,ERROR,keithtyser,keithtyser,/goal win silver medal,/submissions/51900036/51900036.raw
51900037,972680,2026-04-21T05:32:42.937Z,probe omit task146 from 4852.85 ir10 local >=4839,submission.zip,,,ERROR,keithtyser,keithtyser,/goal win silver medal,/submissions/51900037/51900037.raw
51900039,972500,2026-04-21T05:32:45.493Z,probe omit task203 from 4852.85 ir10 local >=4839,submission.zip,,,ERROR,keithtyser,keithtyser,/goal win silver medal,/submissions/51900039/51900039.raw
51900139,1013148,2026-04-21T05:38:22.247Z,probe chunk 01 omit post4901 group local 4857.89,submission.zip,,,ERROR,keithtyser,keithtyser,/goal win silver medal,/submissions/51900139/51900139.raw
51900140,1035057,2026-04-21T05:38:24.787Z,probe chunk 02 omit post4901 group local 4853.57,submission.zip,,,ERROR,keithtyser,keithtyser,/goal win silver medal,/submissions/51900140/51900140.raw
51900141,1028761,2026-04-21T05:38:27.337Z,probe chunk 03 omit post4901 group local 4850.08,submission.zip,,,ERROR,keithtyser,keithtyser,/goal win silver medal,/submissions/51900141/51900141.raw
51900142,1018302,2026-04-21T05:38:30.523Z,probe chunk 04 omit post4901 group local 4853.53,submission.zip,,,ERROR,keithtyser,keithtyser,/goal win silver medal,/submissions/51900142/51900142.raw
51900180,1040234,2026-04-21T05:39:20.940Z,probe chunk 05 omit post4901 group local 4853.67,submission.zip,,,ERROR,keithtyser,keithtyser,/goal win silver medal,/submissions/51900180/51900180.raw
51900181,1025043,2026-04-21T05:39:23.547Z,probe chunk 06 omit post4901 group local 4851.33,submission.zip,,,ERROR,keithtyser,keithtyser,/goal win silver medal,/submissions/51900181/51900181.raw
51900182,1002750,2026-04-21T05:39:25.993Z,probe chunk 07 omit post4901 group local 4942.38,submission.zip,,,ERROR,keithtyser,keithtyser,/goal win silver medal,/submissions/51900182/51900182.raw
51908908,1037651,2026-04-21T13:08:28.413Z,safe baseline + chunk06 addbacks minus task011 local 4929.92,submission.zip,,,ERROR,keithtyser,keithtyser,/goal win silver medal,/submissions/51908908/51908908.raw
51908980,1075048,2026-04-21T13:11:04.867Z,full 394 with task011 raw bool local 4980.26,submission.zip,,,ERROR,keithtyser,keithtyser,/goal win silver medal,/submissions/51908980/51908980.raw
51914119,987637,2026-04-21T16:40:37.460Z,safe medium 4968.00 local numpy235 calibrate,submission.zip,5111.43,5111.43,COMPLETE,keithtyser,keithtyser,/goal win silver medal,/submissions/51914119/51914119.raw
51919683,911770,2026-04-21T22:44:51.583Z,public-safe 5146.37 local task018+063+133+209+219+267 sha a918d6ba,submission.zip,,,ERROR,keithtyser,keithtyser,/goal win silver medal,/submissions/51919683/51919683.raw
51919734,1074845,2026-04-21T22:51:21.933Z,hybrid safe51908980 plus task018+063+133+209+219+267 sha d3d07ad0,submission.zip,,,ERROR,keithtyser,keithtyser,/goal win silver medal,/submissions/51919734/51919734.raw
51919927,1075048,2026-04-21T23:14:38.247Z,sanity resubmit safe_baseline_51908980,submission.zip,,,ERROR,keithtyser,keithtyser,/goal win silver medal,/submissions/51919927/51919927.raw
51919968,1087132,2026-04-21T23:19:45.563Z,repair base swap task008 builder + task065 e14 lookup sha 499a9ac3,submission.zip,,,ERROR,keithtyser,keithtyser,/goal win silver medal,/submissions/51919968/51919968.raw
51919971,1074989,2026-04-21T23:20:10.347Z,repair only task008 builder sha 77b0dedd,submission.zip,,,ERROR,keithtyser,keithtyser,/goal win silver medal,/submissions/51919971/51919971.raw
51919972,1087191,2026-04-21T23:20:10.390Z,repair only task065 e14 lookup sha 6419187f,submission.zip,,,ERROR,keithtyser,keithtyser,/goal win silver medal,/submissions/51919972/51919972.raw
51920002,1087174,2026-04-21T23:23:56.313Z,repair base plus groupA 018 063 133 sha 3de3aaaf,submission.zip,,,ERROR,keithtyser,keithtyser,/goal win silver medal,/submissions/51920002/51920002.raw
51920003,1086929,2026-04-21T23:23:56.337Z,repair base plus all6 overlays sha 7dd4bca7,submission.zip,,,ERROR,keithtyser,keithtyser,/goal win silver medal,/submissions/51920003/51920003.raw
51920004,1086887,2026-04-21T23:23:56.347Z,repair base plus groupB 209 219 267 sha 3ebab952,submission.zip,,,ERROR,keithtyser,keithtyser,/goal win silver medal,/submissions/51920004/51920004.raw
51920041,1007177,2026-04-21T23:28:13.743Z,exact sha 27c23ea5 merged_4980_plus_notebooks local 5102.18,submission.zip,,,ERROR,keithtyser,keithtyser,/goal win silver medal,/submissions/51920041/51920041.raw
51920068,1056504,2026-04-21T23:32:30.560Z,repair sha 27c23ea5 by swapping 008 065 291 359 389 sha 5634b752,submission.zip,,,ERROR,keithtyser,keithtyser,/goal win silver medal,/submissions/51920068/51920068.raw
51920215,1056543,2026-04-21T23:44:53.380Z,5029 base plus task063 task267 sha 66656578,submission.zip,,,ERROR,keithtyser,keithtyser,/goal win silver medal,/submissions/51920215/51920215.raw
51920221,949990,2026-04-21T23:45:13.280Z,5149 repaired plus task063 task267 sha 4223219e,submission.zip,,,ERROR,keithtyser,keithtyser,/goal win silver medal,/submissions/51920221/51920221.raw
51920293,978588,2026-04-21T23:51:06.267Z,5049 winner plus robust task209 task219 retry,submission.zip,,,ERROR,keithtyser,keithtyser,/goal win silver medal,/submissions/51920293/51920293.raw
51920294,933837,2026-04-21T23:51:11.220Z,5049 winner plus robust 018 133 209 219,submission.zip,,,ERROR,keithtyser,keithtyser,/goal win silver medal,/submissions/51920294/51920294.raw
51920369,946049,2026-04-21T23:57:44.400Z,5093 best plus task291 e14 and task389 e14,submission.zip,,,ERROR,keithtyser,keithtyser,/goal win silver medal,/submissions/51920369/51920369.raw
51920375,941307,2026-04-21T23:58:31.270Z,5093 best plus task291 e14 only,submission.zip,,,ERROR,keithtyser,keithtyser,/goal win silver medal,/submissions/51920375/51920375.raw
51920378,938579,2026-04-21T23:58:36.593Z,5093 best plus task389 e14 only,submission.zip,,,ERROR,keithtyser,keithtyser,/goal win silver medal,/submissions/51920378/51920378.raw
51920579,921694,2026-04-22T00:06:46.360Z,5093 best plus exact task065 retry,submission.zip,,,ERROR,keithtyser,keithtyser,/goal win silver medal,/submissions/51920579/51920579.raw
51920743,921695,2026-04-22T00:13:29.450Z,5093 best plus task065 exact fixed squeeze,submission.zip,,,ERROR,keithtyser,keithtyser,/goal win silver medal,/submissions/51920743/51920743.raw
51921387,927145,2026-04-22T00:49:17.633Z,5106 base plus task021+055+184 oversize-reactivated c8fe642c,submission.zip,,,ERROR,keithtyser,keithtyser,/goal win silver medal,/submissions/51921387/51921387.raw
51921593,930593,2026-04-22T01:03:39.493Z,5142.07 plus task202 exact strata b6742002,submission.zip,,,ERROR,keithtyser,keithtyser,/goal win silver medal,/submissions/51921593/51921593.raw
51921897,947866,2026-04-22T01:23:35.253Z,5154.01 plus task080 exact linegrid motif 013bf07b,submission.zip,,,ERROR,keithtyser,keithtyser,/goal win silver medal,/submissions/51921897/51921897.raw
51923288,949730,2026-04-22T02:44:18.893Z,5164.98 plus task279 fresh fix a3063685,submission.zip,,,ERROR,keithtyser,keithtyser,/goal win silver medal,/submissions/51923288/51923288.raw
51923549,917039,2026-04-22T02:57:37.377Z,5164.98 probe raw018+209+219 12828054,submission.zip,,,ERROR,keithtyser,keithtyser,/goal win silver medal,/submissions/51923549/51923549.raw
51923603,941986,2026-04-22T03:00:43.647Z,5164.98 probe raw task219 e1d3bfb9,submission.zip,,,ERROR,keithtyser,keithtyser,/goal win silver medal,/submissions/51923603/51923603.raw
51923604,945637,2026-04-22T03:00:43.660Z,5164.98 probe raw task018 fe5f16fe,submission.zip,,,ERROR,keithtyser,keithtyser,/goal win silver medal,/submissions/51923604/51923604.raw
51923605,925148,2026-04-22T03:00:43.667Z,5164.98 probe raw task209 6220b7f0,submission.zip,,,ERROR,keithtyser,keithtyser,/goal win silver medal,/submissions/51923605/51923605.raw
51923736,947665,2026-04-22T03:06:37.100Z,5164.98 probe task002 alt 64c78ca7,submission.zip,,,ERROR,keithtyser,keithtyser,/goal win silver medal,/submissions/51923736/51923736.raw
51924170,947715,2026-04-22T03:26:10.200Z,5165.14 probe task002 sweep28 2ccd2419,submission.zip,,,ERROR,keithtyser,keithtyser,/goal win silver medal,/submissions/51924170/51924170.raw
51924603,1004538,2026-04-22T03:49:58.520Z,5165.14 probe task366 e18 fd88d604,submission.zip,,,ERROR,keithtyser,keithtyser,/goal win silver medal,/submissions/51924603/51924603.raw
51925073,947604,2026-04-22T04:14:13.377Z,5165.14 probe task096 1dfb4762,submission.zip,,,ERROR,keithtyser,keithtyser,/goal win silver medal,/submissions/51925073/51925073.raw
51925128,945906,2026-04-22T04:16:17.777Z,5165.14 probe task359+389 depthscalar 8321f2f7,submission.zip,,,ERROR,keithtyser,keithtyser,/goal win silver medal,/submissions/51925128/51925128.raw
51925181,945845,2026-04-22T04:18:06.550Z,5165.19 probe task359+389 depthscalar afdf7fc0,submission.zip,,,ERROR,keithtyser,keithtyser,/goal win silver medal,/submissions/51925181/51925181.raw
51925626,945728,2026-04-22T04:41:26.740Z,5166.00 probe task065+324 3049dd66,submission.zip,,,ERROR,keithtyser,keithtyser,/goal win silver medal,/submissions/51925626/51925626.raw
51925788,944486,2026-04-22T04:51:22.773Z,5166.01 probe task183 08d66d35,submission.zip,,,ERROR,keithtyser,keithtyser,/goal win silver medal,/submissions/51925788/51925788.raw
51925879,943287,2026-04-22T04:57:02.470Z,5167.27 probe task379 866c6f5d,submission.zip,,,ERROR,keithtyser,keithtyser,/goal win silver medal,/submissions/51925879/51925879.raw
51926237,1000248,2026-04-22T05:16:45.580Z,5167.88 probe rare17 5eca255c,submission.zip,,,ERROR,keithtyser,keithtyser,/goal win silver medal,/submissions/51926237/51926237.raw
51926302,1031450,2026-04-22T05:20:55.027Z,5185.86 probe task226+104+084 f2f3d191,submission.zip,,,ERROR,keithtyser,keithtyser,/goal win silver medal,/submissions/51926302/51926302.raw
51927587,1050768,2026-04-22T06:32:09.240Z,5187.80 probe task219 prune omit1,submission.zip,,,ERROR,keithtyser,keithtyser,/goal win silver medal,/submissions/51927587/51927587.raw
51928721,1025083,2026-04-22T07:27:20.927Z,5187.84 probe revert task226 5114bcaa,submission.zip,,,ERROR,keithtyser,keithtyser,/goal win silver medal,/submissions/51928721/51928721.raw
51928879,1032195,2026-04-22T07:35:39.510Z,5187.84 probe task342 yutodennou d9d7ca6d,submission.zip,,,ERROR,keithtyser,keithtyser,/goal win silver medal,/submissions/51928879/51928879.raw
51930083,1035456,2026-04-22T08:38:28.963Z,5188.03 probe task334 classifier 7f108cda,submission.zip,,,ERROR,keithtyser,keithtyser,/goal win silver medal,/submissions/51930083/51930083.raw
51930237,1034232,2026-04-22T08:45:39.073Z,5188.51 probe task191 artem de2c4a8d,submission.zip,,,ERROR,keithtyser,keithtyser,/goal win silver medal,/submissions/51930237/51930237.raw
51930349,1047040,2026-04-22T08:51:04.347Z,5189.00 probe task048 classifier 8f857871,submission.zip,,,ERROR,keithtyser,keithtyser,/goal win silver medal,/submissions/51930349/51930349.raw
51931211,1007726,2026-04-22T09:35:52.203Z,5189.00 probe task184 scalar-label exact d704ddff,submission.zip,,,ERROR,keithtyser,keithtyser,/goal win silver medal,/submissions/51931211/51931211.raw
51931326,1008454,2026-04-22T09:41:20.803Z,5190.02 probe task185 scalar-label exact 503d50fc,submission.zip,,,ERROR,keithtyser,keithtyser,/goal win silver medal,/submissions/51931326/51931326.raw
51931575,1008864,2026-04-22T09:53:44.013Z,5191.59 probe task228 scalar-label exact 9cd22ef7,submission.zip,,,ERROR,keithtyser,keithtyser,/goal win silver medal,/submissions/51931575/51931575.raw
51947502,1036093,2026-04-22T19:43:16.190Z,5192.48 baseline plus exact task066 branch-local rewrite sha 7e7696d2,submission.zip,,,ERROR,keithtyser,keithtyser,/goal win silver medal,/submissions/51947502/51947502.raw
51948516,1038565,2026-04-22T20:44:58.063Z,probe 5194.45 task277 sigpair sha 67aed54e,submission.zip,,,ERROR,keithtyser,keithtyser,/goal win silver medal,/submissions/51948516/51948516.raw
51948736,1023752,2026-04-22T20:59:47.120Z,probe 5197.97 raw018 raw209 raw219 sha ecf60b01,submission.zip,,,ERROR,keithtyser,keithtyser,/goal win silver medal,/submissions/51948736/51948736.raw
51948792,1037925,2026-04-22T21:03:12.807Z,probe 5194.59 task255 gibbs sha 95dc7aa5,submission.zip,,,ERROR,keithtyser,keithtyser,/goal win silver medal,/submissions/51948792/51948792.raw
51948812,1049957,2026-04-22T21:04:15.243Z,probe 5194.39 task226 exactv2 sha f37b616a,submission.zip,,,ERROR,keithtyser,keithtyser,/goal win silver medal,/submissions/51948812/51948812.raw
51949243,1001439,2026-04-22T21:33:17.940Z,hybrid 5194.71 + needless19 local 5196.76 sha c019b43e,submission.zip,,,ERROR,keithtyser,keithtyser,/goal win silver medal,/submissions/51949243/51949243.raw
51949567,1001510,2026-04-22T21:58:31.507Z,hybrid 5196.76 + task048 crop8 local 5198.48 sha bfc5f7e6,submission.zip,,,ERROR,keithtyser,keithtyser,/goal win silver medal,/submissions/51949567/51949567.raw
51949596,998649,2026-04-22T22:01:09.377Z,hybrid 5198.48 + task080 task387 task025 local 5200.38 sha 064c7b20,submission.zip,,,ERROR,keithtyser,keithtyser,/goal win silver medal,/submissions/51949596/51949596.raw
51950276,995610,2026-04-22T22:53:07.903Z,safe5200.38 plus task064+280+325 local5201.807 sha87c85e25,submission.zip,,,ERROR,keithtyser,keithtyser,/goal win silver medal,/submissions/51950276/51950276.raw
51950707,996241,2026-04-22T23:20:00.377Z,probe 5201.81 plus yash/imaad 053 082 298 329 nonexact,submission.zip,,,ERROR,keithtyser,keithtyser,/goal win silver medal,/submissions/51950707/51950707.raw
51951090,881162,2026-04-22T23:42:27.477Z,probe 5201.81 plus artem_blending full overlay,submission.zip,,,ERROR,keithtyser,keithtyser,/goal win silver medal,/submissions/51951090/51951090.raw
51951091,1571667,2026-04-22T23:42:29.787Z,probe 5201.81 plus needless4250 full overlay,submission.zip,,,ERROR,keithtyser,keithtyser,/goal win silver medal,/submissions/51951091/51951091.raw
51951093,1145984,2026-04-22T23:42:32.390Z,probe 5201.81 plus artem4180 full overlay,submission.zip,,,ERROR,keithtyser,keithtyser,/goal win silver medal,/submissions/51951093/51951093.raw
51951094,1064778,2026-04-22T23:42:34.870Z,probe 5201.81 plus rauf4k full overlay,submission.zip,,,ERROR,keithtyser,keithtyser,/goal win silver medal,/submissions/51951094/51951094.raw
51951117,854440,2026-04-22T23:44:15.227Z,probe 5201.81 plus artem_blending safeop overlay,submission.zip,,,ERROR,keithtyser,keithtyser,/goal win silver medal,/submissions/51951117/51951117.raw
51951118,1602527,2026-04-22T23:44:17.460Z,probe 5201.81 plus needless4250 safeop overlay,submission.zip,,,ERROR,keithtyser,keithtyser,/goal win silver medal,/submissions/51951118/51951118.raw
51951120,1115130,2026-04-22T23:44:19.767Z,probe 5201.81 plus artem4180 safeop overlay,submission.zip,,,ERROR,keithtyser,keithtyser,/goal win silver medal,/submissions/51951120/51951120.raw
51951122,1094613,2026-04-22T23:44:22.157Z,probe 5201.81 plus rauf4k safeop overlay,submission.zip,,,ERROR,keithtyser,keithtyser,/goal win silver medal,/submissions/51951122/51951122.raw
51951160,1709838,2026-04-22T23:46:35.217Z,probe 5201.81 plus needless4250 repaired11 overlay,submission.zip,,,ERROR,keithtyser,keithtyser,/goal win silver medal,/submissions/51951160/51951160.raw
51951186,1182284,2026-04-22T23:47:59.697Z,probe 5201.81 plus artem4180 repaired11 overlay,submission.zip,,,ERROR,keithtyser,keithtyser,/goal win silver medal,/submissions/51951186/51951186.raw
51951188,1184712,2026-04-22T23:48:02.200Z,probe 5201.81 plus rauf4k repaired13 overlay,submission.zip,5250.88,5250.88,COMPLETE,keithtyser,keithtyser,/goal win silver medal,/submissions/51951188/51951188.raw
51951271,935573,2026-04-22T23:55:33.750Z,probe 5201.81 plus soban341 full overlay,submission.zip,,,ERROR,keithtyser,keithtyser,/goal win silver medal,/submissions/51951271/51951271.raw
51951272,2003384,2026-04-22T23:55:36.403Z,probe 5201.81 plus jiwei yash full overlay,submission.zip,,,ERROR,keithtyser,keithtyser,/goal win silver medal,/submissions/51951272/51951272.raw
51951309,2003325,2026-04-22T23:58:37.127Z,probe 5201.81 plus jiwei yash repaired1 overlay,submission.zip,,,ERROR,keithtyser,keithtyser,/goal win silver medal,/submissions/51951309/51951309.raw
51951310,995811,2026-04-22T23:58:39.673Z,probe 5201.81 plus soban341 repaired11 overlay,submission.zip,,,ERROR,keithtyser,keithtyser,/goal win silver medal,/submissions/51951310/51951310.raw
51951332,995994,2026-04-23T00:00:20.560Z,probe 5201.81 plus yuto 024 188 304 315 360,submission.zip,,,ERROR,keithtyser,keithtyser,/goal win silver medal,/submissions/51951332/51951332.raw
51951499,996255,2026-04-23T00:07:12.840Z,probe 5201.81 plus task024 yuto,submission.zip,,,ERROR,keithtyser,keithtyser,/goal win silver medal,/submissions/51951499/51951499.raw
51951501,996186,2026-04-23T00:07:15.263Z,probe 5201.81 plus task360 yuto,submission.zip,,,ERROR,keithtyser,keithtyser,/goal win silver medal,/submissions/51951501/51951501.raw
51951510,994896,2026-04-23T00:07:32.263Z,probe 5201.81 plus task188 yash retry,submission.zip,,,ERROR,keithtyser,keithtyser,/goal win silver medal,/submissions/51951510/51951510.raw
51951641,74424,2026-04-23T00:13:16.083Z,probe 5201.81 plus avikdas full overlay,submission.zip,81.57,81.57,COMPLETE,keithtyser,keithtyser,/goal win silver medal,/submissions/51951641/51951641.raw
51951690,1178527,2026-04-23T00:15:41.903Z,probe 5201.81 plus imaad full overlay,submission.zip,,,ERROR,keithtyser,keithtyser,/goal win silver medal,/submissions/51951690/51951690.raw
51951692,1194971,2026-04-23T00:15:44.410Z,probe 5201.81 plus magmafix full overlay,submission.zip,,,ERROR,keithtyser,keithtyser,/goal win silver medal,/submissions/51951692/51951692.raw
51951694,1175352,2026-04-23T00:15:46.927Z,probe 5201.81 plus karnaklogic full overlay,submission.zip,,,ERROR,keithtyser,keithtyser,/goal win silver medal,/submissions/51951694/51951694.raw
51951696,1136401,2026-04-23T00:15:49.207Z,probe 5201.81 plus svanikv2 full overlay,submission.zip,,,ERROR,keithtyser,keithtyser,/goal win silver medal,/submissions/51951696/51951696.raw
51951698,1224688,2026-04-23T00:15:51.537Z,probe 5201.81 plus hanifsax full overlay,submission.zip,,,ERROR,keithtyser,keithtyser,/goal win silver medal,/submissions/51951698/51951698.raw
51951759,450141,2026-04-23T00:19:47.197Z,probe 5201.81 plus avikdas claimsafe overlay,submission.zip,869.55,869.55,COMPLETE,keithtyser,keithtyser,/goal win silver medal,/submissions/51951759/51951759.raw
51951796,2070010,2026-04-23T00:22:27.977Z,probe 5201.81 plus lb1388v2 full overlay,submission.zip,,,ERROR,keithtyser,keithtyser,/goal win silver medal,/submissions/51951796/51951796.raw
51951896,2069951,2026-04-23T00:27:18.127Z,probe 5201.81 plus lb1388v2 repaired8 overlay,submission.zip,,,ERROR,keithtyser,keithtyser,/goal win silver medal,/submissions/51951896/51951896.raw
51952013,993525,2026-04-23T00:33:29.653Z,probe 5201.81 plus nb shared5 050 052 056 060 061,submission.zip,5338.54,5338.54,COMPLETE,keithtyser,keithtyser,/goal win silver medal,/submissions/51952013/51952013.raw
51952014,995887,2026-04-23T00:33:32.003Z,probe 5201.81 plus nb needless5 038 098 100 111 113,submission.zip,,,ERROR,keithtyser,keithtyser,/goal win silver medal,/submissions/51952014/51952014.raw
51952016,1006732,2026-04-23T00:33:34.507Z,probe 5201.81 plus lb1388 big6 149 166 167 176 252 321,submission.zip,,,ERROR,keithtyser,keithtyser,/goal win silver medal,/submissions/51952016/51952016.raw
51952041,1414218,2026-04-23T00:34:37.477Z,probe 5201.81 plus runs final full overlay,submission.zip,,,ERROR,keithtyser,keithtyser,/goal win silver medal,/submissions/51952041/51952041.raw
51952077,1414159,2026-04-23T00:36:32.093Z,probe 5201.81 plus runs final repaired8 overlay,submission.zip,,,ERROR,keithtyser,keithtyser,/goal win silver medal,/submissions/51952077/51952077.raw
51952111,995626,2026-04-23T00:37:52.827Z,probe 5201.81 plus task337 asalhi new metric,submission.zip,,,ERROR,keithtyser,keithtyser,/goal win silver medal,/submissions/51952111/51952111.raw
51952729,995610,2026-04-23T01:10:58.453Z,baseline sanity,submission.zip,,,ERROR,keithtyser,keithtyser,/goal win silver medal,/submissions/51952729/51952729.raw
51952828,995291,2026-04-23T01:15:18.383Z,,submission.zip,,,ERROR,keithtyser,keithtyser,/goal win silver medal,/submissions/51952828/51952828.raw
51953340,996499,2026-04-23T01:36:26.837Z,exploit probe: 5 tasks with dynamic-pad (087/140/179/241/326),submission.zip,,,ERROR,keithtyser,keithtyser,/goal win silver medal,/submissions/51953340/51953340.raw
51953658,996499,2026-04-23T01:53:55.697Z,exploit probe 6 tasks: 087/140/179/241/326/380,submission.zip,,,ERROR,keithtyser,keithtyser,/goal win silver medal,/submissions/51953658/51953658.raw
51953826,996499,2026-04-23T02:01:25.987Z,exploit wave: 6 simple + 23 dynpad-wrapped,submission.zip,,,ERROR,keithtyser,keithtyser,/goal win silver medal,/submissions/51953826/51953826.raw
51953904,996499,2026-04-23T02:04:56.017Z,isolation test: only task179 exploit,submission.zip,,,ERROR,keithtyser,keithtyser,/goal win silver medal,/submissions/51953904/51953904.raw
51953946,996499,2026-04-23T02:07:14.183Z,isolation: only task241,submission.zip,,,ERROR,keithtyser,keithtyser,/goal win silver medal,/submissions/51953946/51953946.raw
51954029,995291,2026-04-23T02:12:17.753Z,sanity: pure baseline again,submission.zip,,,ERROR,keithtyser,keithtyser,/goal win silver medal,/submissions/51954029/51954029.raw
51954192,995291,2026-04-23T02:22:16.083Z,11-task exploit: 6 simple + 5 color-perm/offset-id,submission.zip,,,ERROR,keithtyser,keithtyser,/goal win silver medal,/submissions/51954192/51954192.raw
51954246,995291,2026-04-23T02:24:55.170Z,retest: original 6 simple-transform exploits,submission.zip,,,ERROR,keithtyser,keithtyser,/goal win silver medal,/submissions/51954246/51954246.raw
51954496,995291,2026-04-23T02:37:25.493Z,task179 v3 keepdims=1 dynamic-pad,submission.zip,,,ERROR,keithtyser,keithtyser,/goal win silver medal,/submissions/51954496/51954496.raw
51954666,995291,2026-04-23T02:46:35.073Z,task179 Constant-output matching first pair (probe Kaggle correctness gate),submission.zip,,,ERROR,keithtyser,keithtyser,/goal win silver medal,/submissions/51954666/51954666.raw
51954779,995291,2026-04-23T02:50:53.783Z,probe: ALL tasks as Constant-output matching first pair,submission.zip,,,ERROR,keithtyser,keithtyser,/goal win silver medal,/submissions/51954779/51954779.raw
51954941,995291,2026-04-23T02:59:59.830Z,Mukundan exact task179 exploit probe,submission.zip,,,ERROR,keithtyser,keithtyser,/goal win silver medal,/submissions/51954941/51954941.raw
51955021,995291,2026-04-23T03:04:47.960Z,re-submit archived 29-task exploit (scored 5218.36 before),submission.zip,,,ERROR,keithtyser,keithtyser,/goal win silver medal,/submissions/51955021/51955021.raw
51955115,995291,2026-04-23T03:10:02.760Z,probe: only 10 exploit tasks (no other files),submission.zip,,,ERROR,keithtyser,keithtyser,/goal win silver medal,/submissions/51955115/51955115.raw
51955322,995291,2026-04-23T03:20:14.887Z,retry 29-task exploit (determinism test),submission.zip,,,ERROR,keithtyser,keithtyser,/goal win silver medal,/submissions/51955322/51955322.raw
51955607,995291,2026-04-23T03:35:24.030Z,"DYN-SHAPE exploit task337 only (Tony Li's pattern, score 20.13 locally)",submission.zip,,,ERROR,keithtyser,keithtyser,/goal win silver medal,/submissions/51955607/51955607.raw
51955705,995291,2026-04-23T03:39:56.837Z,"DYN-SHAPE 4 color-perm tasks (016, 276, 309, 337)",submission.zip,,,ERROR,keithtyser,keithtyser,/goal win silver medal,/submissions/51955705/51955705.raw
51955778,995291,2026-04-23T03:43:43.813Z,COMBINED: dyn-shape color perms + dyn-pad transforms (11 tasks),submission.zip,,,ERROR,keithtyser,keithtyser,/goal win silver medal,/submissions/51955778/51955778.raw
51955867,995291,2026-04-23T03:48:48.930Z,DYNSHAPE Gather int32 (4 color-perms score 20.5) + dynpad transforms (7 tasks),submission.zip,,,ERROR,keithtyser,keithtyser,/goal win silver medal,/submissions/51955867/51955867.raw
51955949,995291,2026-04-23T03:53:47.040Z,probe: task018 zero-output (tests if task018 in subset),submission.zip,,,ERROR,keithtyser,keithtyser,/goal win silver medal,/submissions/51955949/51955949.raw
51955996,995291,2026-04-23T03:56:41.570Z,probe: only 100 tasks included (test if kaggle actually re-scores),submission.zip,,,ERROR,keithtyser,keithtyser,/goal win silver medal,/submissions/51955996/51955996.raw
51956021,271767,2026-04-23T03:58:47.643Z,probe: only 100 tasks,submission.zip,,,ERROR,keithtyser,keithtyser,/goal win silver medal,/submissions/51956021/51956021.raw
51956068,982875,2026-04-23T04:01:13.983Z,real probe: task018 zero-output,submission.zip,,,ERROR,keithtyser,keithtyser,/goal win silver medal,/submissions/51956068/51956068.raw
51956123,996095,2026-04-23T04:05:03.227Z,REAL 3-task Mukundan exploit (task087/140/179),submission.zip,,,ERROR,keithtyser,keithtyser,/goal win silver medal,/submissions/51956123/51956123.raw
51956184,996671,2026-04-23T04:07:42.463Z,FULL 11-task exploit wave (dynshape + dynpad),submission.zip,,,ERROR,keithtyser,keithtyser,/goal win silver medal,/submissions/51956184/51956184.raw
51956465,996671,2026-04-23T04:22:41.763Z,update Gather int32 for color perms (cost 90),submission.zip,,,ERROR,keithtyser,keithtyser,/goal win silver medal,/submissions/51956465/51956465.raw
51956623,998891,2026-04-23T04:31:15.480Z,MAX exploit: 4 dyn-shape + 7 dyn-pad + 22 dynpad-wrap,submission.zip,,,ERROR,keithtyser,keithtyser,/goal win silver medal,/submissions/51956623/51956623.raw
51956770,999985,2026-04-23T04:39:27.880Z,MAX v2: 4 dyn-shape + 7 dyn-pad + 39 dynpad-wrap (includes attr-style),submission.zip,,,ERROR,keithtyser,keithtyser,/goal win silver medal,/submissions/51956770/51956770.raw
51957148,1000300,2026-04-23T04:59:55.977Z,MAX v3: 4 dyn-shape + 7 dyn-pad + 41 all-pads-wrap,submission.zip,,,ERROR,keithtyser,keithtyser,/goal win silver medal,/submissions/51957148/51957148.raw
51957392,999644,2026-04-23T05:14:01.473Z,MAX v4: +task001 fractal (5 dyn-shape total),submission.zip,,,ERROR,keithtyser,keithtyser,/goal win silver medal,/submissions/51957392/51957392.raw
51958742,999014,2026-04-23T06:24:18.567Z,MAX v5: +task223/307/315 fractal/upscale (8 dyn-shape total),submission.zip,,,ERROR,keithtyser,keithtyser,/goal win silver medal,/submissions/51958742/51958742.raw
51959056,998828,2026-04-23T06:38:52.757Z,MAX v6: +task258/352 3x3 Conv exploits (10 dyn-shape),submission.zip,,,ERROR,keithtyser,keithtyser,/goal win silver medal,/submissions/51959056/51959056.raw
51959117,998630,2026-04-23T06:41:11.290Z,MAX v7: +task147 3x3 Conv (11 dyn-shape),submission.zip,,,ERROR,keithtyser,keithtyser,/goal win silver medal,/submissions/51959117/51959117.raw
51960109,998479,2026-04-23T07:23:06.850Z,MAX v8: +task220 3x3 Conv (12 dyn-shape),submission.zip,,,ERROR,keithtyser,keithtyser,/goal win silver medal,/submissions/51960109/51960109.raw
51960329,998204,2026-04-23T07:32:46.850Z,MAX v9: +task171 (13 dyn-shape),submission.zip,,,ERROR,keithtyser,keithtyser,/goal win silver medal,/submissions/51960329/51960329.raw
51972705,998282,2026-04-23T16:35:32.873Z,MAX v10: +6 exact 3x3 CNN (19 dyn-shape),submission.zip,,,ERROR,keithtyser,keithtyser,/goal win silver medal,/submissions/51972705/51972705.raw
51972859,1001105,2026-04-23T16:40:12.733Z,MAX v11: +3 more exact CNN (22 dyn-shape),submission.zip,,,ERROR,keithtyser,keithtyser,/goal win silver medal,/submissions/51972859/51972859.raw
51972986,998282,2026-04-23T16:44:55.833Z,v10b: revert 081/283/294 (19 dyn-shape),submission.zip,,,ERROR,keithtyser,keithtyser,/goal win silver medal,/submissions/51972986/51972986.raw
51974337,992927,2026-04-23T17:45:14.357Z,"dyn-shape wrap: +151 from shape [1,10,None,None] undercount",submission.zip,,,ERROR,keithtyser,keithtyser,/goal win silver medal,/submissions/51974337/51974337.raw
51974583,993582,2026-04-23T17:57:46.190Z,partial dyn axes: +207 delta,submission.zip,,,ERROR,keithtyser,keithtyser,/goal win silver medal,/submissions/51974583/51974583.raw
51975062,996465,2026-04-23T18:16:33.477Z,more exploit sources: +224 delta,submission.zip,,,ERROR,keithtyser,keithtyser,/goal win silver medal,/submissions/51975062/51975062.raw
51975259,996675,2026-04-23T18:24:27.107Z,+ reshape fix: +231 delta,submission.zip,,,ERROR,keithtyser,keithtyser,/goal win silver medal,/submissions/51975259/51975259.raw
51975582,963608,2026-04-23T18:38:24.637Z,many dim combos: +242 delta,submission.zip,,,ERROR,keithtyser,keithtyser,/goal win silver medal,/submissions/51975582/51975582.raw
51976100,1007009,2026-04-23T19:01:59.607Z,+ compress: +244,submission.zip,,,ERROR,keithtyser,keithtyser,/goal win silver medal,/submissions/51976100/51976100.raw
51976527,1007802,2026-04-23T19:26:51.603Z,+ reshape+many: +245,submission.zip,,,ERROR,keithtyser,keithtyser,/goal win silver medal,/submissions/51976527/51976527.raw
51976809,1009122,2026-04-23T19:42:04.403Z,+ Mukundan prepend: +249,submission.zip,,,ERROR,keithtyser,keithtyser,/goal win silver medal,/submissions/51976809/51976809.raw
51977032,1010356,2026-04-23T19:54:45.390Z,+ muksim + scratch: +252,submission.zip,,,ERROR,keithtyser,keithtyser,/goal win silver medal,/submissions/51977032/51977032.raw
51977174,1010340,2026-04-23T20:03:14.467Z,+ endcap: +253,submission.zip,,,ERROR,keithtyser,keithtyser,/goal win silver medal,/submissions/51977174/51977174.raw
51977451,1072689,2026-04-23T20:20:32.250Z,+ onnxsim + muk_both: +256,submission.zip,,,ERROR,keithtyser,keithtyser,/goal win silver medal,/submissions/51977451/51977451.raw
51977765,1071690,2026-04-23T20:40:09.093Z,+ scratch: +270,submission.zip,,,ERROR,keithtyser,keithtyser,/goal win silver medal,/submissions/51977765/51977765.raw
51978065,1071052,2026-04-23T20:58:26.987Z,+ task120 conv-rebuild: +276,submission.zip,,,ERROR,keithtyser,keithtyser,/goal win silver medal,/submissions/51978065/51978065.raw
51978521,1066432,2026-04-23T21:25:35.537Z,+ id+override CNN: +292,submission.zip,,,ERROR,keithtyser,keithtyser,/goal win silver medal,/submissions/51978521/51978521.raw
51978763,1063234,2026-04-23T21:40:38.203Z,+ gather batch: +332,submission.zip,,,ERROR,keithtyser,keithtyser,/goal win silver medal,/submissions/51978763/51978763.raw
51979058,1063983,2026-04-23T22:02:20.177Z,+ id+override K<=200: +334,submission.zip,,,ERROR,keithtyser,keithtyser,/goal win silver medal,/submissions/51979058/51979058.raw
51979858,1063234,2026-04-23T23:01:02.520Z,revert to 5633 (id+override didn't generalize),submission.zip,,,ERROR,keithtyser,keithtyser,/goal win silver medal,/submissions/51979858/51979858.raw
51986269,1033824,2026-04-24T04:15:54.767Z,+ compress tweaks: +335,submission.zip,,,ERROR,keithtyser,keithtyser,/goal win silver medal,/submissions/51986269/51986269.raw
51986543,1063234,2026-04-24T04:26:16.953Z,revert to 5633 (compress tweaks didn't generalize),submission.zip,,,ERROR,keithtyser,keithtyser,/goal win silver medal,/submissions/51986543/51986543.raw
51987048,1033839,2026-04-24T04:47:20.303Z,+ holdout probe 3 tasks: +334.53,submission.zip,,,ERROR,keithtyser,keithtyser,/goal win silver medal,/submissions/51987048/51987048.raw
51987136,1063234,2026-04-24T04:51:07.850Z,revert to 5633 (holdout probe didn't generalize),submission.zip,,,ERROR,keithtyser,keithtyser,/goal win silver medal,/submissions/51987136/51987136.raw
52015365,911876,2026-04-25T00:49:04.790Z,TEST: 10 tasks replaced with profile-err identity (hypothesis: cost=0 -> 25pts),submission.zip,,,ERROR,keithtyser,keithtyser,/goal win silver medal,/submissions/52015365/52015365.raw
52016293,1063152,2026-04-25T01:35:59.220Z,+ INT32 indices: +335,submission.zip,,,ERROR,keithtyser,keithtyser,/goal win silver medal,/submissions/52016293/52016293.raw
52019149,1063152,2026-04-25T03:48:32.940Z,+ user archive 4743 wins: +395,submission.zip,,,ERROR,keithtyser,keithtyser,/goal win silver medal,/submissions/52019149/52019149.raw
52019199,966692,2026-04-25T03:50:36.640Z,+ user archive 4743 wins: +395 delta to 5696,submission.zip,,,ERROR,keithtyser,keithtyser,/goal win silver medal,/submissions/52019199/52019199.raw
52019297,1063152,2026-04-25T03:54:00.103Z,revert to 5636 (user archive partial fail),submission.zip,,,ERROR,keithtyser,keithtyser,/goal win silver medal,/submissions/52019297/52019297.raw
52019485,1048916,2026-04-25T04:00:28.773Z,+ inherited_submission wins from user archive: +348,submission.zip,,,ERROR,keithtyser,keithtyser,/goal win silver medal,/submissions/52019485/52019485.raw
52019621,974523,2026-04-25T04:06:21.407Z,+ user archive local_generated: +393,submission.zip,,,ERROR,keithtyser,keithtyser,/goal win silver medal,/submissions/52019621/52019621.raw
52019865,1048916,2026-04-25T04:17:58.710Z,"revert: local_gen didnt generalize, keep 5649",submission.zip,,,ERROR,keithtyser,keithtyser,/goal win silver medal,/submissions/52019865/52019865.raw
52071800,1939234,2026-04-26T16:26:52.700Z,5649 + Artem part2 local-positive 217 tasks local 6132.28 sha7b8b06d5,submission.zip,,,ERROR,keithtyser,keithtyser,/goal win silver medal,/submissions/52071800/52071800.raw
52072682,1930659,2026-04-26T17:00:23.593Z,5933 revert task322 to 5649 base,submission.zip,,,ERROR,keithtyser,keithtyser,/goal win silver medal,/submissions/52072682/52072682.raw
52072688,1936408,2026-04-26T17:00:29.817Z,5933 revert task151 to 5649 base,submission.zip,,,ERROR,keithtyser,keithtyser,/goal win silver medal,/submissions/52072688/52072688.raw
52072691,1785027,2026-04-26T17:00:35.790Z,5933 revert task181 to 5649 base,submission.zip,,,ERROR,keithtyser,keithtyser,/goal win silver medal,/submissions/52072691/52072691.raw
52072694,1924141,2026-04-26T17:00:41.810Z,5933 revert task139 to 5649 base,submission.zip,,,ERROR,keithtyser,keithtyser,/goal win silver medal,/submissions/52072694/52072694.raw
52072695,1939007,2026-04-26T17:00:47.763Z,5933 revert task061 to 5649 base,submission.zip,,,ERROR,keithtyser,keithtyser,/goal win silver medal,/submissions/52072695/52072695.raw
52072696,1942357,2026-04-26T17:00:54.110Z,5933 revert task334 to 5649 base,submission.zip,,,ERROR,keithtyser,keithtyser,/goal win silver medal,/submissions/52072696/52072696.raw
52072698,1939673,2026-04-26T17:01:00.107Z,5933 revert task104 to 5649 base,submission.zip,,,ERROR,keithtyser,keithtyser,/goal win silver medal,/submissions/52072698/52072698.raw
52072700,1943527,2026-04-26T17:01:06.207Z,5933 revert task077 to 5649 base,submission.zip,,,ERROR,keithtyser,keithtyser,/goal win silver medal,/submissions/52072700/52072700.raw
52072778,1911070,2026-04-26T17:04:00.547Z,5933 revert task004 to 5649 base,submission.zip,,,ERROR,keithtyser,keithtyser,/goal win silver medal,/submissions/52072778/52072778.raw
52072779,1895634,2026-04-26T17:04:04.187Z,5933 revert task296 to 5649 base,submission.zip,,,ERROR,keithtyser,keithtyser,/goal win silver medal,/submissions/52072779/52072779.raw
52072782,1923805,2026-04-26T17:04:07.760Z,5933 revert task272 to 5649 base,submission.zip,,,ERROR,keithtyser,keithtyser,/goal win silver medal,/submissions/52072782/52072782.raw
52072786,1923310,2026-04-26T17:04:11.300Z,5933 revert task180 to 5649 base,submission.zip,,,ERROR,keithtyser,keithtyser,/goal win silver medal,/submissions/52072786/52072786.raw
52072787,1923425,2026-04-26T17:04:14.990Z,5933 revert task015 to 5649 base,submission.zip,,,ERROR,keithtyser,keithtyser,/goal win silver medal,/submissions/52072787/52072787.raw
52072790,1911387,2026-04-26T17:04:18.787Z,5933 revert task122 to 5649 base,submission.zip,,,ERROR,keithtyser,keithtyser,/goal win silver medal,/submissions/52072790/52072790.raw
52072791,1783676,2026-04-26T17:04:22.330Z,5933 revert task336 to 5649 base,submission.zip,,,ERROR,keithtyser,keithtyser,/goal win silver medal,/submissions/52072791/52072791.raw
52072796,1926360,2026-04-26T17:04:26.190Z,5933 revert task288 to 5649 base,submission.zip,,,ERROR,keithtyser,keithtyser,/goal win silver medal,/submissions/52072796/52072796.raw
52072906,1926847,2026-04-26T17:08:01.037Z,5933 revert task212 to 5649 base,submission.zip,,,ERROR,keithtyser,keithtyser,/goal win silver medal,/submissions/52072906/52072906.raw
52072907,1926815,2026-04-26T17:08:04.673Z,5933 revert task298 to 5649 base,submission.zip,,,ERROR,keithtyser,keithtyser,/goal win silver medal,/submissions/52072907/52072907.raw
52072911,1926377,2026-04-26T17:08:08.380Z,5933 revert task160 to 5649 base,submission.zip,,,ERROR,keithtyser,keithtyser,/goal win silver medal,/submissions/52072911/52072911.raw
52072915,1923277,2026-04-26T17:08:11.910Z,5933 revert task282 to 5649 base,submission.zip,,,ERROR,keithtyser,keithtyser,/goal win silver medal,/submissions/52072915/52072915.raw
52072919,1924340,2026-04-26T17:08:15.630Z,5933 revert task262 to 5649 base,submission.zip,,,ERROR,keithtyser,keithtyser,/goal win silver medal,/submissions/52072919/52072919.raw
52072920,1923475,2026-04-26T17:08:19.223Z,5933 revert task081 to 5649 base,submission.zip,,,ERROR,keithtyser,keithtyser,/goal win silver medal,/submissions/52072920/52072920.raw
52072923,1927608,2026-04-26T17:08:22.950Z,5933 revert task202 to 5649 base,submission.zip,,,ERROR,keithtyser,keithtyser,/goal win silver medal,/submissions/52072923/52072923.raw
52072925,1935640,2026-04-26T17:08:26.593Z,5933 revert task323 to 5649 base,submission.zip,,,ERROR,keithtyser,keithtyser,/goal win silver medal,/submissions/52072925/52072925.raw
52072929,1927639,2026-04-26T17:08:30.233Z,5933 revert task225 to 5649 base,submission.zip,,,ERROR,keithtyser,keithtyser,/goal win silver medal,/submissions/52072929/52072929.raw
52072933,1927136,2026-04-26T17:08:33.873Z,5933 revert task196 to 5649 base,submission.zip,,,ERROR,keithtyser,keithtyser,/goal win silver medal,/submissions/52072933/52072933.raw
52073057,1926968,2026-04-26T17:12:51.650Z,5933 revert task063 to 5649 base,submission.zip,,,ERROR,keithtyser,keithtyser,/goal win silver medal,/submissions/52073057/52073057.raw
52073059,1926893,2026-04-26T17:12:55.327Z,5933 revert task232 to 5649 base,submission.zip,,,ERROR,keithtyser,keithtyser,/goal win silver medal,/submissions/52073059/52073059.raw
52073063,1923338,2026-04-26T17:12:59.140Z,5933 revert task147 to 5649 base,submission.zip,,,ERROR,keithtyser,keithtyser,/goal win silver medal,/submissions/52073063/52073063.raw
52073066,1922406,2026-04-26T17:13:03.000Z,5933 revert task376 to 5649 base,submission.zip,,,ERROR,keithtyser,keithtyser,/goal win silver medal,/submissions/52073066/52073066.raw
52073070,1923183,2026-04-26T17:13:06.857Z,5933 revert task352 to 5649 base,submission.zip,,,ERROR,keithtyser,keithtyser,/goal win silver medal,/submissions/52073070/52073070.raw
52073072,1926183,2026-04-26T17:13:10.680Z,5933 revert task168 to 5649 base,submission.zip,,,ERROR,keithtyser,keithtyser,/goal win silver medal,/submissions/52073072/52073072.raw
52073074,1926955,2026-04-26T17:13:14.607Z,5933 revert task056 to 5649 base,submission.zip,,,ERROR,keithtyser,keithtyser,/goal win silver medal,/submissions/52073074/52073074.raw
52073078,1924153,2026-04-26T17:13:18.483Z,5933 revert task117 to 5649 base,submission.zip,,,ERROR,keithtyser,keithtyser,/goal win silver medal,/submissions/52073078/52073078.raw
52073079,1923107,2026-04-26T17:13:22.300Z,5933 revert task073 to 5649 base,submission.zip,,,ERROR,keithtyser,keithtyser,/goal win silver medal,/submissions/52073079/52073079.raw
52073085,1922755,2026-04-26T17:13:26.087Z,5933 revert task058 to 5649 base,submission.zip,,,ERROR,keithtyser,keithtyser,/goal win silver medal,/submissions/52073085/52073085.raw
52073087,1938152,2026-04-26T17:13:30.003Z,5933 revert task314 to 5649 base,submission.zip,,,ERROR,keithtyser,keithtyser,/goal win silver medal,/submissions/52073087/52073087.raw
52073090,1928820,2026-04-26T17:13:33.893Z,5933 revert task248 to 5649 base,submission.zip,,,ERROR,keithtyser,keithtyser,/goal win silver medal,/submissions/52073090/52073090.raw
52073217,1928816,2026-04-26T17:19:01.523Z,5933 revert task357 to 5649 base,submission.zip,,,ERROR,keithtyser,keithtyser,/goal win silver medal,/submissions/52073217/52073217.raw
52073219,1928612,2026-04-26T17:19:05.393Z,5933 revert task299 to 5649 base,submission.zip,,,ERROR,keithtyser,keithtyser,/goal win silver medal,/submissions/52073219/52073219.raw
52073221,1932470,2026-04-26T17:19:09.513Z,5933 revert task226 to 5649 base,submission.zip,,,ERROR,keithtyser,keithtyser,/goal win silver medal,/submissions/52073221/52073221.raw
52073222,1926616,2026-04-26T17:19:13.483Z,5933 revert task229 to 5649 base,submission.zip,,,ERROR,keithtyser,keithtyser,/goal win silver medal,/submissions/52073222/52073222.raw
52073224,1926842,2026-04-26T17:19:17.337Z,5933 revert task397 to 5649 base,submission.zip,,,ERROR,keithtyser,keithtyser,/goal win silver medal,/submissions/52073224/52073224.raw
52073226,1925040,2026-04-26T17:19:20.903Z,5933 revert task141 to 5649 base,submission.zip,,,ERROR,keithtyser,keithtyser,/goal win silver medal,/submissions/52073226/52073226.raw
52073228,1927474,2026-04-26T17:19:24.760Z,5933 revert task161 to 5649 base,submission.zip,,,ERROR,keithtyser,keithtyser,/goal win silver medal,/submissions/52073228/52073228.raw
52073230,1926734,2026-04-26T17:19:28.450Z,5933 revert task222 to 5649 base,submission.zip,,,ERROR,keithtyser,keithtyser,/goal win silver medal,/submissions/52073230/52073230.raw
52073233,1917012,2026-04-26T17:19:32.300Z,5933 revert task120 to 5649 base,submission.zip,,,ERROR,keithtyser,keithtyser,/goal win silver medal,/submissions/52073233/52073233.raw
52073237,1924785,2026-04-26T17:19:36.193Z,5933 revert task266 to 5649 base,submission.zip,,,ERROR,keithtyser,keithtyser,/goal win silver medal,/submissions/52073237/52073237.raw
52073240,1924919,2026-04-26T17:19:40.050Z,5933 revert task375 to 5649 base,submission.zip,,,ERROR,keithtyser,keithtyser,/goal win silver medal,/submissions/52073240/52073240.raw
52073242,1925045,2026-04-26T17:19:43.790Z,5933 revert task129 to 5649 base,submission.zip,,,ERROR,keithtyser,keithtyser,/goal win silver medal,/submissions/52073242/52073242.raw
52073405,1918156,2026-04-26T17:26:29.957Z,5946 swap task193 from rockerritesh5353,submission.zip,,,ERROR,keithtyser,keithtyser,/goal win silver medal,/submissions/52073405/52073405.raw
52073407,2060460,2026-04-26T17:26:33.830Z,5946 swap task400 from rockerritesh5353,submission.zip,,,ERROR,keithtyser,keithtyser,/goal win silver medal,/submissions/52073407/52073407.raw
52074521,1725931,2026-04-26T18:11:18.743Z,5946 + new public local-positive no task322 sha 545d775f,submission.zip,,,ERROR,keithtyser,keithtyser,/goal win silver medal,/submissions/52074521/52074521.raw
52074550,1917988,2026-04-26T18:12:23.980Z,5946 + archive_hybrid top6 359 335 169 094 360 207 2ab1235c,submission.zip,,,ERROR,keithtyser,keithtyser,/goal win silver medal,/submissions/52074550/52074550.raw
52074669,1917553,2026-04-26T18:18:05.873Z,"5965 + archive_hybrid remaining clean 092,132,220,128,317,050,095,391,227,395 b7ad9f87",submission.zip,2152.46,2152.46,COMPLETE,keithtyser,keithtyser,/goal win silver medal,/submissions/52074669/52074669.raw
52074677,1775458,2026-04-26T18:18:31.853Z,5965 singleton task399 from magmacot_5550 07364798,submission.zip,,,ERROR,keithtyser,keithtyser,/goal win silver medal,/submissions/52074677/52074677.raw
52074679,1901970,2026-04-26T18:18:35.450Z,5965 singleton task076 from amanatar_optblend bc11c67b,submission.zip,,,ERROR,keithtyser,keithtyser,/goal win silver medal,/submissions/52074679/52074679.raw
52074681,1900903,2026-04-26T18:18:39.407Z,5965 singleton task209 from amanatar_optblend 377605b2,submission.zip,,,ERROR,keithtyser,keithtyser,/goal win silver medal,/submissions/52074681/52074681.raw
52074683,1896365,2026-04-26T18:18:42.973Z,5965 singleton task233 from amanatar_optblend 333aa702,submission.zip,,,ERROR,keithtyser,keithtyser,/goal win silver medal,/submissions/52074683/52074683.raw
52074685,1907339,2026-04-26T18:18:46.803Z,5965 singleton task153 from amanatar_optblend 00bc5f2c,submission.zip,,,ERROR,keithtyser,keithtyser,/goal win silver medal,/submissions/52074685/52074685.raw
52074688,1929105,2026-04-26T18:18:50.663Z,5965 singleton task191 from svanik_arc_nano_v2 9a2139b5,submission.zip,,,ERROR,keithtyser,keithtyser,/goal win silver medal,/submissions/52074688/52074688.raw
52074690,1921159,2026-04-26T18:18:54.447Z,5965 singleton task101 from svanik_arc_nano_v2 ae03f18b,submission.zip,,,ERROR,keithtyser,keithtyser,/goal win silver medal,/submissions/52074690/52074690.raw
52074694,1919672,2026-04-26T18:18:58.137Z,5965 singleton task305 from magmacot_5550 4512cd24,submission.zip,,,ERROR,keithtyser,keithtyser,/goal win silver medal,/submissions/52074694/52074694.raw
52074751,1775023,2026-04-26T18:21:30.717Z,5968.69 + task399 magmacot bf2f136e,submission.zip,2152.46,2152.46,COMPLETE,keithtyser,keithtyser,/goal win silver medal,/submissions/52074751/52074751.raw
52074832,1916430,2026-04-26T18:24:15.153Z,5968.69 + archive_hybrid scraps 196 347 166 b4910957,submission.zip,2135.02,2135.02,COMPLETE,keithtyser,keithtyser,/goal win silver medal,/submissions/52074832/52074832.raw
52074949,1785957,2026-04-26T18:29:34.847Z,5971 + afr1ste dataset batch1 167 186 038 274 052 103 099 325 35af7293,submission.zip,2048.84,2048.84,COMPLETE,keithtyser,keithtyser,/goal win silver medal,/submissions/52074949/52074949.raw
52075230,1784834,2026-04-26T18:42:41.333Z,5997.01 + archive_hybrid scraps 196 347 166 5123d3e2,submission.zip,2031.40,2031.40,COMPLETE,keithtyser,keithtyser,/goal win silver medal,/submissions/52075230/52075230.raw
52075626,1778271,2026-04-26T19:02:28.747Z,own opt task080 158 342 on 5997.33 local 6174.08 sha 1bfe5a62,submission.zip,2043.73,2043.73,COMPLETE,keithtyser,keithtyser,/goal win silver medal,/submissions/52075626/52075626.raw
52075755,1777205,2026-04-26T19:08:59.020Z,own opt task184 037 on 5997.69 local 6174.83 sha bc4946d2,submission.zip,2056.79,2056.79,COMPLETE,keithtyser,keithtyser,/goal win silver medal,/submissions/52075755/52075755.raw
52075876,1775548,2026-04-26T19:14:58.337Z,own opt task173 138 on 5998.44 local 6175.01 sha d09357cb,submission.zip,2057.01,2057.01,COMPLETE,keithtyser,keithtyser,/goal win silver medal,/submissions/52075876/52075876.raw
52075993,1773571,2026-04-26T19:22:06.657Z,own opt task285 290 on 5998.62 local 6176.24 sha a14188b8,submission.zip,2058.55,2058.55,COMPLETE,keithtyser,keithtyser,/goal win silver medal,/submissions/52075993/52075993.raw
52076070,1771995,2026-04-26T19:26:50.270Z,own opt task370 089 on 5999.85 local 6176.31 sha 16637850,submission.zip,2058.64,2058.64,COMPLETE,keithtyser,keithtyser,/goal win silver medal,/submissions/52076070/52076070.raw
52076177,1771957,2026-04-26T19:32:22.497Z,own opt task034 on 5999.92 local 6176.45 sha dc48b460,submission.zip,2058.64,2058.64,COMPLETE,keithtyser,keithtyser,/goal win silver medal,/submissions/52076177/52076177.raw
52076438,1750334,2026-04-26T19:47:25.230Z,task233 archived local-gen on 6000.06 local 6178.28 sha 926e3415,submission.zip,2047.06,2047.06,COMPLETE,keithtyser,keithtyser,/goal win silver medal,/submissions/52076438/52076438.raw
52076516,1770832,2026-04-26T19:51:42.237Z,own opt task239 159 on 6000.06 local 6177.74 sha 224ae1eb,submission.zip,2085.75,2085.75,COMPLETE,keithtyser,keithtyser,/goal win silver medal,/submissions/52076516/52076516.raw
52076623,1803923,2026-04-26T19:57:51.970Z,task243 338 plus task115 strict on 6001.35 local 6178.87 sha 7d0b939b,submission.zip,2073.00,2073.00,COMPLETE,keithtyser,keithtyser,/goal win silver medal,/submissions/52076623/52076623.raw
52076725,1769808,2026-04-26T20:02:58.057Z,own opt task093 243 338 on 6001.35 local 6179.04 sha d2898b1b,submission.zip,2085.86,2085.86,COMPLETE,keithtyser,keithtyser,/goal win silver medal,/submissions/52076725/52076725.raw
52076811,1769295,2026-04-26T20:07:55.193Z,own opt task208 on 6002.65 local 6179.71 sha e42d7b57,submission.zip,2086.45,2086.45,COMPLETE,keithtyser,keithtyser,/goal win silver medal,/submissions/52076811/52076811.raw
52076928,1768250,2026-04-26T20:14:05.150Z,own opt task005 on 6003.32 local 6179.80 sha a40caaa7,submission.zip,2086.57,2086.57,COMPLETE,keithtyser,keithtyser,/goal win silver medal,/submissions/52076928/52076928.raw
52077020,1766612,2026-04-26T20:18:46.410Z,own opt task281 009 396 on 6003.41 local 6181.44 sha 3608c2d1,submission.zip,2087.30,2087.30,COMPLETE,keithtyser,keithtyser,/goal win silver medal,/submissions/52077020/52077020.raw
52077220,1766543,2026-04-26T20:29:57.613Z,own opt task128 on 6005.05 local 6182.33 sha 0,submission.zip,2101.12,2101.12,COMPLETE,keithtyser,keithtyser,/goal win silver medal,/submissions/52077220/52077220.raw
52077300,1766348,2026-04-26T20:33:57.267Z,own opt task136 on 6005.95 local 6183.62 sha 6c9e9992,submission.zip,2101.12,2101.12,COMPLETE,keithtyser,keithtyser,/goal win silver medal,/submissions/52077300/52077300.raw
52077406,1766344,2026-04-26T20:40:53.897Z,own opt task328 on 6007.23 local 6183.65 sha f0,submission.zip,2114.14,2114.14,COMPLETE,keithtyser,keithtyser,/goal win silver medal,/submissions/52077406/52077406.raw
52077557,1766907,2026-04-26T20:50:46.220Z,own opt task165 on 6007.27 local 6184.03 sha 7e,submission.zip,2114.27,2114.27,COMPLETE,keithtyser,keithtyser,/goal win silver medal,/submissions/52077557/52077557.raw
52077619,1766325,2026-04-26T20:54:42.237Z,own opt task201 on 6007.64 local 6184.18 sha 30,submission.zip,2114.40,2114.40,COMPLETE,keithtyser,keithtyser,/goal win silver medal,/submissions/52077619/52077619.raw
52077698,1765360,2026-04-26T21:00:59.187Z,own opt task064 306 on 6007.79 local 6184.68 sha 7d,submission.zip,2114.93,2114.93,COMPLETE,keithtyser,keithtyser,/goal win silver medal,/submissions/52077698/52077698.raw
52077766,1764864,2026-04-26T21:05:36.773Z,own opt task082 020 on 6008.29 local 6186.87 sha a3,submission.zip,2118.86,2118.86,COMPLETE,keithtyser,keithtyser,/goal win silver medal,/submissions/52077766/52077766.raw
52077843,1763954,2026-04-26T21:11:56.437Z,own opt task378 on 6010.98 local 6187.77 sha 3d,submission.zip,2119.33,2119.33,COMPLETE,keithtyser,keithtyser,/goal win silver medal,/submissions/52077843/52077843.raw
52077909,1762980,2026-04-26T21:16:24.130Z,own opt task146 on 6011.38 local 6189.55 sha 7a,submission.zip,2136.31,2136.31,COMPLETE,keithtyser,keithtyser,/goal win silver medal,/submissions/52077909/52077909.raw
52077989,1762760,2026-04-26T21:22:12.940Z,own opt task217 on 6013.16 local 6191.05 sha db,submission.zip,2138.65,2138.65,COMPLETE,keithtyser,keithtyser,/goal win silver medal,/submissions/52077989/52077989.raw
52078065,1762605,2026-04-26T21:26:01.270Z,own opt task126 on 6014.66 local 6191.50 sha 5d,submission.zip,2139.13,2139.13,COMPLETE,keithtyser,keithtyser,/goal win silver medal,/submissions/52078065/52078065.raw
52078160,1761759,2026-04-26T21:32:16.480Z,own opt task111 on 6015.11 local 6191.76 sha ab,submission.zip,2139.49,2139.49,COMPLETE,keithtyser,keithtyser,/goal win silver medal,/submissions/52078160/52078160.raw
52078207,1761113,2026-04-26T21:35:40.193Z,own opt task033 on 6015.37 local 6191.98 sha 72,submission.zip,2139.79,2139.79,COMPLETE,keithtyser,keithtyser,/goal win silver medal,/submissions/52078207/52078207.raw
52078336,1761625,2026-04-26T21:44:34.360Z,own opt task268 242 on 6015.59 local 6192.66 sha 62,submission.zip,2140.38,2140.38,COMPLETE,keithtyser,keithtyser,/goal win silver medal,/submissions/52078336/52078336.raw
52078412,1760988,2026-04-26T21:50:06.103Z,own opt task322 on 6016.27 local 6194.34 sha 4a,submission.zip,2145.22,2145.22,COMPLETE,keithtyser,keithtyser,/goal win silver medal,/submissions/52078412/52078412.raw
52078495,1759576,2026-04-26T21:54:24.723Z,own opt task190 on 6017.95 local 6195.38 sha b2,submission.zip,2159.80,2159.80,COMPLETE,keithtyser,keithtyser,/goal win silver medal,/submissions/52078495/52078495.raw
52078603,1757115,2026-04-26T22:01:51.107Z,own opt task277 on 6019.00 local 6196.24 sha 13,submission.zip,2161.10,2161.10,COMPLETE,keithtyser,keithtyser,/goal win silver medal,/submissions/52078603/52078603.raw
52078669,1756833,2026-04-26T22:06:03.127Z,own opt task184 on 6019.86 local 6196.93 sha 1d,submission.zip,2162.13,2162.13,COMPLETE,keithtyser,keithtyser,/goal win silver medal,/submissions/52078669/52078669.raw
52078800,1739006,2026-04-26T22:16:51.713Z,own opt task029 170 on 6020.55 local 6197.54 sha 73,submission.zip,2189.77,2189.77,COMPLETE,keithtyser,keithtyser,/goal win silver medal,/submissions/52078800/52078800.raw
52080203,1716298,2026-04-27T00:00:31.420Z,own opt 197 313 316 342 358 local 6200.46 sha 4fe9,submission.zip,2194.25,2194.25,COMPLETE,keithtyser,keithtyser,/goal win silver medal,/submissions/52080203/52080203.raw
52080723,1715887,2026-04-27T00:19:29.340Z,own opt 197 313 316 342 358 204 138 local 6200.71 sha 8640,submission.zip,2194.59,2194.59,COMPLETE,keithtyser,keithtyser,/goal win silver medal,/submissions/52080723/52080723.raw
52081588,1894130,2026-04-27T00:57:51.037Z,hybrid wrap 249/400 local 7730.05 sha 1b64,submission.zip,1122.65,1122.65,COMPLETE,keithtyser,keithtyser,/goal win silver medal,/submissions/52081588/52081588.raw
52082008,1904850,2026-04-27T01:18:58.970Z,quad hybrid v1+v3+v4 local 7918.29 sha 4f87,submission.zip,1010.43,1010.43,COMPLETE,keithtyser,keithtyser,/goal win silver medal,/submissions/52082008/52082008.raw
52082995,1914601,2026-04-27T02:03:02.053Z,quint hybrid v1+v3+v4+v5 local 7949.44 sha 06bc,submission.zip,984.14,984.14,COMPLETE,keithtyser,keithtyser,/goal win silver medal,/submissions/52082995/52082995.raw
52083199,3358765,2026-04-27T02:13:12.700Z,octet hybrid v1+v3+v4+v5 + LB794/1388 wrapped local 8141.44 sha 3c6b,submission.zip,754.39,754.39,COMPLETE,keithtyser,keithtyser,/goal win silver medal,/submissions/52083199/52083199.raw
52083584,2193135,2026-04-27T02:28:48.280Z,mega hybrid 27 sources local 8290.56 sha 303b,submission.zip,610.66,610.66,COMPLETE,keithtyser,keithtyser,/goal win silver medal,/submissions/52083584/52083584.raw
52084153,2145318,2026-04-27T02:53:43.113Z,mega2 hybrid local 8296.74 sha 2919,submission.zip,572.22,572.22,COMPLETE,keithtyser,keithtyser,/goal win silver medal,/submissions/52084153/52084153.raw
52084862,2126653,2026-04-27T03:25:10.430Z,super1: mega2 + 9 custom solvers local 8370.40 sha fcc9,submission.zip,527.94,527.94,COMPLETE,keithtyser,keithtyser,/goal win silver medal,/submissions/52084862/52084862.raw
52084912,2116445,2026-04-27T03:27:32.753Z,super2: mega2 + 13 custom solvers local 8390.67 sha bcc1,submission.zip,512.13,512.13,COMPLETE,keithtyser,keithtyser,/goal win silver medal,/submissions/52084912/52084912.raw
52085090,2115444,2026-04-27T03:35:10.043Z,super3: mega2 + 21 customs local 8466.49 sha 522c,submission.zip,470.67,470.67,COMPLETE,keithtyser,keithtyser,/goal win silver medal,/submissions/52085090/52085090.raw
52085255,2116637,2026-04-27T03:41:30.717Z,super4: 81 customs local TBD,submission.zip,457.15,457.15,COMPLETE,keithtyser,keithtyser,/goal win silver medal,/submissions/52085255/52085255.raw
52085327,2116551,2026-04-27T03:45:15.423Z,super5: 90 customs,submission.zip,457.15,457.15,COMPLETE,keithtyser,keithtyser,/goal win silver medal,/submissions/52085327/52085327.raw
52085407,2115975,2026-04-27T03:49:06.763Z,super6: more customs,submission.zip,443.58,443.58,COMPLETE,keithtyser,keithtyser,/goal win silver medal,/submissions/52085407/52085407.raw
52085691,2816448,2026-04-27T04:02:04.740Z,super7 with task173+074 memo solvers,submission.zip,418.25,418.25,COMPLETE,keithtyser,keithtyser,/goal win silver medal,/submissions/52085691/52085691.raw
52085734,2937947,2026-04-27T04:03:36.417Z,super8 + task080+158 memo,submission.zip,393.32,393.32,COMPLETE,keithtyser,keithtyser,/goal win silver medal,/submissions/52085734/52085734.raw
52085981,2944217,2026-04-27T04:15:13.077Z,super9 + task330+349 generalizing,submission.zip,380.88,380.88,COMPLETE,keithtyser,keithtyser,/goal win silver medal,/submissions/52085981/52085981.raw
52086321,19557213,2026-04-27T04:29:26.380Z,super10 wave2-A 15 memo,submission.zip,44.86,44.86,COMPLETE,keithtyser,keithtyser,/goal win silver medal,/submissions/52086321/52086321.raw
52086545,21166263,2026-04-27T04:37:16.330Z,super11 with 242 customs,submission.zip,0.00,0.00,COMPLETE,keithtyser,keithtyser,/goal win silver medal,/submissions/52086545/52086545.raw
52086648,2116071,2026-04-27T04:41:13.920Z,"clean1: only generalizing customs, no memo",submission.zip,444.65,444.65,COMPLETE,keithtyser,keithtyser,/goal win silver medal,/submissions/52086648/52086648.raw
52086966,2130201,2026-04-27T04:56:12.907Z,clean2: clean1 + task017 rule-space,submission.zip,386.59,386.59,COMPLETE,keithtyser,keithtyser,/goal win silver medal,/submissions/52086966/52086966.raw
52087014,2133362,2026-04-27T04:59:14.870Z,clean3: + wave G generalizing,submission.zip,386.59,386.59,COMPLETE,keithtyser,keithtyser,/goal win silver medal,/submissions/52087014/52087014.raw
52087038,2133362,2026-04-27T05:00:35.210Z,clean4 + wave F generalizing,submission.zip,386.59,386.59,COMPLETE,keithtyser,keithtyser,/goal win silver medal,/submissions/52087038/52087038.raw
52087056,2132927,2026-04-27T05:01:48.160Z,clean5 + wave C generalizing,submission.zip,386.59,386.59,COMPLETE,keithtyser,keithtyser,/goal win silver medal,/submissions/52087056/52087056.raw
52087094,2133114,2026-04-27T05:03:12.430Z,clean6 + wave H,submission.zip,386.59,386.59,COMPLETE,keithtyser,keithtyser,/goal win silver medal,/submissions/52087094/52087094.raw
52087128,2133851,2026-04-27T05:05:06.587Z,clean7 + wave E,submission.zip,386.59,386.59,COMPLETE,keithtyser,keithtyser,/goal win silver medal,/submissions/52087128/52087128.raw
52087290,2133731,2026-04-27T05:13:18.607Z,clean8 + wave B (008+030),submission.zip,386.59,386.59,COMPLETE,keithtyser,keithtyser,/goal win silver medal,/submissions/52087290/52087290.raw
52087314,2133731,2026-04-27T05:14:44.887Z,clean9 + wave D,submission.zip,386.59,386.59,COMPLETE,keithtyser,keithtyser,/goal win silver medal,/submissions/52087314/52087314.raw
52088250,2133264,2026-04-27T05:55:42.173Z,clean10 + task065,submission.zip,328.24,328.24,COMPLETE,keithtyser,keithtyser,/goal win silver medal,/submissions/52088250/52088250.raw
52088305,2133877,2026-04-27T05:58:03.860Z,clean11 + 106+109,submission.zip,328.24,328.24,COMPLETE,keithtyser,keithtyser,/goal win silver medal,/submissions/52088305/52088305.raw
52088513,2161254,2026-04-27T06:08:51.503Z,clean12 + task371,submission.zip,314.69,314.69,COMPLETE,keithtyser,keithtyser,/goal win silver medal,/submissions/52088513/52088513.raw
52088595,2159697,2026-04-27T06:12:38.660Z,clean13 + 369+391,submission.zip,301.60,301.60,COMPLETE,keithtyser,keithtyser,/goal win silver medal,/submissions/52088595/52088595.raw
52088636,2160915,2026-04-27T06:14:30.770Z,clean14 + 195+203+204+215+217,submission.zip,286.73,286.73,COMPLETE,keithtyser,keithtyser,/goal win silver medal,/submissions/52088636/52088636.raw
52089040,2159004,2026-04-27T06:33:58.917Z,clean15 + 79+93+115+134+165,submission.zip,258.69,258.69,COMPLETE,keithtyser,keithtyser,/goal win silver medal,/submissions/52089040/52089040.raw
52097175,2163159,2026-04-27T11:51:28.443Z,clean16 + 384 generalizing,submission.zip,258.69,258.69,COMPLETE,keithtyser,keithtyser,/goal win silver medal,/submissions/52097175/52097175.raw
52097418,2130070,2026-04-27T12:00:47.040Z,clean17 + 21+91+19+137,submission.zip,300.83,300.83,COMPLETE,keithtyser,keithtyser,/goal win silver medal,/submissions/52097418/52097418.raw
52097456,2157923,2026-04-27T12:02:15.367Z,clean17b: clean16 base + better customs only,submission.zip,258.69,258.69,COMPLETE,keithtyser,keithtyser,/goal win silver medal,/submissions/52097456/52097456.raw
52097538,2158910,2026-04-27T12:05:17.543Z,clean18 base17b + 353,submission.zip,258.69,258.69,COMPLETE,keithtyser,keithtyser,/goal win silver medal,/submissions/52097538/52097538.raw
52097574,2158910,2026-04-27T12:06:58.040Z,clean19 + 249,submission.zip,258.69,258.69,COMPLETE,keithtyser,keithtyser,/goal win silver medal,/submissions/52097574/52097574.raw
52097932,2157807,2026-04-27T12:20:08.663Z,clean20 + wave3 group0 8x25,submission.zip,258.69,258.69,COMPLETE,keithtyser,keithtyser,/goal win silver medal,/submissions/52097932/52097932.raw
52098323,2145825,2026-04-27T12:35:33.587Z,clean21 + 074,submission.zip,246.08,246.08,COMPLETE,keithtyser,keithtyser,/goal win silver medal,/submissions/52098323/52098323.raw
52098524,2149480,2026-04-27T12:43:25.583Z,clean22 memo-detection filter,submission.zip,246.08,246.08,COMPLETE,keithtyser,keithtyser,/goal win silver medal,/submissions/52098524/52098524.raw
52098561,2116906,2026-04-27T12:44:53.303Z,clean23 memo-free from mega2,submission.zip,288.22,288.22,COMPLETE,keithtyser,keithtyser,/goal win silver medal,/submissions/52098561/52098561.raw
52098726,2106091,2026-04-27T12:50:23.013Z,clean24 + 051+284,submission.zip,274.40,274.40,COMPLETE,keithtyser,keithtyser,/goal win silver medal,/submissions/52098726/52098726.raw
52099400,2111793,2026-04-27T13:14:17.387Z,clean25 + 8 fresh 25s,submission.zip,260.33,260.33,COMPLETE,keithtyser,keithtyser,/goal win silver medal,/submissions/52099400/52099400.raw
52099496,2111793,2026-04-27T13:17:52.580Z,clean26 + 10 fresh 25s,submission.zip,260.33,260.33,COMPLETE,keithtyser,keithtyser,/goal win silver medal,/submissions/52099496/52099496.raw
52100010,2111767,2026-04-27T13:34:38.563Z,clean27 + 10 fresh 25s batch B,submission.zip,260.33,260.33,COMPLETE,keithtyser,keithtyser,/goal win silver medal,/submissions/52100010/52100010.raw
52103725,2127409,2026-04-27T15:34:24.370Z,clean28 + wave A 003 25,submission.zip,245.09,245.09,COMPLETE,keithtyser,keithtyser,/goal win silver medal,/submissions/52103725/52103725.raw
52104457,2138716,2026-04-27T15:56:59.207Z,clean29 + 321+384+394,submission.zip,245.09,245.09,COMPLETE,keithtyser,keithtyser,/goal win silver medal,/submissions/52104457/52104457.raw
52105504,2143673,2026-04-27T16:31:36.673Z,clean30 + 201 wrap,submission.zip,245.09,245.09,COMPLETE,keithtyser,keithtyser,/goal win silver medal,/submissions/52105504/52105504.raw
52105598,2137791,2026-04-27T16:34:06.993Z,clean31 + 250+351,submission.zip,217.26,217.26,COMPLETE,keithtyser,keithtyser,/goal win silver medal,/submissions/52105598/52105598.raw
52105676,2140602,2026-04-27T16:36:35.077Z,clean32 + 049,submission.zip,217.26,217.26,COMPLETE,keithtyser,keithtyser,/goal win silver medal,/submissions/52105676/52105676.raw
52105749,2140602,2026-04-27T16:39:21.153Z,clean33 + 215,submission.zip,217.26,217.26,COMPLETE,keithtyser,keithtyser,/goal win silver medal,/submissions/52105749/52105749.raw
52105834,2140602,2026-04-27T16:42:08.367Z,clean34 + g2 small wins,submission.zip,217.26,217.26,COMPLETE,keithtyser,keithtyser,/goal win silver medal,/submissions/52105834/52105834.raw
52106517,2141148,2026-04-27T17:05:43.230Z,clean35 + 6 fresh 25s g0,submission.zip,217.26,217.26,COMPLETE,keithtyser,keithtyser,/goal win silver medal,/submissions/52106517/52106517.raw
52106655,2141305,2026-04-27T17:11:21.323Z,clean36 + g3 small wins,submission.zip,217.26,217.26,COMPLETE,keithtyser,keithtyser,/goal win silver medal,/submissions/52106655/52106655.raw
52110464,2144637,2026-04-27T19:54:33.600Z,clean37 incremental,submission.zip,230.31,230.31,COMPLETE,keithtyser,keithtyser,/goal win silver medal,/submissions/52110464/52110464.raw
52110535,2144878,2026-04-27T19:57:21.680Z,clean38 + g0 generalizing,submission.zip,214.34,214.34,COMPLETE,keithtyser,keithtyser,/goal win silver medal,/submissions/52110535/52110535.raw
52110744,2146027,2026-04-27T20:06:37.390Z,clean39 + 217+291,submission.zip,185.79,185.79,COMPLETE,keithtyser,keithtyser,/goal win silver medal,/submissions/52110744/52110744.raw
52110856,2146926,2026-04-27T20:11:45.610Z,clean40 + 020+159+281+376,submission.zip,172.98,172.98,COMPLETE,keithtyser,keithtyser,/goal win silver medal,/submissions/52110856/52110856.raw
52111020,2146926,2026-04-27T20:21:46.327Z,clean41 + 027,submission.zip,172.98,172.98,COMPLETE,keithtyser,keithtyser,/goal win silver medal,/submissions/52111020/52111020.raw
52111691,2154245,2026-04-27T20:54:30.823Z,clean42 + 204+271+340,submission.zip,172.98,172.98,COMPLETE,keithtyser,keithtyser,/goal win silver medal,/submissions/52111691/52111691.raw
52111742,2154245,2026-04-27T20:56:24.923Z,clean43 + 357,submission.zip,172.98,172.98,COMPLETE,keithtyser,keithtyser,/goal win silver medal,/submissions/52111742/52111742.raw
52112626,2182068,2026-04-27T21:45:00.610Z,clean44 + 143,submission.zip,132.94,132.94,COMPLETE,keithtyser,keithtyser,/goal win silver medal,/submissions/52112626/52112626.raw
52112767,2188216,2026-04-27T21:56:27.033Z,clean45 + 009+064,submission.zip,132.94,132.94,COMPLETE,keithtyser,keithtyser,/goal win silver medal,/submissions/52112767/52112767.raw
52112794,2194921,2026-04-27T21:58:24.963Z,clean46 + 6 fresh 25s g0,submission.zip,132.94,132.94,COMPLETE,keithtyser,keithtyser,/goal win silver medal,/submissions/52112794/52112794.raw
52112814,2198472,2026-04-27T22:00:29.703Z,clean47 + 089+383,submission.zip,119.28,119.28,COMPLETE,keithtyser,keithtyser,/goal win silver medal,/submissions/52112814/52112814.raw
52112833,2198568,2026-04-27T22:02:26.900Z,clean48 + 153+178,submission.zip,91.80,91.80,COMPLETE,keithtyser,keithtyser,/goal win silver medal,/submissions/52112833/52112833.raw
52112913,2212849,2026-04-27T22:09:11.260Z,clean49 + wave7 small wins,submission.zip,91.80,91.80,COMPLETE,keithtyser,keithtyser,/goal win silver medal,/submissions/52112913/52112913.raw
52112936,2212849,2026-04-27T22:11:10.870Z,"clean50 + 12 fresh 25s waves 3,6,9,12",submission.zip,91.80,91.80,COMPLETE,keithtyser,keithtyser,/goal win silver medal,/submissions/52112936/52112936.raw
52113031,2212389,2026-04-27T22:19:29.690Z,clean51 + 238+263+264,submission.zip,78.14,78.14,COMPLETE,keithtyser,keithtyser,/goal win silver medal,/submissions/52113031/52113031.raw
52113116,2212389,2026-04-27T22:29:47.517Z,clean52 + 324+328+355,submission.zip,78.14,78.14,COMPLETE,keithtyser,keithtyser,/goal win silver medal,/submissions/52113116/52113116.raw
52113608,2217609,2026-04-27T23:07:42.803Z,clean53 +076+080+096+101 +308+365,submission.zip,50.85,50.85,COMPLETE,keithtyser,keithtyser,/goal win silver medal,/submissions/52113608/52113608.raw
52113709,2217609,2026-04-27T23:13:21.983Z,clean54 +173+191+195+208,submission.zip,50.85,50.85,COMPLETE,keithtyser,keithtyser,/goal win silver medal,/submissions/52113709/52113709.raw
52113779,2217609,2026-04-27T23:16:06.483Z,clean55 + 300,submission.zip,50.85,50.85,COMPLETE,keithtyser,keithtyser,/goal win silver medal,/submissions/52113779/52113779.raw
52113828,2218773,2026-04-27T23:20:10.293Z,clean56 + 213+218,submission.zip,50.85,50.85,COMPLETE,keithtyser,keithtyser,/goal win silver medal,/submissions/52113828/52113828.raw
52113858,2218495,2026-04-27T23:22:15.667Z,clean57 + 154+263,submission.zip,50.85,50.85,COMPLETE,keithtyser,keithtyser,/goal win silver medal,/submissions/52113858/52113858.raw
52114231,2224183,2026-04-27T23:46:26.357Z,clean58 + 117+124,submission.zip,50.85,50.85,COMPLETE,keithtyser,keithtyser,/goal win silver medal,/submissions/52114231/52114231.raw
52115184,2225111,2026-04-28T00:31:35.177Z,clean59 incremental,submission.zip,50.85,50.85,COMPLETE,keithtyser,keithtyser,/goal win silver medal,/submissions/52115184/52115184.raw
52115301,2233417,2026-04-28T00:36:31.410Z,clean60 + 118+119,submission.zip,37.81,37.81,COMPLETE,keithtyser,keithtyser,/goal win silver medal,/submissions/52115301/52115301.raw
52115366,2241416,2026-04-28T00:38:59.060Z,clean61 + 195+191,submission.zip,25.14,25.14,COMPLETE,keithtyser,keithtyser,/goal win silver medal,/submissions/52115366/52115366.raw
52115573,2286361,2026-04-28T00:47:29.660Z,clean62 + 308+319,submission.zip,12.42,12.42,COMPLETE,keithtyser,keithtyser,/goal win silver medal,/submissions/52115573/52115573.raw
52115747,2288280,2026-04-28T00:54:58.840Z,clean63 + 138 stricter memo filter,submission.zip,12.42,12.42,COMPLETE,keithtyser,keithtyser,/goal win silver medal,/submissions/52115747/52115747.raw
52115800,2288280,2026-04-28T00:57:22.297Z,clean64 + 208+255,submission.zip,12.42,12.42,COMPLETE,keithtyser,keithtyser,/goal win silver medal,/submissions/52115800/52115800.raw
52115838,2288280,2026-04-28T00:59:37.573Z,clean65 + 173+208+255,submission.zip,12.42,12.42,COMPLETE,keithtyser,keithtyser,/goal win silver medal,/submissions/52115838/52115838.raw
52115879,2241955,2026-04-28T01:02:06.350Z,clean66 reverted filter,submission.zip,0.00,0.00,COMPLETE,keithtyser,keithtyser,/goal win silver medal,/submissions/52115879/52115879.raw
52115919,2241955,2026-04-28T01:04:05.297Z,clean67 + 363+365,submission.zip,0.00,0.00,COMPLETE,keithtyser,keithtyser,/goal win silver medal,/submissions/52115919/52115919.raw
52115961,2241955,2026-04-28T01:06:23.313Z,clean68 fresh from custom_solvers,submission.zip,0.00,0.00,COMPLETE,keithtyser,keithtyser,/goal win silver medal,/submissions/52115961/52115961.raw
52116712,2241955,2026-04-28T01:45:42.023Z,clean69 + 054+066 generalizing,submission.zip,0.00,0.00,COMPLETE,keithtyser,keithtyser,/goal win silver medal,/submissions/52116712/52116712.raw
52116753,2241955,2026-04-28T01:47:51.633Z,clean70 small wins,submission.zip,0.00,0.00,COMPLETE,keithtyser,keithtyser,/goal win silver medal,/submissions/52116753/52116753.raw
52117666,2241955,2026-04-28T02:36:38.963Z,clean66 resubmit best,submission.zip,0.00,0.00,COMPLETE,keithtyser,keithtyser,/goal win silver medal,/submissions/52117666/52117666.raw
52118409,2293721,2026-04-28T03:10:37.080Z,task054+task263 cost1 patches v72 +7.90 local from clean70 (9839.84 local pred 9534 LB),submission.zip,0.00,0.00,COMPLETE,keithtyser,keithtyser,/goal win silver medal,/submissions/52118409/52118409.raw
52118529,2293554,2026-04-28T03:16:50.803Z,v73: t054+t263+t044+t018+t377 cost=1 patches; 9860.91 local pred 9555 LB,submission.zip,0.00,0.00,COMPLETE,keithtyser,keithtyser,/goal win silver medal,/submissions/52118529/52118529.raw
52118591,2294090,2026-04-28T03:19:56.667Z,v74 + t076 cost=1; 9872.38 local pred 9566 LB,submission.zip,0.00,0.00,COMPLETE,keithtyser,keithtyser,/goal win silver medal,/submissions/52118591/52118591.raw
52118964,2294204,2026-04-28T03:35:20.813Z,v75 + t377 cost=1; 9876.56 local,submission.zip,0.00,0.00,COMPLETE,keithtyser,keithtyser,/goal win silver medal,/submissions/52118964/52118964.raw
52119091,2294321,2026-04-28T03:40:49.993Z,v76 + t158 + t366; 9885.49 local,submission.zip,0.00,0.00,COMPLETE,keithtyser,keithtyser,/goal win silver medal,/submissions/52119091/52119091.raw
52119297,2295104,2026-04-28T03:50:20.330Z,v78 + t158 + t219; 9893.43 local,submission.zip,0.00,0.00,COMPLETE,keithtyser,keithtyser,/goal win silver medal,/submissions/52119297/52119297.raw
52119590,2302064,2026-04-28T04:04:13.763Z,"v79 + t366 + t219 cost=1, t158 t080 small; 9902.12 local",submission.zip,0.00,0.00,COMPLETE,keithtyser,keithtyser,/goal win silver medal,/submissions/52119590/52119590.raw
52119746,2302020,2026-04-28T04:12:23.150Z,v80 + t285; 9903.28 local,submission.zip,0.00,0.00,COMPLETE,keithtyser,keithtyser,/goal win silver medal,/submissions/52119746/52119746.raw
52120126,2303167,2026-04-28T04:26:48.747Z,v81 + t209; 9910.97 local,submission.zip,0.00,0.00,COMPLETE,keithtyser,keithtyser,/goal win silver medal,/submissions/52120126/52120126.raw
52120684,2301790,2026-04-28T04:50:58.450Z,v82 + t285 + t370 small improvements; 9913.00 local,submission.zip,0.00,0.00,COMPLETE,keithtyser,keithtyser,/goal win silver medal,/submissions/52120684/52120684.raw
52149275,1223596,2026-04-28T23:40:45.023Z,new metric: hybrid of safe baselines + dataset overlays; 5488 local,submission.zip,,,ERROR,keithtyser,keithtyser,/goal win silver medal,/submissions/52149275/52149275.raw
52149469,1060116,2026-04-28T23:54:08.623Z,clean-only safe baselines (NO public solvers); 5270 local,submission.zip,,,ERROR,keithtyser,keithtyser,/goal win silver medal,/submissions/52149469/52149469.raw
52149871,955242,2026-04-29T00:11:08.633Z,v3 correctness-checked safe baselines + identity fb; 5270 local,submission.zip,5304.10,5304.10,COMPLETE,keithtyser,keithtyser,/goal win silver medal,/submissions/52149871/52149871.raw
52150267,955517,2026-04-29T00:30:32.580Z,v5 fix t179/241 + task000; 5260 local,submission.zip,5254.10,5254.10,COMPLETE,keithtyser,keithtyser,/goal win silver medal,/submissions/52150267/52150267.raw
52150285,956687,2026-04-29T00:31:29.597Z,v6 conv1x1 for all identity/transpose; should not error,submission.zip,5254.10,5254.10,COMPLETE,keithtyser,keithtyser,/goal win silver medal,/submissions/52150285/52150285.raw
52150630,1260489,2026-04-29T00:47:00.143Z,v7 wide search excluding memo + conv1x1 fallback; 5486 local,submission.zip,5222.05,5222.05,COMPLETE,keithtyser,keithtyser,/goal win silver medal,/submissions/52150630/52150630.raw
52150733,956687,2026-04-29T00:51:56.550Z,v8 PURE safe baselines (no public),submission.zip,5254.10,5254.10,COMPLETE,keithtyser,keithtyser,/goal win silver medal,/submissions/52150733/52150733.raw
52150970,1259026,2026-04-29T01:04:02.123Z,v9 wide source search; 5500 local,submission.zip,5236.26,5236.26,COMPLETE,keithtyser,keithtyser,/goal win silver medal,/submissions/52150970/52150970.raw
52151085,1140476,2026-04-29T01:11:03.450Z,v10 wider source search; 5526 local,submission.zip,5234.81,5234.81,COMPLETE,keithtyser,keithtyser,/goal win silver medal,/submissions/52151085/52151085.raw
52151308,1084989,2026-04-29T01:20:08.110Z,v11 from v4 wider search 5671 local,submission.zip,5290.70,5290.70,COMPLETE,keithtyser,keithtyser,/goal win silver medal,/submissions/52151308/52151308.raw
52151613,984306,2026-04-29T01:35:00.663Z,v12 prefer-ours over public; 382 ours + 16 public + 5 fb,submission.zip,5378.48,5378.48,COMPLETE,keithtyser,keithtyser,/goal win silver medal,/submissions/52151613/52151613.raw
52151841,1123747,2026-04-29T01:47:40.817Z,v13 swap to public if cost < 50% ours,submission.zip,5301.74,5301.74,COMPLETE,keithtyser,keithtyser,/goal win silver medal,/submissions/52151841/52151841.raw
52152087,984306,2026-04-29T01:59:54.603Z,v14 retry v12 with bigger public pool,submission.zip,5378.48,5378.48,COMPLETE,keithtyser,keithtyser,/goal win silver medal,/submissions/52152087/52152087.raw
52152636,984306,2026-04-29T02:28:49.613Z,v17 same as v12,submission.zip,5378.48,5378.48,COMPLETE,keithtyser,keithtyser,/goal win silver medal,/submissions/52152636/52152636.raw
52152656,1141752,2026-04-29T02:29:09.093Z,v18 swap when public scores higher,submission.zip,5245.64,5245.64,COMPLETE,keithtyser,keithtyser,/goal win silver medal,/submissions/52152656/52152656.raw
52152988,991708,2026-04-29T02:42:39.823Z,v19 strict-replace 6 failing tasks; 5462 local,submission.zip,5477.70,5477.70,COMPLETE,keithtyser,keithtyser,/goal win silver medal,/submissions/52152988/52152988.raw
52153070,991732,2026-04-29T02:46:28.220Z,v20 strict replacements + conv_id for Transpose tasks,submission.zip,5427.70,5427.70,COMPLETE,keithtyser,keithtyser,/goal win silver medal,/submissions/52153070/52153070.raw
52153296,993423,2026-04-29T02:54:04.793Z,v21 strict replace 4 more tasks,submission.zip,5459.57,5459.57,COMPLETE,keithtyser,keithtyser,/goal win silver medal,/submissions/52153296/52153296.raw
52155988,984750,2026-04-29T04:36:11.057Z,v22 strict-pass swaps from chunks 2-4 (213 swaps),submission.zip,5548.58,5548.58,COMPLETE,keithtyser,keithtyser,/goal win silver medal,/submissions/52155988/52155988.raw
52157546,965633,2026-04-29T05:42:57.920Z,v23 + chunks 1b/c/d strict swaps,submission.zip,5560.85,5560.85,COMPLETE,keithtyser,keithtyser,/goal win silver medal,/submissions/52157546/52157546.raw
52157621,968840,2026-04-29T05:46:03.813Z,v24 + chunk 1aa-1ae strict swaps,submission.zip,5569.80,5569.80,COMPLETE,keithtyser,keithtyser,/goal win silver medal,/submissions/52157621/52157621.raw
52158556,965578,2026-04-29T06:21:49.460Z,v27 with thisray source +3 swaps,submission.zip,5574.67,5574.67,COMPLETE,keithtyser,keithtyser,/goal win silver medal,/submissions/52158556/52158556.raw
52159875,965466,2026-04-29T07:19:24.433Z,v28 jazivxt + konbu_5126 swaps,submission.zip,5577.93,5577.93,COMPLETE,keithtyser,keithtyser,/goal win silver medal,/submissions/52159875/52159875.raw
52160053,966240,2026-04-29T07:25:51.187Z,v29 +new sources,submission.zip,5578.83,5578.83,COMPLETE,keithtyser,keithtyser,/goal win silver medal,/submissions/52160053/52160053.raw
52168218,966240,2026-04-29T12:41:59.190Z,v30 task002+task061 strict-pass solvers,submission.zip,5578.83,5578.83,COMPLETE,keithtyser,keithtyser,/goal win silver medal,/submissions/52168218/52168218.raw
52188453,928908,2026-04-30T03:32:35.130Z,"v31 + custom task366 (cost 21M→588k, score 8.13→11.71)",submission.zip,5578.83,5578.83,COMPLETE,keithtyser,keithtyser,/goal win silver medal,/submissions/52188453/52188453.raw
52189889,928358,2026-04-30T04:26:33.290Z,"v32 + custom task066, task367, task319 (+6.03 expected)",submission.zip,5543.12,5543.12,COMPLETE,keithtyser,keithtyser,/goal win silver medal,/submissions/52189889/52189889.raw
52189961,929310,2026-04-30T04:29:37.087Z,v33: only task066 swap,submission.zip,5568.18,5568.18,COMPLETE,keithtyser,keithtyser,/goal win silver medal,/submissions/52189961/52189961.raw
52190018,922407,2026-04-30T04:32:46.787Z,v34: only task367 swap,submission.zip,5567.04,5567.04,COMPLETE,keithtyser,keithtyser,/goal win silver medal,/submissions/52190018/52190018.raw
52190061,934457,2026-04-30T04:35:18.827Z,v35: only task319 swap,submission.zip,5565.57,5565.57,COMPLETE,keithtyser,keithtyser,/goal win silver medal,/submissions/52190061/52190061.raw
52190115,928908,2026-04-30T04:38:07.827Z,Revert to v31 best (5562.79),submission.zip,5578.83,5578.83,COMPLETE,keithtyser,keithtyser,/goal win silver medal,/submissions/52190115/52190115.raw
52192211,1037142,2026-04-30T06:13:08.490Z,"v36 jazivxt clean overlay (28 swaps, expected +39.15 vs v31)",submission.zip,5291.16,5291.16,COMPLETE,keithtyser,keithtyser,/goal win silver medal,/submissions/52192211/52192211.raw
52192272,928908,2026-04-30T06:15:24.000Z,Revert to v31 (v36 jazivxt overlay dropped LB -275.76; stored-pair gate insufficient),submission.zip,5578.83,5578.83,COMPLETE,keithtyser,keithtyser,/goal win silver medal,/submissions/52192272/52192272.raw
52192994,939948,2026-04-30T06:46:19.990Z,"v37 onnxsim optimizations (9 exact-equivalent swaps, expected +1.12)",submission.zip,5579.95,5579.95,COMPLETE,keithtyser,keithtyser,/goal win silver medal,/submissions/52192994/52192994.raw
52193188,961639,2026-04-30T06:54:06.680Z,"v38 onnxsim full sweep (119 verified exact-equivalent swaps, expected +10.92 vs v31)",submission.zip,5588.83,5588.83,COMPLETE,keithtyser,keithtyser,/goal win silver medal,/submissions/52193188/52193188.raw
52193520,968746,2026-04-30T07:05:59.240Z,"v39 v38 + konbu_429 task185 + svan_v2 task117 (verified, expected +0.78)",submission.zip,5588.46,5588.46,COMPLETE,keithtyser,keithtyser,/goal win silver medal,/submissions/52193520/52193520.raw
52194629,968721,2026-04-30T07:47:11.250Z,v40 probe: task241 pure Transpose (cost 0) - testing if math.log fix landed,submission.zip,5598.95,5598.95,COMPLETE,keithtyser,keithtyser,/goal win silver medal,/submissions/52194629/52194629.raw
52203837,968583,2026-04-30T13:30:56.773Z,v40 probe task179: pure Transpose (cost 0) - testing if all Transpose-only banned,submission.zip,5595.05,5595.05,COMPLETE,keithtyser,keithtyser,/goal win silver medal,/submissions/52203837/52203837.raw
52203982,968771,2026-04-30T13:35:45.513Z,"v41: v39 + task241 bool-intermediate Transpose (cost 18000, expected +0.69)",submission.zip,5589.15,5589.15,COMPLETE,keithtyser,keithtyser,/goal win silver medal,/submissions/52203982/52203982.raw
52204163,968860,2026-04-30T13:41:26.460Z,v42: v39 + bool-intermediate task241+task108+task211 (expected +2.05),submission.zip,5590.51,5590.51,COMPLETE,keithtyser,keithtyser,/goal win silver medal,/submissions/52204163/52204163.raw
52204551,968548,2026-04-30T13:55:11.893Z,v43: v42 + auto-bool task081 + task312 (expected +1.34),submission.zip,5592.47,5592.47,COMPLETE,keithtyser,keithtyser,/goal win silver medal,/submissions/52204551/52204551.raw
52204694,968497,2026-04-30T13:59:49.293Z,v44: v43 + auto-bool task022 (expected +0.38),submission.zip,5592.94,5592.94,COMPLETE,keithtyser,keithtyser,/goal win silver medal,/submissions/52204694/52204694.raw
52207018,966925,2026-04-30T15:20:30.067Z,v45: v44 + konbu17/4-30-clean 6 swaps (expected +3.69),submission.zip,5597.45,5597.45,COMPLETE,keithtyser,keithtyser,/goal win silver medal,/submissions/52207018/52207018.raw
52209133,967025,2026-04-30T16:34:53.533Z,"v46: v45 + task030 custom solver (Gather-based vertical alignment, cost 614k->102k, expected +1.79)",submission.zip,5598.64,5598.64,COMPLETE,keithtyser,keithtyser,/goal win silver medal,/submissions/52209133/52209133.raw
52209259,967302,2026-04-30T16:39:07.963Z,"v47: v46 + task047 custom (cross from cyan/orange dots, cost 267k->108k, +0.90)",submission.zip,5598.98,5598.98,COMPLETE,keithtyser,keithtyser,/goal win silver medal,/submissions/52209259/52209259.raw
52214666,966977,2026-04-30T20:22:29.610Z,"hybrid_v59: v47 base + 13 custom ONNX solvers (task094, task050, task166, task246, task147, task070, task081, task093, task212, task344, task199, task350, task303). Expected +10.86 LB.",submission.zip,5607.22,5607.22,COMPLETE,keithtyser,keithtyser,/goal win silver medal,/submissions/52214666/52214666.raw
52214835,967147,2026-04-30T20:31:05.853Z,"v60 bisect: v47 + only 3 simplest custom solvers (task094, task147, task344). Expected +2.07 LB. Testing if simple bool-cast solvers work on Kaggle hidden test.",submission.zip,5601.04,5601.04,COMPLETE,keithtyser,keithtyser,/goal win silver medal,/submissions/52214835/52214835.raw
52215084,970077,2026-04-30T20:42:43.847Z,"v61: v59 + replace 5 Compress-using tasks (task037,061,274,374,399) with non-Compress alternatives (Kaggle now blocks Compress). Expected ~+65 LB recovery + my 13 v59 swaps gain.",submission.zip,5677.49,5677.49,COMPLETE,keithtyser,keithtyser,/goal win silver medal,/submissions/52215084/52215084.raw
52220183,964246,2026-05-01T01:27:55.800Z,hybrid_v68 stack 7,submission.zip,5668.43,5668.43,COMPLETE,keithtyser,keithtyser,/goal win silver medal,/submissions/52220183/52220183.raw
52220433,938900,2026-05-01T01:42:19.533Z,hybrid_v69: v68+task084,submission.zip,5668.83,5668.83,COMPLETE,keithtyser,keithtyser,/goal win silver medal,/submissions/52220433/52220433.raw
52223922,947355,2026-05-01T04:43:36.077Z,hybrid_v70: v69 + Slice gate exploit on 50/401 models (Pavel discussion 695230),submission.zip,5656.47,5656.47,COMPLETE,keithtyser,keithtyser,/goal win silver medal,/submissions/52223922/52223922.raw
52224896,947355,2026-05-01T05:25:56.047Z,AB-test: v70 with task037=always_zero (cost 9k score 15.89),submission.zip,5656.47,5656.47,COMPLETE,keithtyser,keithtyser,/goal win silver medal,/submissions/52224896/52224896.raw
52224910,945940,2026-05-01T05:26:23.493Z,AB-test-real: v70 with task037=always_zero,submission.zip,5644.15,5644.15,COMPLETE,keithtyser,keithtyser,/goal win silver medal,/submissions/52224910/52224910.raw
52225267,6024551,2026-05-01T05:41:57.543Z,"v71: force gate ALL 401 models (local 5436, predict worse vs v70 5605)",submission.zip,5385.77,5385.77,COMPLETE,keithtyser,keithtyser,/goal win silver medal,/submissions/52225267/52225267.raw
52226048,5573025,2026-05-01T06:09:42.630Z,v72: v70 with 12 memorization tasks (0% fresh pass) replaced by always_zero. Local 5712. If gap=memorization Kaggle stays ~5605; if not Kaggle drops ~144,submission.zip,5516.70,5516.70,COMPLETE,keithtyser,keithtyser,/goal win silver medal,/submissions/52226048/52226048.raw
52226443,5905553,2026-05-01T06:23:50.540Z,v73: v70 with task366 (only stored-verify failure) replaced by always_zero. Tests if 366 was scoring 0 on Kaggle (no change predicted) or 11.72,submission.zip,5656.47,5656.47,COMPLETE,keithtyser,keithtyser,/goal win silver medal,/submissions/52226443/52226443.raw
52226450,5376762,2026-05-01T06:23:59.567Z,"v74: v70 with TOP 5 most expensive solvers (66,18,233,219,76) -> always_zero. If they pass Kaggle: drop ~55. If failing already: ~no change",submission.zip,5611.37,5611.37,COMPLETE,keithtyser,keithtyser,/goal win silver medal,/submissions/52226450/52226450.raw
52226954,5664073,2026-05-01T06:43:42.373Z,v75: v70 with task096 + task209 (0% fresh ARC-GEN) -> always_zero. Tests if Kaggle uses fresh (gain) or stored (drop),submission.zip,5656.47,5656.47,COMPLETE,keithtyser,keithtyser,/goal win silver medal,/submissions/52226954/52226954.raw
52227330,5528326,2026-05-01T06:57:10.720Z,v76: v70 with 8 partial-fail tasks (90-98% fresh) -> always_zero. Tests how Kaggle handles partial pass,submission.zip,5579.48,5579.48,COMPLETE,keithtyser,keithtyser,/goal win silver medal,/submissions/52227330/52227330.raw
52244439,6007124,2026-05-01T19:07:45.603Z,v77: v70 with task366 patched (memorized train[0] failure). Unlocks 11.58 LB if Kaggle scores task366 on stored READY=True,submission.zip,5668.31,5668.31,COMPLETE,keithtyser,keithtyser,/goal win silver medal,/submissions/52244439/52244439.raw
52244585,7455204,2026-05-01T19:17:29.960Z,"v78: v77 + task096/task209 fresh-mem patches (N=10 seeds 0-9). If Kaggle hidden test uses similar seeds, gain ~22 LB; else no change",submission.zip,5668.31,5668.31,COMPLETE,keithtyser,keithtyser,/goal win silver medal,/submissions/52244585/52244585.raw
52244682,13249120,2026-05-01T19:23:05.347Z,"v79: v77 + task096+task209 N=50 fresh-mem patches (seeds 0-49). If Kaggle hits any seed 0-49, gain ~9 LB per task.",submission.zip,5668.31,5668.31,COMPLETE,keithtyser,keithtyser,/goal win silver medal,/submissions/52244682/52244682.raw
52244833,14696184,2026-05-01T19:32:29.137Z,"v80: v77 + task096+task209 diverse memorize (60 seeds across decades 0,100,1k,10k,100k,1M)",submission.zip,5668.31,5668.31,COMPLETE,keithtyser,keithtyser,/goal win silver medal,/submissions/52244833/52244833.raw
52244902,7454988,2026-05-01T19:38:23.630Z,"v81b: v77 + task096+task209 N=10 diverse seeds [0,100,1k,10k,100k,1M,10M,100M,50,500] - within 1.44MB filesize limit",submission.zip,5668.31,5668.31,COMPLETE,keithtyser,keithtyser,/goal win silver medal,/submissions/52244902/52244902.raw
52245030,6586867,2026-05-01T19:47:04.980Z,v82: v77 + partial-fail patches for task002/023/118/158/219 (memorize fresh fails seeds 0-49). Tests if Kaggle uses binary threshold or proportional credit,submission.zip,5666.63,5666.63,COMPLETE,keithtyser,keithtyser,/goal win silver medal,/submissions/52245030/52245030.raw
52247002,1039480,2026-05-01T22:22:04.530Z,"v83: old root high-local 5746 + v77 task366, local 5757.91/400; high-upside public probe vs v77 5617.29",submission.zip,2637.76,2637.76,COMPLETE,keithtyser,keithtyser,/goal win silver medal,/submissions/52247002/52247002.raw
52247039,934181,2026-05-01T22:25:55.637Z,"v84: v77 + push7000 task192 cheaper exact model, local +3.02 vs v77 (5468.82 total)",submission.zip,5655.16,5655.16,COMPLETE,keithtyser,keithtyser,/goal win silver medal,/submissions/52247039/52247039.raw
52247075,934104,2026-05-01T22:29:19.963Z,"v85: v77 + archive_extra task166 cheaper exact model, local +6.45; fresh64 pass",submission.zip,5653.60,5653.60,COMPLETE,keithtyser,keithtyser,/goal win silver medal,/submissions/52247075/52247075.raw
52247237,941624,2026-05-01T22:45:47.773Z,v87: v77 + generator-faithful analytic task096 replacing likely public-zero compact model; fresh256 pass,submission.zip,5680.35,5680.35,COMPLETE,keithtyser,keithtyser,/goal win silver medal,/submissions/52247237/52247237.raw
52247276,965300,2026-05-01T22:49:38.670Z,"v89: v87 plus analytic task209; task096/task209 fresh256 each, recover likely public-zero slots",submission.zip,5680.35,5680.35,COMPLETE,keithtyser,keithtyser,/goal win silver medal,/submissions/52247276/52247276.raw
52247314,942120,2026-05-01T22:53:47.867Z,"v90: v87 + task066 run model, local +2.14, fresh255/256; isolated public probe",submission.zip,5682.44,5682.44,COMPLETE,keithtyser,keithtyser,/goal win silver medal,/submissions/52247314/52247314.raw
52247368,941523,2026-05-01T22:57:40.777Z,"v92: v87 + task093 clean run model, local +0.695, fresh128 pass, no Compress/ReduceMin",submission.zip,5667.00,5667.00,COMPLETE,keithtyser,keithtyser,/goal win silver medal,/submissions/52247368/52247368.raw
52247380,941521,2026-05-01T22:59:03.583Z,"v93: v87 + task136 clean run model, local +0.688, fresh128 pass, no Compress/ReduceMin",submission.zip,5666.75,5666.75,COMPLETE,keithtyser,keithtyser,/goal win silver medal,/submissions/52247380/52247380.raw
52247406,941466,2026-05-01T23:01:40.943Z,"v94: v87 + generator-faithful task037 run model; local drop but fresh256 pass, public-zero recovery probe",submission.zip,5680.47,5680.47,COMPLETE,keithtyser,keithtyser,/goal win silver medal,/submissions/52247406/52247406.raw
52247442,966652,2026-05-01T23:05:58.213Z,"v95: v87 + unwrapped generator-faithful task209 (no Compress), fresh256 pass; retry public-zero recovery",submission.zip,5691.18,5691.18,COMPLETE,keithtyser,keithtyser,/goal win silver medal,/submissions/52247442/52247442.raw
52247487,940470,2026-05-01T23:10:33.310Z,"v96: v87 + inherited-safe task269/task339 wins, fresh256 each, local +2.30",submission.zip,5650.70,5650.70,COMPLETE,keithtyser,keithtyser,/goal win silver medal,/submissions/52247487/52247487.raw
52247528,941251,2026-05-01T23:15:04.087Z,"v97: v87 + task118 run model; local drop, fresh holdout improves 95.3%->97.7%; isolated probe",submission.zip,5680.54,5680.54,COMPLETE,keithtyser,keithtyser,/goal win silver medal,/submissions/52247528/52247528.raw
52247580,935723,2026-05-01T23:20:26.247Z,"v98: v87 + task226 generator-rule model; v77 fresh failed, run passed low-diversity fresh, local -0.33",submission.zip,5679.41,5679.41,COMPLETE,keithtyser,keithtyser,/goal win silver medal,/submissions/52247580/52247580.raw
52247669,1902667,2026-05-01T23:28:42.430Z,v99: afr_6225 public base + generator-faithful replacements task096/task118/task219; fresh recovery bundle,submission.zip,,,ERROR,keithtyser,keithtyser,/goal win silver medal,/submissions/52247669/52247669.raw
52247701,1920756,2026-05-01T23:32:25.087Z,v100: afr_6225 flat task*.onnx package unchanged; establish public baseline,submission.zip,,,ERROR,keithtyser,keithtyser,/goal win silver medal,/submissions/52247701/52247701.raw
52247754,1049862,2026-05-01T23:36:53.440Z,"v101: v87 + 49 conservative AFR safe-op local wins, no Compress/Clip/ReduceMin/MaxPool/Resize/Scatter; local 5644.40",submission.zip,4993.39,4993.39,COMPLETE,keithtyser,keithtyser,/goal win silver medal,/submissions/52247754/52247754.raw
52247800,1910198,2026-05-01T23:40:51.240Z,v102: bei_6202 flat source package isolation,submission.zip,,,ERROR,keithtyser,keithtyser,/goal win silver medal,/submissions/52247800/52247800.raw
52247874,954532,2026-05-01T23:46:08.977Z,v104: v87 + 18 BEI/AFR high-delta swaps with fresh holdout pass; omit failed partials,submission.zip,5391.72,5391.72,COMPLETE,keithtyser,keithtyser,/goal win silver medal,/submissions/52247874/52247874.raw
52248001,1902117,2026-05-01T23:56:37.980Z,v106 amanatar current blend with v87 validity fill,submission.zip,,,ERROR,keithtyser,keithtyser,/goal win silver medal,/submissions/52248001/52248001.raw
52248128,1137977,2026-05-02T00:02:06.990Z,v107: v87 + 176 Amanatar safe-op local-positive replacements; local 5675.74,submission.zip,3756.70,3756.70,COMPLETE,keithtyser,keithtyser,/goal win silver medal,/submissions/52248128/52248128.raw
52248201,1180251,2026-05-02T00:04:56.877Z,v108: beicicc 6645.39 public open solution artifact direct,submission.zip,1128.42,1128.42,COMPLETE,keithtyser,keithtyser,/goal win silver medal,/submissions/52248201/52248201.raw
52248321,958532,2026-05-02T00:08:50.327Z,v109 probe amanatar single task151 on v87,submission.zip,5666.92,5666.92,COMPLETE,keithtyser,keithtyser,/goal win silver medal,/submissions/52248321/52248321.raw
52248324,958958,2026-05-02T00:08:57.650Z,v109 probe amanatar single task352 on v87,submission.zip,5666.27,5666.27,COMPLETE,keithtyser,keithtyser,/goal win silver medal,/submissions/52248324/52248324.raw
52248327,958774,2026-05-02T00:09:02.200Z,v109 probe amanatar single task344 on v87,submission.zip,5666.14,5666.14,COMPLETE,keithtyser,keithtyser,/goal win silver medal,/submissions/52248327/52248327.raw
52248328,965009,2026-05-02T00:09:06.863Z,v109 probe amanatar single task120 on v87,submission.zip,5665.75,5665.75,COMPLETE,keithtyser,keithtyser,/goal win silver medal,/submissions/52248328/52248328.raw
52248330,958780,2026-05-02T00:09:11.610Z,v109 probe amanatar single task180 on v87,submission.zip,5664.91,5664.91,COMPLETE,keithtyser,keithtyser,/goal win silver medal,/submissions/52248330/52248330.raw
52248331,955751,2026-05-02T00:09:16.140Z,v109 probe amanatar single task312 on v87,submission.zip,5666.09,5666.09,COMPLETE,keithtyser,keithtyser,/goal win silver medal,/submissions/52248331/52248331.raw
52248333,945254,2026-05-02T00:09:21.373Z,v109 probe amanatar single task074 on v87,submission.zip,5667.68,5667.68,COMPLETE,keithtyser,keithtyser,/goal win silver medal,/submissions/52248333/52248333.raw
52248334,958964,2026-05-02T00:09:26.343Z,v109 probe amanatar single task066 on v87,submission.zip,5669.63,5669.63,COMPLETE,keithtyser,keithtyser,/goal win silver medal,/submissions/52248334/52248334.raw
52248336,955699,2026-05-02T00:09:30.840Z,v109 probe amanatar single task160 on v87,submission.zip,5666.86,5666.86,COMPLETE,keithtyser,keithtyser,/goal win silver medal,/submissions/52248336/52248336.raw
52248338,956091,2026-05-02T00:09:35.483Z,v109 probe amanatar single task319 on v87,submission.zip,5667.09,5667.09,COMPLETE,keithtyser,keithtyser,/goal win silver medal,/submissions/52248338/52248338.raw
52248430,958940,2026-05-02T00:14:36.783Z,v110 probe bei6645 single task066 on v87,submission.zip,5669.63,5669.63,COMPLETE,keithtyser,keithtyser,/goal win silver medal,/submissions/52248430/52248430.raw
52248431,955781,2026-05-02T00:14:41.673Z,v110 probe bei6645 single task018 on v87,submission.zip,5669.42,5669.42,COMPLETE,keithtyser,keithtyser,/goal win silver medal,/submissions/52248431/52248431.raw
52248433,956031,2026-05-02T00:14:46.490Z,v110 probe bei6645 single task319 on v87,submission.zip,5667.09,5667.09,COMPLETE,keithtyser,keithtyser,/goal win silver medal,/submissions/52248433/52248433.raw
52248439,939929,2026-05-02T00:14:51.240Z,v110 probe bei6645 single task080 on v87,submission.zip,5668.23,5668.23,COMPLETE,keithtyser,keithtyser,/goal win silver medal,/submissions/52248439/52248439.raw
52248441,933537,2026-05-02T00:14:56.073Z,v110 probe bei6645 single task233 on v87,submission.zip,5668.78,5668.78,COMPLETE,keithtyser,keithtyser,/goal win silver medal,/submissions/52248441/52248441.raw
52248444,946905,2026-05-02T00:15:01.017Z,v110 probe bei6645 single task349 on v87,submission.zip,5668.08,5668.08,COMPLETE,keithtyser,keithtyser,/goal win silver medal,/submissions/52248444/52248444.raw
52248446,955611,2026-05-02T00:15:05.797Z,v110 probe bei6645 single task310 on v87,submission.zip,5668.03,5668.03,COMPLETE,keithtyser,keithtyser,/goal win silver medal,/submissions/52248446/52248446.raw
52248449,952869,2026-05-02T00:15:10.753Z,v110 probe bei6645 single task173 on v87,submission.zip,5667.64,5667.64,COMPLETE,keithtyser,keithtyser,/goal win silver medal,/submissions/52248449/52248449.raw
52248451,945240,2026-05-02T00:15:15.587Z,v110 probe bei6645 single task074 on v87,submission.zip,5667.68,5667.68,COMPLETE,keithtyser,keithtyser,/goal win silver medal,/submissions/52248451/52248451.raw
52248454,953506,2026-05-02T00:15:20.300Z,v110 probe bei6645 single task153 on v87,submission.zip,5667.79,5667.79,COMPLETE,keithtyser,keithtyser,/goal win silver medal,/submissions/52248454/52248454.raw
52248458,955650,2026-05-02T00:15:25.090Z,v110 probe bei6645 single task051 on v87,submission.zip,5667.58,5667.58,COMPLETE,keithtyser,keithtyser,/goal win silver medal,/submissions/52248458/52248458.raw
52248459,954793,2026-05-02T00:15:30.063Z,v110 probe bei6645 single task127 on v87,submission.zip,5667.59,5667.59,COMPLETE,keithtyser,keithtyser,/goal win silver medal,/submissions/52248459/52248459.raw
52248514,959393,2026-05-02T00:18:15.157Z,v111 probe bei task066 on exact v87 incl task000,submission.zip,5669.63,5669.63,COMPLETE,keithtyser,keithtyser,/goal win silver medal,/submissions/52248514/52248514.raw
52248517,956234,2026-05-02T00:18:19.847Z,v111 probe bei task018 on exact v87 incl task000,submission.zip,5669.42,5669.42,COMPLETE,keithtyser,keithtyser,/goal win silver medal,/submissions/52248517/52248517.raw
52248520,933990,2026-05-02T00:18:24.480Z,v111 probe bei task233 on exact v87 incl task000,submission.zip,5668.78,5668.78,COMPLETE,keithtyser,keithtyser,/goal win silver medal,/submissions/52248520/52248520.raw
52248522,940382,2026-05-02T00:18:29.003Z,v111 probe bei task080 on exact v87 incl task000,submission.zip,5668.23,5668.23,COMPLETE,keithtyser,keithtyser,/goal win silver medal,/submissions/52248522/52248522.raw
52248525,956484,2026-05-02T00:18:34.090Z,v111 probe bei task319 on exact v87 incl task000,submission.zip,5667.09,5667.09,COMPLETE,keithtyser,keithtyser,/goal win silver medal,/submissions/52248525/52248525.raw
52248527,947358,2026-05-02T00:18:38.907Z,v111 probe bei task349 on exact v87 incl task000,submission.zip,5668.08,5668.08,COMPLETE,keithtyser,keithtyser,/goal win silver medal,/submissions/52248527/52248527.raw
52248530,956064,2026-05-02T00:18:43.563Z,v111 probe bei task310 on exact v87 incl task000,submission.zip,5668.03,5668.03,COMPLETE,keithtyser,keithtyser,/goal win silver medal,/submissions/52248530/52248530.raw
52248536,953322,2026-05-02T00:18:48.053Z,v111 probe bei task173 on exact v87 incl task000,submission.zip,5667.64,5667.64,COMPLETE,keithtyser,keithtyser,/goal win silver medal,/submissions/52248536/52248536.raw
52248538,953959,2026-05-02T00:18:52.673Z,v111 probe bei task153 on exact v87 incl task000,submission.zip,5667.79,5667.79,COMPLETE,keithtyser,keithtyser,/goal win silver medal,/submissions/52248538/52248538.raw
52248540,958985,2026-05-02T00:18:59.373Z,v111 probe aman task151 on exact v87 incl task000,submission.zip,5666.92,5666.92,COMPLETE,keithtyser,keithtyser,/goal win silver medal,/submissions/52248540/52248540.raw
52248546,959411,2026-05-02T00:19:03.983Z,v111 probe aman task352 on exact v87 incl task000,submission.zip,5666.27,5666.27,COMPLETE,keithtyser,keithtyser,/goal win silver medal,/submissions/52248546/52248546.raw
52248549,959227,2026-05-02T00:19:08.777Z,v111 probe aman task344 on exact v87 incl task000,submission.zip,5666.14,5666.14,COMPLETE,keithtyser,keithtyser,/goal win silver medal,/submissions/52248549/52248549.raw
52248553,965462,2026-05-02T00:19:13.360Z,v111 probe aman task120 on exact v87 incl task000,submission.zip,5665.75,5665.75,COMPLETE,keithtyser,keithtyser,/goal win silver medal,/submissions/52248553/52248553.raw
52248554,959233,2026-05-02T00:19:17.920Z,v111 probe aman task180 on exact v87 incl task000,submission.zip,5664.91,5664.91,COMPLETE,keithtyser,keithtyser,/goal win silver medal,/submissions/52248554/52248554.raw
52248639,1950946,2026-05-02T00:24:51.533Z,v113 afr1ste 6285.95 public artifact direct calibration,submission.zip,,,ERROR,keithtyser,keithtyser,/goal win silver medal,/submissions/52248639/52248639.raw
52248643,1894130,2026-05-02T00:25:20.833Z,v114 safe_baseline_52081588 zero-volume wrap calibration LB7526 historical,submission.zip,1122.65,1122.65,COMPLETE,keithtyser,keithtyser,/goal win silver medal,/submissions/52248643/52248643.raw
52248712,955725,2026-05-02T00:29:27.180Z,v115 probe one task001 zero-node default-output loophole on v87,submission.zip,5663.73,5663.73,COMPLETE,keithtyser,keithtyser,/goal win silver medal,/submissions/52248712/52248712.raw
52248818,1828409,2026-05-02T00:33:59.920Z,v116 afr6285 non-Compress tasks only + v87 fill; local 5715.60,submission.zip,,,ERROR,keithtyser,keithtyser,/goal win silver medal,/submissions/52248818/52248818.raw
52248917,974818,2026-05-02T00:40:02.367Z,v118 v87 + 8 AFR official-valid unprobed local wins,submission.zip,5666.89,5666.89,COMPLETE,keithtyser,keithtyser,/goal win silver medal,/submissions/52248917/52248917.raw
52248988,956661,2026-05-02T00:43:28.333Z,v119 probe afr official-valid task134 on v87,submission.zip,5680.31,5680.31,COMPLETE,keithtyser,keithtyser,/goal win silver medal,/submissions/52248988/52248988.raw
52248990,956290,2026-05-02T00:43:32.987Z,v119 probe afr official-valid task165 on v87,submission.zip,5680.29,5680.29,COMPLETE,keithtyser,keithtyser,/goal win silver medal,/submissions/52248990/52248990.raw
52248992,955988,2026-05-02T00:43:37.660Z,v119 probe afr official-valid task188 on v87,submission.zip,5680.34,5680.34,COMPLETE,keithtyser,keithtyser,/goal win silver medal,/submissions/52248992/52248992.raw
52248994,956179,2026-05-02T00:43:42.623Z,v119 probe afr official-valid task195 on v87,submission.zip,5680.30,5680.30,COMPLETE,keithtyser,keithtyser,/goal win silver medal,/submissions/52248994/52248994.raw
52248995,956146,2026-05-02T00:43:47.217Z,v119 probe afr official-valid task215 on v87,submission.zip,5680.14,5680.14,COMPLETE,keithtyser,keithtyser,/goal win silver medal,/submissions/52248995/52248995.raw
52248996,978907,2026-05-02T00:43:52.080Z,v119 probe afr official-valid task219 on v87,submission.zip,5680.35,5680.35,COMPLETE,keithtyser,keithtyser,/goal win silver medal,/submissions/52248996/52248996.raw
52248998,956208,2026-05-02T00:43:57.003Z,v119 probe afr official-valid task242 on v87,submission.zip,5680.22,5680.22,COMPLETE,keithtyser,keithtyser,/goal win silver medal,/submissions/52248998/52248998.raw
52249000,951435,2026-05-02T00:44:01.867Z,v119 probe afr official-valid task255 on v87,submission.zip,5667.40,5667.40,COMPLETE,keithtyser,keithtyser,/goal win silver medal,/submissions/52249000/52249000.raw
52249121,953814,2026-05-02T00:50:03.337Z,v120 probe current-valid artem task153 on v87,submission.zip,5667.79,5667.79,COMPLETE,keithtyser,keithtyser,/goal win silver medal,/submissions/52249121/52249121.raw
52249124,938951,2026-05-02T00:50:08.090Z,v120 probe current-valid artem task076 on v87,submission.zip,5668.48,5668.48,COMPLETE,keithtyser,keithtyser,/goal win silver medal,/submissions/52249124/52249124.raw
52249128,947703,2026-05-02T00:50:12.800Z,v120 probe current-valid artem task314 on v87,submission.zip,5683.04,5683.04,COMPLETE,keithtyser,keithtyser,/goal win silver medal,/submissions/52249128/52249128.raw
52249130,968750,2026-05-02T00:50:17.500Z,v120 probe current-valid artem task025 on v87,submission.zip,5668.94,5668.94,COMPLETE,keithtyser,keithtyser,/goal win silver medal,/submissions/52249130/52249130.raw
52249131,949323,2026-05-02T00:50:22.183Z,v120 probe current-valid artem task367 on v87,submission.zip,5668.57,5668.57,COMPLETE,keithtyser,keithtyser,/goal win silver medal,/submissions/52249131/52249131.raw
52249133,955913,2026-05-02T00:50:26.963Z,v120 probe current-valid artem task273 on v87,submission.zip,5682.68,5682.68,COMPLETE,keithtyser,keithtyser,/goal win silver medal,/submissions/52249133/52249133.raw
52249136,955586,2026-05-02T00:50:31.720Z,v120 probe current-valid artem task127 on v87,submission.zip,5682.71,5682.71,COMPLETE,keithtyser,keithtyser,/goal win silver medal,/submissions/52249136/52249136.raw
52249139,955640,2026-05-02T00:50:36.637Z,v120 probe current-valid artem task060 on v87,submission.zip,5682.59,5682.59,COMPLETE,keithtyser,keithtyser,/goal win silver medal,/submissions/52249139/52249139.raw
52249140,955520,2026-05-02T00:50:41.213Z,v120 probe current-valid artem task342 on v87,submission.zip,5682.72,5682.72,COMPLETE,keithtyser,keithtyser,/goal win silver medal,/submissions/52249140/52249140.raw
52249143,956164,2026-05-02T00:50:45.870Z,v120 probe current-valid artem task132 on v87,submission.zip,5681.89,5681.89,COMPLETE,keithtyser,keithtyser,/goal win silver medal,/submissions/52249143/52249143.raw
52249148,955759,2026-05-02T00:50:50.523Z,v120 probe current-valid artem task045 on v87,submission.zip,5681.09,5681.09,COMPLETE,keithtyser,keithtyser,/goal win silver medal,/submissions/52249148/52249148.raw
52249149,956288,2026-05-02T00:50:55.093Z,v120 probe current-valid artem task043 on v87,submission.zip,5681.30,5681.30,COMPLETE,keithtyser,keithtyser,/goal win silver medal,/submissions/52249149/52249149.raw
52249202,945573,2026-05-02T00:53:58.750Z,v121 v87 + proven v120 positives tasks 043 045 060 127 132 273 314 342,submission.zip,5695.56,5695.56,COMPLETE,keithtyser,keithtyser,/goal win silver medal,/submissions/52249202/52249202.raw
52249239,967524,2026-05-02T00:56:06.780Z,v122 probe current-valid artem task191 on v87,submission.zip,5667.12,5667.12,COMPLETE,keithtyser,keithtyser,/goal win silver medal,/submissions/52249239/52249239.raw
52249240,955470,2026-05-02T00:56:12.367Z,v122 probe current-valid artem task168 on v87,submission.zip,5679.69,5679.69,COMPLETE,keithtyser,keithtyser,/goal win silver medal,/submissions/52249240/52249240.raw
52249241,956786,2026-05-02T00:56:18.053Z,v122 probe current-valid artem task136 on v87,submission.zip,5679.15,5679.15,COMPLETE,keithtyser,keithtyser,/goal win silver medal,/submissions/52249241/52249241.raw
52249243,968471,2026-05-02T00:56:23.570Z,v122 probe current-valid artem task205 on v87,submission.zip,5667.66,5667.66,COMPLETE,keithtyser,keithtyser,/goal win silver medal,/submissions/52249243/52249243.raw
52249245,964628,2026-05-02T00:56:29.300Z,v122 probe current-valid artem task243 on v87,submission.zip,5667.43,5667.43,COMPLETE,keithtyser,keithtyser,/goal win silver medal,/submissions/52249245/52249245.raw
52249246,955883,2026-05-02T00:56:34.703Z,v122 probe current-valid artem task250 on v87,submission.zip,5681.26,5681.26,COMPLETE,keithtyser,keithtyser,/goal win silver medal,/submissions/52249246/52249246.raw
52249251,973104,2026-05-02T00:56:40.380Z,v122 probe current-valid artem task387 on v87,submission.zip,5667.75,5667.75,COMPLETE,keithtyser,keithtyser,/goal win silver medal,/submissions/52249251/52249251.raw
52249254,959456,2026-05-02T00:56:45.893Z,v122 probe current-valid artem task101 on v87,submission.zip,5667.02,5667.02,COMPLETE,keithtyser,keithtyser,/goal win silver medal,/submissions/52249254/52249254.raw
52249257,959646,2026-05-02T00:56:51.697Z,v122 probe current-valid artem task044 on v87,submission.zip,5666.07,5666.07,COMPLETE,keithtyser,keithtyser,/goal win silver medal,/submissions/52249257/52249257.raw
52249262,974093,2026-05-02T00:56:57.070Z,v122 probe current-valid artem task370 on v87,submission.zip,5667.68,5667.68,COMPLETE,keithtyser,keithtyser,/goal win silver medal,/submissions/52249262/52249262.raw
52249264,983129,2026-05-02T00:57:01.960Z,v122 probe current-valid artem task285 on v87,submission.zip,5667.62,5667.62,COMPLETE,keithtyser,keithtyser,/goal win silver medal,/submissions/52249264/52249264.raw
52249266,968028,2026-05-02T00:57:06.880Z,v122 probe current-valid artem task133 on v87,submission.zip,5667.93,5667.93,COMPLETE,keithtyser,keithtyser,/goal win silver medal,/submissions/52249266/52249266.raw
52249269,906378,2026-05-02T00:57:12.013Z,v122 probe current-valid artem task157 on v87,submission.zip,5667.23,5667.23,COMPLETE,keithtyser,keithtyser,/goal win silver medal,/submissions/52249269/52249269.raw
52249275,978724,2026-05-02T00:57:16.980Z,v122 probe current-valid artem task158 on v87,submission.zip,5667.91,5667.91,COMPLETE,keithtyser,keithtyser,/goal win silver medal,/submissions/52249275/52249275.raw
52249278,953827,2026-05-02T00:57:21.893Z,v122 probe current-valid artem task274 on v87,submission.zip,5680.43,5680.43,COMPLETE,keithtyser,keithtyser,/goal win silver medal,/submissions/52249278/52249278.raw
52249340,942960,2026-05-02T01:00:10.927Z,v123 v121 best + proven positives task250 task274,submission.zip,5696.55,5696.55,COMPLETE,keithtyser,keithtyser,/goal win silver medal,/submissions/52249340/52249340.raw
52249350,943848,2026-05-02T01:00:36.180Z,v124 probe on v121 artem_308,submission.zip,5682.23,5682.23,COMPLETE,keithtyser,keithtyser,/goal win silver medal,/submissions/52249350/52249350.raw
52249351,945764,2026-05-02T01:00:41.277Z,v124 probe on v121 artem_288,submission.zip,5694.25,5694.25,COMPLETE,keithtyser,keithtyser,/goal win silver medal,/submissions/52249351/52249351.raw
52249352,949082,2026-05-02T01:00:46.507Z,v124 probe on v121 artem_022,submission.zip,5694.29,5694.29,COMPLETE,keithtyser,keithtyser,/goal win silver medal,/submissions/52249352/52249352.raw
52249354,945172,2026-05-02T01:00:51.747Z,v124 probe on v121 afr_397,submission.zip,5696.33,5696.33,COMPLETE,keithtyser,keithtyser,/goal win silver medal,/submissions/52249354/52249354.raw
52249358,939183,2026-05-02T01:00:56.927Z,v124 probe on v121 afr_226,submission.zip,5696.19,5696.19,COMPLETE,keithtyser,keithtyser,/goal win silver medal,/submissions/52249358/52249358.raw
52249361,945439,2026-05-02T01:01:02.087Z,v124 probe on v121 afr_311,submission.zip,5695.57,5695.57,COMPLETE,keithtyser,keithtyser,/goal win silver medal,/submissions/52249361/52249361.raw
52249500,936423,2026-05-02T01:09:12.043Z,v125 v123 best + afr current task226 task397 cooldown retry,submission.zip,5697.94,5697.94,COMPLETE,keithtyser,keithtyser,/goal win silver medal,/submissions/52249500/52249500.raw
52249588,936121,2026-05-02T01:15:10.853Z,v126 probe on v125 konbu_047,submission.zip,5700.33,5700.33,COMPLETE,keithtyser,keithtyser,/goal win silver medal,/submissions/52249588/52249588.raw
52249589,936795,2026-05-02T01:15:18.747Z,v126 probe on v125 afr_081,submission.zip,5699.60,5699.60,COMPLETE,keithtyser,keithtyser,/goal win silver medal,/submissions/52249589/52249589.raw
52249595,935584,2026-05-02T01:15:26.887Z,v126 probe on v125 afr_212,submission.zip,5699.46,5699.46,COMPLETE,keithtyser,keithtyser,/goal win silver medal,/submissions/52249595/52249595.raw
52249599,940984,2026-05-02T01:15:34.777Z,v126 probe on v125 afr_363,submission.zip,5685.35,5685.35,COMPLETE,keithtyser,keithtyser,/goal win silver medal,/submissions/52249599/52249599.raw
52249602,934441,2026-05-02T01:15:42.997Z,v126 probe on v125 konbu_209,submission.zip,5697.94,5697.94,COMPLETE,keithtyser,keithtyser,/goal win silver medal,/submissions/52249602/52249602.raw
52249606,938335,2026-05-02T01:15:51.067Z,v126 probe on v125 afr_169,submission.zip,5699.51,5699.51,COMPLETE,keithtyser,keithtyser,/goal win silver medal,/submissions/52249606/52249606.raw
52249609,941430,2026-05-02T01:15:59.030Z,v126 probe on v125 konbu_118,submission.zip,5685.17,5685.17,COMPLETE,keithtyser,keithtyser,/goal win silver medal,/submissions/52249609/52249609.raw
52249613,936294,2026-05-02T01:16:07.003Z,v126 probe on v125 afr_210,submission.zip,5697.94,5697.94,COMPLETE,keithtyser,keithtyser,/goal win silver medal,/submissions/52249613/52249613.raw
52249803,937941,2026-05-02T01:29:16.873Z,v127 v125 plus confirmed v126 positives 047 081 169 210 212,submission.zip,5705.10,5705.10,COMPLETE,keithtyser,keithtyser,/goal win silver medal,/submissions/52249803/52249803.raw
52249857,936292,2026-05-02T01:32:08.323Z,v128 late probe on v125 afr_061,submission.zip,5697.95,5697.95,COMPLETE,keithtyser,keithtyser,/goal win silver medal,/submissions/52249857/52249857.raw
52249863,936306,2026-05-02T01:32:19.110Z,v128 late probe on v125 afr_083,submission.zip,5697.94,5697.94,COMPLETE,keithtyser,keithtyser,/goal win silver medal,/submissions/52249863/52249863.raw
52249865,936245,2026-05-02T01:32:29.773Z,v128 late probe on v125 afr_142,submission.zip,5697.94,5697.94,COMPLETE,keithtyser,keithtyser,/goal win silver medal,/submissions/52249865/52249865.raw
52249870,936245,2026-05-02T01:32:40.467Z,v128 late probe on v125 afr_152,submission.zip,5697.94,5697.94,COMPLETE,keithtyser,keithtyser,/goal win silver medal,/submissions/52249870/52249870.raw
52249909,937841,2026-05-02T01:35:16.357Z,v129 v127 plus tiny positives 061 083 142 152,submission.zip,5705.12,5705.12,COMPLETE,keithtyser,keithtyser,/goal win silver medal,/submissions/52249909/52249909.raw
52249962,964809,2026-05-02T01:39:11.293Z,v130 probe v129 public source task285,submission.zip,5692.39,5692.39,COMPLETE,keithtyser,keithtyser,/goal win silver medal,/submissions/52249962/52249962.raw
52250003,935494,2026-05-02T01:42:39.050Z,v131 probe v129 allsource task153,submission.zip,5692.56,5692.56,COMPLETE,keithtyser,keithtyser,/goal win silver medal,/submissions/52250003/52250003.raw
52274378,963469,2026-05-03T00:27:15.667Z,v174 clean bundle,submission.zip,5844.30,5844.30,COMPLETE,keithtyser,keithtyser,/goal win silver medal,/submissions/52274378/52274378.raw
52274505,958705,2026-05-03T00:34:32.980Z,v176 v174 plus task319 hybrid exact2,submission.zip,5844.48,5844.48,COMPLETE,keithtyser,keithtyser,/goal win silver medal,/submissions/52274505/52274505.raw
52274691,963083,2026-05-03T00:46:47.260Z,v177 v176 onnxsim task319,submission.zip,5844.51,5844.51,COMPLETE,keithtyser,keithtyser,/goal win silver medal,/submissions/52274691/52274691.raw
52275531,962974,2026-05-03T01:39:40.487Z,v178 v177 task018 flood last9,submission.zip,5844.51,5844.51,COMPLETE,keithtyser,keithtyser,/goal win silver medal,/submissions/52275531/52275531.raw
52275827,962974,2026-05-03T02:02:15.460Z,resubmit current verified best v178,submission.zip,5844.51,5844.51,COMPLETE,keithtyser,keithtyser,/goal win silver medal,/submissions/52275827/52275827.raw
52276278,962962,2026-05-03T02:29:27.037Z,v179 current local best task365 prune,submission.zip,5844.51,5844.51,COMPLETE,keithtyser,keithtyser,/goal win silver medal,/submissions/52276278/52276278.raw
52276694,936954,2026-05-03T02:57:32.833Z,v180 task119 pad embed,submission.zip,5844.51,5844.51,COMPLETE,keithtyser,keithtyser,/goal win silver medal,/submissions/52276694/52276694.raw
52276818,936989,2026-05-03T03:03:40.573Z,v181 task330 reach4 blue priority,submission.zip,5844.52,5844.52,COMPLETE,keithtyser,keithtyser,/goal win silver medal,/submissions/52276818/52276818.raw
52277015,936150,2026-05-03T03:15:38.193Z,v182 task191 drop template4,submission.zip,5844.57,5844.57,COMPLETE,keithtyser,keithtyser,/goal win silver medal,/submissions/52277015/52277015.raw
52277106,936139,2026-05-03T03:20:22.007Z,v183 task398 where tail,submission.zip,5844.57,5844.57,COMPLETE,keithtyser,keithtyser,/goal win silver medal,/submissions/52277106/52277106.raw
52277155,936157,2026-05-03T03:23:16.510Z,v184 task161 where tail,submission.zip,5844.57,5844.57,COMPLETE,keithtyser,keithtyser,/goal win silver medal,/submissions/52277155/52277155.raw
52277243,936150,2026-05-03T03:28:31.143Z,v185 task051 where tail,submission.zip,5844.56,5844.56,COMPLETE,keithtyser,keithtyser,/goal win silver medal,/submissions/52277243/52277243.raw
52277311,936150,2026-05-03T03:33:49.010Z,v186 task034 where tail,submission.zip,5844.80,5844.80,COMPLETE,keithtyser,keithtyser,/goal win silver medal,/submissions/52277311/52277311.raw
52277391,936162,2026-05-03T03:39:00.860Z,v187 task325 task221 where,submission.zip,5844.80,5844.80,COMPLETE,keithtyser,keithtyser,/goal win silver medal,/submissions/52277391/52277391.raw
52277465,936397,2026-05-03T03:43:46.813Z,v188 task088 137 195 where,submission.zip,5844.77,5844.77,COMPLETE,keithtyser,keithtyser,/goal win silver medal,/submissions/52277465/52277465.raw
52277558,936729,2026-05-03T03:49:36.680Z,v189 task033 165 329 330 where,submission.zip,5845.29,5845.29,COMPLETE,keithtyser,keithtyser,/goal win silver medal,/submissions/52277558/52277558.raw
52277610,936821,2026-05-03T03:54:04.293Z,v190 task312 where,submission.zip,5845.27,5845.27,COMPLETE,keithtyser,keithtyser,/goal win silver medal,/submissions/52277610/52277610.raw
52277926,937160,2026-05-03T04:17:09.153Z,v191 onnxsim tail bundle,submission.zip,5847.02,5847.02,COMPLETE,keithtyser,keithtyser,/goal win silver medal,/submissions/52277926/52277926.raw
52277997,937145,2026-05-03T04:22:03.933Z,v192 onnxsim more bundle,submission.zip,5849.16,5849.16,COMPLETE,keithtyser,keithtyser,/goal win silver medal,/submissions/52277997/52277997.raw
52278073,937116,2026-05-03T04:26:47.770Z,v193 task312 onnxsim,submission.zip,5850.61,5850.61,COMPLETE,keithtyser,keithtyser,/goal win silver medal,/submissions/52278073/52278073.raw
52278720,937097,2026-05-03T05:04:07.867Z,v194 task165 onnxsim same,submission.zip,5851.11,5851.11,COMPLETE,keithtyser,keithtyser,/goal win silver medal,/submissions/52278720/52278720.raw
52278943,962961,2026-05-03T05:15:04.737Z,v195 task018 onnxsim same,submission.zip,5851.12,5851.12,COMPLETE,keithtyser,keithtyser,/goal win silver medal,/submissions/52278943/52278943.raw
52279848,965519,2026-05-03T06:15:41.793Z,v196 task219 accuracy branch probe,submission.zip,5862.13,5862.13,COMPLETE,keithtyser,keithtyser,/goal win silver medal,/submissions/52279848/52279848.raw
52279945,965525,2026-05-03T06:21:32.473Z,v197 task219 drop20 accuracy,submission.zip,5862.13,5862.13,COMPLETE,keithtyser,keithtyser,/goal win silver medal,/submissions/52279945/52279945.raw
52280393,970105,2026-05-03T06:45:42.707Z,v198 task018 accuracy,submission.zip,5862.00,5862.00,COMPLETE,keithtyser,keithtyser,/goal win silver medal,/submissions/52280393/52280393.raw
52280627,965518,2026-05-03T06:58:28.260Z,v199 task158 accuracy,submission.zip,5862.05,5862.05,COMPLETE,keithtyser,keithtyser,/goal win silver medal,/submissions/52280627/52280627.raw
52281285,965632,2026-05-03T07:33:01.403Z,v200 task118 lowtie,submission.zip,5862.13,5862.13,COMPLETE,keithtyser,keithtyser,/goal win silver medal,/submissions/52281285/52281285.raw
52281863,965626,2026-05-03T07:58:08.063Z,v201 task031 crop9x9,submission.zip,5861.92,5861.92,COMPLETE,keithtyser,keithtyser,/goal win silver medal,/submissions/52281863/52281863.raw
52282057,965632,2026-05-03T08:05:18.433Z,v202 resubmit best real v200 5792.85,submission.zip,5862.13,5862.13,COMPLETE,keithtyser,keithtyser,/goal win silver medal,/submissions/52282057/52282057.raw
52331872,965536,2026-05-04T20:54:09.120Z,v203 task175 reduce-max modulus,submission.zip,5876.60,5876.60,COMPLETE,keithtyser,keithtyser,/goal win silver medal,/submissions/52331872/52331872.raw
52333510,969476,2026-05-04T22:44:53.813Z,v204 task002 rectangle filter,submission.zip,5875.57,5875.57,COMPLETE,keithtyser,keithtyser,/goal win silver medal,/submissions/52333510/52333510.raw
52333662,965536,2026-05-04T22:55:54.877Z,v205 resubmit current best v203 5902.50,submission.zip,5876.60,5876.60,COMPLETE,keithtyser,keithtyser,/goal win silver medal,/submissions/52333662/52333662.raw
52333838,966725,2026-05-04T23:09:00.907Z,v206 task255 boundary run trim,submission.zip,5876.59,5876.59,COMPLETE,keithtyser,keithtyser,/goal win silver medal,/submissions/52333838/52333838.raw
52334313,965748,2026-05-04T23:40:38.857Z,v207 task175 sampled max cheaper,submission.zip,5876.80,5876.80,COMPLETE,keithtyser,keithtyser,/goal win silver medal,/submissions/52334313/52334313.raw
52334420,965693,2026-05-04T23:47:25.690Z,v208 task175 sampled high channels,submission.zip,5876.84,5876.84,COMPLETE,keithtyser,keithtyser,/goal win silver medal,/submissions/52334420/52334420.raw
52334995,965693,2026-05-05T00:08:29.080Z,resubmit current best v208 5902.74,submission.zip,5876.84,5876.84,COMPLETE,keithtyser,keithtyser,/goal win silver medal,/submissions/52334995/52334995.raw
52335542,965686,2026-05-05T00:32:24.797Z,v209 task158 accuracy no fresh regressions,submission.zip,5876.75,5876.75,COMPLETE,keithtyser,keithtyser,/goal win silver medal,/submissions/52335542/52335542.raw
52336037,965606,2026-05-05T00:52:59.870Z,v210 task366 cost patch,submission.zip,5876.89,5876.89,COMPLETE,keithtyser,keithtyser,/goal win silver medal,/submissions/52336037/52336037.raw
52336458,968958,2026-05-05T01:09:42.747Z,v211 task219 task209 cost,submission.zip,5876.92,5876.92,COMPLETE,keithtyser,keithtyser,/goal win silver medal,/submissions/52336458/52336458.raw
52338776,969157,2026-05-05T02:49:10.400Z,v212 task233 slice gate,submission.zip,5876.86,5876.86,COMPLETE,keithtyser,keithtyser,/goal win silver medal,/submissions/52338776/52338776.raw
52338857,969437,2026-05-05T02:53:12.987Z,v213 task209 task233 slice gates,submission.zip,5876.82,5876.82,COMPLETE,keithtyser,keithtyser,/goal win silver medal,/submissions/52338857/52338857.raw
52338973,967917,2026-05-05T02:59:36.767Z,v214 task366 unpatched v76 public probe,submission.zip,5865.02,5865.02,COMPLETE,keithtyser,keithtyser,/goal win silver medal,/submissions/52338973/52338973.raw
52339098,968459,2026-05-05T03:05:34.497Z,v215 task366 scatternd sparse patch,submission.zip,5876.94,5876.94,COMPLETE,keithtyser,keithtyser,/goal win silver medal,/submissions/52339098/52339098.raw
52339160,968249,2026-05-05T03:09:14.623Z,v216 task363 task366 sparse patches,submission.zip,5876.93,5876.93,COMPLETE,keithtyser,keithtyser,/goal win silver medal,/submissions/52339160/52339160.raw
52339448,972044,2026-05-05T03:24:18.767Z,v217 task323 sparse bank,submission.zip,5877.30,5877.30,COMPLETE,keithtyser,keithtyser,/goal win silver medal,/submissions/52339448/52339448.raw
52339520,970971,2026-05-05T03:27:31.747Z,v218 task323 flat sparse bank,submission.zip,5877.44,5877.44,COMPLETE,keithtyser,keithtyser,/goal win silver medal,/submissions/52339520/52339520.raw
52339713,971589,2026-05-05T03:36:39.643Z,v219 sparse micro bundle,submission.zip,5877.44,5877.44,COMPLETE,keithtyser,keithtyser,/goal win silver medal,/submissions/52339713/52339713.raw
52339836,971358,2026-05-05T03:42:02.260Z,v220 uniform scalar bundle,submission.zip,5877.50,5877.50,COMPLETE,keithtyser,keithtyser,/goal win silver medal,/submissions/52339836/52339836.raw
52340082,970883,2026-05-05T03:54:33.210Z,v221 uniform scalar2 bundle,submission.zip,5877.63,5877.63,COMPLETE,keithtyser,keithtyser,/goal win silver medal,/submissions/52340082/52340082.raw
52340450,971079,2026-05-05T04:11:48.150Z,v222 identity conv pad bundle,submission.zip,5877.64,5877.64,COMPLETE,keithtyser,keithtyser,/goal win silver medal,/submissions/52340450/52340450.raw
52340532,971151,2026-05-05T04:15:38.373Z,v223 depthwise identity pad bundle,submission.zip,5877.64,5877.64,COMPLETE,keithtyser,keithtyser,/goal win silver medal,/submissions/52340532/52340532.raw
52340714,971489,2026-05-05T04:24:38.073Z,v224 channel rewrite bundle,submission.zip,5876.83,5876.83,COMPLETE,keithtyser,keithtyser,/goal win silver medal,/submissions/52340714/52340714.raw
52341238,963076,2026-05-05T04:50:55.530Z,v226 value_info strip metadata cost,submission.zip,5878.49,5878.49,COMPLETE,keithtyser,keithtyser,/goal win silver medal,/submissions/52341238/52341238.raw
52341495,955291,2026-05-05T05:01:48.963Z,v227 task323 direct marker index,submission.zip,5878.91,5878.91,COMPLETE,keithtyser,keithtyser,/goal win silver medal,/submissions/52341495/52341495.raw
52341594,954223,2026-05-05T05:05:35.390Z,v228 task323 task266 direct index,submission.zip,5879.50,5879.50,COMPLETE,keithtyser,keithtyser,/goal win silver medal,/submissions/52341594/52341594.raw
52341711,945641,2026-05-05T05:11:05.350Z,v229 task248 task357 direct width,submission.zip,5880.63,5880.63,COMPLETE,keithtyser,keithtyser,/goal win silver medal,/submissions/52341711/52341711.raw
52341816,941030,2026-05-05T05:15:26.633Z,v230 task200 direct marker index,submission.zip,5880.96,5880.96,COMPLETE,keithtyser,keithtyser,/goal win silver medal,/submissions/52341816/52341816.raw
52341940,939440,2026-05-05T05:21:10.183Z,v231 task262 task104 direct rules,submission.zip,5881.72,5881.72,COMPLETE,keithtyser,keithtyser,/goal win silver medal,/submissions/52341940/52341940.raw
52342026,933252,2026-05-05T05:25:08.980Z,v232 task176 task292 direct width,submission.zip,5882.79,5882.79,COMPLETE,keithtyser,keithtyser,/goal win silver medal,/submissions/52342026/52342026.raw
52342140,920184,2026-05-05T05:30:39.007Z,v233 task375 task336 direct banks,submission.zip,5883.48,5883.48,COMPLETE,keithtyser,keithtyser,/goal win silver medal,/submissions/52342140/52342140.raw
52342236,920023,2026-05-05T05:34:57.997Z,v234 task399 red count,submission.zip,5885.91,5885.91,COMPLETE,keithtyser,keithtyser,/goal win silver medal,/submissions/52342236/52342236.raw
52342333,919912,2026-05-05T05:38:48.213Z,v235 task274 bounded scan,submission.zip,5887.16,5887.16,COMPLETE,keithtyser,keithtyser,/goal win silver medal,/submissions/52342333/52342333.raw
52344292,919805,2026-05-05T06:54:50.743Z,v236 task383 lower-memory barnacle solver,submission.zip,5888.44,5888.44,COMPLETE,keithtyser,keithtyser,/goal win silver medal,/submissions/52344292/52344292.raw
52344486,918869,2026-05-05T07:03:34.137Z,v237 task358 label-grid cross,submission.zip,5888.96,5888.96,COMPLETE,keithtyser,keithtyser,/goal win silver medal,/submissions/52344486/52344486.raw
52344597,918740,2026-05-05T07:07:20.677Z,v238 task280 concat output tail,submission.zip,5889.54,5889.54,COMPLETE,keithtyser,keithtyser,/goal win silver medal,/submissions/52344597/52344597.raw
52344693,918599,2026-05-05T07:11:16.423Z,v239 task330 concat output tail,submission.zip,5890.15,5890.15,COMPLETE,keithtyser,keithtyser,/goal win silver medal,/submissions/52344693/52344693.raw
52344759,918475,2026-05-05T07:14:09.010Z,v240 task025 concat output tail,submission.zip,5890.25,5890.25,COMPLETE,keithtyser,keithtyser,/goal win silver medal,/submissions/52344759/52344759.raw
52344912,918572,2026-05-05T07:19:56.690Z,v241 task109 label tail,submission.zip,5890.62,5890.62,COMPLETE,keithtyser,keithtyser,/goal win silver medal,/submissions/52344912/52344912.raw
52345079,918399,2026-05-05T07:26:00.440Z,v242 task019 label tile,submission.zip,5904.13,5904.13,COMPLETE,keithtyser,keithtyser,/goal win silver medal,/submissions/52345079/52345079.raw
52345168,918269,2026-05-05T07:29:45.827Z,v243 task071 label reflect,submission.zip,5905.00,5905.00,COMPLETE,keithtyser,keithtyser,/goal win silver medal,/submissions/52345168/52345168.raw
52345251,918065,2026-05-05T07:33:21.280Z,v244 task059 label board,submission.zip,5906.60,5906.60,COMPLETE,keithtyser,keithtyser,/goal win silver medal,/submissions/52345251/52345251.raw
52345342,918218,2026-05-05T07:36:41.083Z,v245 task141 label x,submission.zip,5907.07,5907.07,COMPLETE,keithtyser,keithtyser,/goal win silver medal,/submissions/52345342/52345342.raw
52345419,918332,2026-05-05T07:39:42.600Z,v246 task192 label rect,submission.zip,5907.59,5907.59,COMPLETE,keithtyser,keithtyser,/goal win silver medal,/submissions/52345419/52345419.raw
52345499,918458,2026-05-05T07:42:52.147Z,v247 task224 label border,submission.zip,5908.13,5908.13,COMPLETE,keithtyser,keithtyser,/goal win silver medal,/submissions/52345499/52345499.raw
52345638,918507,2026-05-05T07:47:34.930Z,v248 task298 label rings,submission.zip,5908.95,5908.95,COMPLETE,keithtyser,keithtyser,/goal win silver medal,/submissions/52345638/52345638.raw
52345714,918518,2026-05-05T07:50:41.257Z,v249 task359 label pick,submission.zip,5909.12,5909.12,COMPLETE,keithtyser,keithtyser,/goal win silver medal,/submissions/52345714/52345714.raw
52345821,918700,2026-05-05T07:53:34.037Z,v250 task388 label tile,submission.zip,5909.63,5909.63,COMPLETE,keithtyser,keithtyser,/goal win silver medal,/submissions/52345821/52345821.raw
52345951,918940,2026-05-05T07:58:01.373Z,v251 task187 label fill,submission.zip,5909.87,5909.87,COMPLETE,keithtyser,keithtyser,/goal win silver medal,/submissions/52345951/52345951.raw
52346788,919505,2026-05-05T08:25:55.250Z,v252 masked onehot batch,submission.zip,5910.60,5910.60,COMPLETE,keithtyser,keithtyser,/goal win silver medal,/submissions/52346788/52346788.raw
52347809,919469,2026-05-05T08:59:14.647Z,v253 task209 task018 label tails,submission.zip,5910.70,5910.70,COMPLETE,keithtyser,keithtyser,/goal win silver medal,/submissions/52347809/52347809.raw
52348131,919924,2026-05-05T09:09:21.997Z,v254 label tail batch,submission.zip,5911.32,5911.32,COMPLETE,keithtyser,keithtyser,/goal win silver medal,/submissions/52348131/52348131.raw
52348280,920238,2026-05-05T09:14:32.743Z,v255 masked tail batch,submission.zip,5913.42,5913.42,COMPLETE,keithtyser,keithtyser,/goal win silver medal,/submissions/52348280/52348280.raw
52348456,918942,2026-05-05T09:20:13.957Z,v256 out scalar label batch,submission.zip,5916.52,5916.52,COMPLETE,keithtyser,keithtyser,/goal win silver medal,/submissions/52348456/52348456.raw
52348778,918692,2026-05-05T09:31:32.890Z,v257 bool outputs plus task252,submission.zip,5920.49,5920.49,COMPLETE,keithtyser,keithtyser,/goal win silver medal,/submissions/52348778/52348778.raw
52348933,918703,2026-05-05T09:36:25.690Z,v258 small cast pad wins,submission.zip,5920.89,5920.89,COMPLETE,keithtyser,keithtyser,/goal win silver medal,/submissions/52348933/52348933.raw
52349598,919083,2026-05-05T09:56:43.707Z,v259 mechanical conv rewrites,submission.zip,5920.08,5920.08,COMPLETE,keithtyser,keithtyser,/goal win silver medal,/submissions/52349598/52349598.raw
52349855,923477,2026-05-05T10:05:38.910Z,v260 onnxsim concat verified,submission.zip,5920.78,5920.78,COMPLETE,keithtyser,keithtyser,/goal win silver medal,/submissions/52349855/52349855.raw
52349970,923026,2026-05-05T10:10:09.453Z,v261 onnxsim concat from v258,submission.zip,5922.09,5922.09,COMPLETE,keithtyser,keithtyser,/goal win silver medal,/submissions/52349970/52349970.raw
52351332,923891,2026-05-05T11:01:42.870Z,v262 gated onnxsim on v261,submission.zip,5922.13,5922.13,COMPLETE,keithtyser,keithtyser,/goal win silver medal,/submissions/52351332/52351332.raw
52351354,1180251,2026-05-05T11:02:44.273Z,v263 beicicc 6645 open artifact benchmark,submission.zip,1128.42,1128.42,COMPLETE,keithtyser,keithtyser,/goal win silver medal,/submissions/52351354/52351354.raw
52351367,1093110,2026-05-05T11:03:14.690Z,v264 franksunp v24 public blend benchmark,submission.zip,,,ERROR,keithtyser,keithtyser,/goal win silver medal,/submissions/52351367/52351367.raw
52351396,824005,2026-05-05T11:04:33.393Z,v265 public cost blend v24 plus v262,submission.zip,5385.16,5385.16,COMPLETE,keithtyser,keithtyser,/goal win silver medal,/submissions/52351396/52351396.raw
52351470,888667,2026-05-05T11:06:55.870Z,v267 official-valid frank wins on v262,submission.zip,5674.87,5674.87,COMPLETE,keithtyser,keithtyser,/goal win silver medal,/submissions/52351470/52351470.raw
52351549,888835,2026-05-05T11:09:50.603Z,v268 frank wins no task018,submission.zip,5685.82,5685.82,COMPLETE,keithtyser,keithtyser,/goal win silver medal,/submissions/52351549/52351549.raw
52351584,864204,2026-05-05T11:11:11.713Z,v269 diag frank wins half A,submission.zip,5801.71,5801.71,COMPLETE,keithtyser,keithtyser,/goal win silver medal,/submissions/52351584/52351584.raw
52351589,948522,2026-05-05T11:11:14.547Z,v270 diag frank wins half B,submission.zip,5806.23,5806.23,COMPLETE,keithtyser,keithtyser,/goal win silver medal,/submissions/52351589/52351589.raw
52351680,936717,2026-05-05T11:14:19.317Z,v271 single frank task205,submission.zip,5909.43,5909.43,COMPLETE,keithtyser,keithtyser,/goal win silver medal,/submissions/52351680/52351680.raw
52351683,922250,2026-05-05T11:14:21.980Z,v272 single frank task023,submission.zip,5908.85,5908.85,COMPLETE,keithtyser,keithtyser,/goal win silver medal,/submissions/52351683/52351683.raw
52351812,920144,2026-05-05T11:20:04.393Z,v273 task117 safer generalization,submission.zip,5922.51,5922.51,COMPLETE,keithtyser,keithtyser,/goal win silver medal,/submissions/52351812/52351812.raw
52351885,924590,2026-05-05T11:23:11.097Z,v274 task191 safer generalization isolated,submission.zip,5921.99,5921.99,COMPLETE,keithtyser,keithtyser,/goal win silver medal,/submissions/52351885/52351885.raw
52352012,919858,2026-05-05T11:28:11.117Z,v275 task158 safer generalization on v273,submission.zip,5922.40,5922.40,COMPLETE,keithtyser,keithtyser,/goal win silver medal,/submissions/52352012/52352012.raw
52354003,921483,2026-05-05T12:38:19.557Z,v278 task023 residual tree on v273,submission.zip,5921.99,5921.99,COMPLETE,keithtyser,keithtyser,/goal win silver medal,/submissions/52354003/52354003.raw
52354138,921333,2026-05-05T12:42:52.750Z,v279 task255 boundary trim on v273,submission.zip,5922.50,5922.50,COMPLETE,keithtyser,keithtyser,/goal win silver medal,/submissions/52354138/52354138.raw
52355248,920157,2026-05-05T13:17:22.473Z,v280 task117 identity conv to pad,submission.zip,5922.51,5922.51,COMPLETE,keithtyser,keithtyser,/goal win silver medal,/submissions/52355248/52355248.raw
52356853,921946,2026-05-05T14:10:12.683Z,v282 task209 cost plus task255 boundary on v280,submission.zip,5922.38,5922.38,COMPLETE,keithtyser,keithtyser,/goal win silver medal,/submissions/52356853/52356853.raw
52357531,920469,2026-05-05T14:33:19.353Z,v306 cost-only exact rewrites on v280,submission.zip,5921.72,5921.72,COMPLETE,keithtyser,keithtyser,/goal win silver medal,/submissions/52357531/52357531.raw
52358343,919635,2026-05-05T14:59:38.320Z,v308 task066 sparse stored guard on v280,submission.zip,5923.11,5923.11,COMPLETE,keithtyser,keithtyser,/goal win silver medal,/submissions/52358343/52358343.raw
52358635,916783,2026-05-05T15:09:14.957Z,v310 task066 plus task319 guarded on v280,submission.zip,5923.22,5923.22,COMPLETE,keithtyser,keithtyser,/goal win silver medal,/submissions/52358635/52358635.raw
52360369,916497,2026-05-05T16:10:48.683Z,v313 task158 robust fresh swap on v310,submission.zip,5923.11,5923.11,COMPLETE,keithtyser,keithtyser,/goal win silver medal,/submissions/52360369/52360369.raw
52360868,916823,2026-05-05T16:33:37.653Z,v314 task149 composed cost rewrite on v310,submission.zip,5922.70,5922.70,COMPLETE,keithtyser,keithtyser,/goal win silver medal,/submissions/52360868/52360868.raw
52362773,918213,2026-05-05T17:54:58.913Z,v315 task105 task255 no-regression fresh overlay on v310,submission.zip,5923.20,5923.20,COMPLETE,keithtyser,keithtyser,/goal win silver medal,/submissions/52362773/52362773.raw
52363075,958536,2026-05-05T18:08:38.633Z,v316 frank wins restore slow task157 task233 on v310,submission.zip,5699.57,5699.57,COMPLETE,keithtyser,keithtyser,/goal win silver medal,/submissions/52363075/52363075.raw
52364377,906505,2026-05-05T19:12:55.507Z,v317 public5377 positive fresh128 overlay,submission.zip,5990.95,5990.95,COMPLETE,keithtyser,keithtyser,/goal win silver medal,/submissions/52364377/52364377.raw
52364855,906896,2026-05-05T19:38:17.950Z,v318 task000 public5377 low-cost probe,submission.zip,5990.95,5990.95,COMPLETE,keithtyser,keithtyser,/goal win silver medal,/submissions/52364855/52364855.raw
52365195,907304,2026-05-05T19:56:24.050Z,v319 task209 task233 safe local cost wins,submission.zip,5990.76,5990.76,COMPLETE,keithtyser,keithtyser,/goal win silver medal,/submissions/52365195/52365195.raw
52365839,903685,2026-05-05T20:35:01.170Z,v320 konbu14 safe fresh512 positives,submission.zip,6007.32,6007.32,COMPLETE,keithtyser,keithtyser,/goal win silver medal,/submissions/52365839/52365839.raw
52366643,903766,2026-05-05T21:15:00.903Z,v321b local safe fresh512 8-task bundle,submission.zip,6007.01,6007.01,COMPLETE,keithtyser,keithtyser,/goal win silver medal,/submissions/52366643/52366643.raw
52366695,903682,2026-05-05T21:18:20.197Z,v322 probe task117 only on v320,submission.zip,6007.32,6007.32,COMPLETE,keithtyser,keithtyser,/goal win silver medal,/submissions/52366695/52366695.raw
52366760,903730,2026-05-05T21:21:43.313Z,v323 probe task321 only on v320,submission.zip,6007.31,6007.31,COMPLETE,keithtyser,keithtyser,/goal win silver medal,/submissions/52366760/52366760.raw
52366809,903755,2026-05-05T21:24:13.970Z,v324 probe task396 only on v320,submission.zip,6007.31,6007.31,COMPLETE,keithtyser,keithtyser,/goal win silver medal,/submissions/52366809/52366809.raw
52366859,903739,2026-05-05T21:27:12.130Z,v325 probe task195 only on v320,submission.zip,6007.25,6007.25,COMPLETE,keithtyser,keithtyser,/goal win silver medal,/submissions/52366859/52366859.raw
52366894,903489,2026-05-05T21:29:57.680Z,v326 probe task156 only on v320,submission.zip,6007.27,6007.27,COMPLETE,keithtyser,keithtyser,/goal win silver medal,/submissions/52366894/52366894.raw
52366975,903796,2026-05-05T21:34:22.277Z,v327 task149 single-output on v324,submission.zip,6006.79,6006.79,COMPLETE,keithtyser,keithtyser,/goal win silver medal,/submissions/52366975/52366975.raw
52367034,903768,2026-05-05T21:38:11.867Z,v328 task321 channel-embed on v324,submission.zip,6007.32,6007.32,COMPLETE,keithtyser,keithtyser,/goal win silver medal,/submissions/52367034/52367034.raw
52367420,904355,2026-05-05T21:59:43.293Z,v333 task209 slice-gate cost-only on v324,submission.zip,6007.19,6007.19,COMPLETE,keithtyser,keithtyser,/goal win silver medal,/submissions/52367420/52367420.raw
52367833,903747,2026-05-05T22:25:43.947Z,v334 task191 public6272 isolated fresh2048 clean,submission.zip,6007.24,6007.24,COMPLETE,keithtyser,keithtyser,/goal win silver medal,/submissions/52367833/52367833.raw
52368182,904944,2026-05-05T22:51:58.743Z,v335 task255 boundary v206 on v324 fresh2048 positive,submission.zip,6007.31,6007.31,COMPLETE,keithtyser,keithtyser,/goal win silver medal,/submissions/52368182/52368182.raw
52368477,903777,2026-05-05T23:14:44.733Z,v336 task264 identity rewrite on v324 equivalence checked,submission.zip,6007.31,6007.31,COMPLETE,keithtyser,keithtyser,/goal win silver medal,/submissions/52368477/52368477.raw
52368801,903522,2026-05-05T23:36:32.007Z,v337 task158 h26w25 window on v324 dominates fresh8192,submission.zip,6007.18,6007.18,COMPLETE,keithtyser,keithtyser,/goal win silver medal,/submissions/52368801/52368801.raw
52368844,1180251,2026-05-05T23:41:41.037Z,v338 beicicc 6645 public artifact direct check,submission.zip,1128.42,1128.42,COMPLETE,keithtyser,keithtyser,/goal win silver medal,/submissions/52368844/52368844.raw
52369459,903790,2026-05-06T00:16:07.077Z,v342 task321 plus task264 exact cost rewrites on v324,submission.zip,6007.32,6007.32,COMPLETE,keithtyser,keithtyser,/goal win silver medal,/submissions/52369459/52369459.raw
52369574,903881,2026-05-06T00:24:22.163Z,v344 v342 plus task117 181 356 current-root safe rewrites,submission.zip,6007.13,6007.13,COMPLETE,keithtyser,keithtyser,/goal win silver medal,/submissions/52369574/52369574.raw
52369641,903884,2026-05-06T00:28:18.690Z,v345 v342 plus task181 356 tiny safe rewrites,submission.zip,6007.13,6007.13,COMPLETE,keithtyser,keithtyser,/goal win silver medal,/submissions/52369641/52369641.raw
52371303,903650,2026-05-06T01:42:02.487Z,v346 v342 plus task080 staticized cost win,submission.zip,6007.49,6007.49,COMPLETE,keithtyser,keithtyser,/goal win silver medal,/submissions/52371303/52371303.raw
52371751,903849,2026-05-06T02:01:21.720Z,v347 v346 plus task233 slice gate isolated,submission.zip,6007.43,6007.43,COMPLETE,keithtyser,keithtyser,/goal win silver medal,/submissions/52371751/52371751.raw
52374311,908251,2026-05-06T03:45:27.517Z,v348 v346 plus task018 v198 accuracy isolated,submission.zip,6007.35,6007.35,COMPLETE,keithtyser,keithtyser,/goal win silver medal,/submissions/52374311/52374311.raw
52374679,904661,2026-05-06T04:00:25.983Z,v349 v346 plus task219 aw1bw2right accuracy trade,submission.zip,6007.49,6007.49,COMPLETE,keithtyser,keithtyser,/goal win silver medal,/submissions/52374679/52374679.raw
52375094,903835,2026-05-06T04:19:21.857Z,v350 v346 plus task025 bool mask cost rewrite,submission.zip,6008.40,6008.40,COMPLETE,keithtyser,keithtyser,/goal win silver medal,/submissions/52375094/52375094.raw
52375281,903865,2026-05-06T04:27:34.890Z,v351 v350 plus task366 float16 count masks,submission.zip,6008.48,6008.48,COMPLETE,keithtyser,keithtyser,/goal win silver medal,/submissions/52375281/52375281.raw
52375705,904109,2026-05-06T04:48:18.267Z,v352 v351 combined float16 dtype cost batch,submission.zip,6009.06,6009.06,COMPLETE,keithtyser,keithtyser,/goal win silver medal,/submissions/52375705/52375705.raw
52375911,904437,2026-05-06T04:57:11.697Z,v353 v352 combined reducmax float16 cost batch,submission.zip,6009.45,6009.45,COMPLETE,keithtyser,keithtyser,/goal win silver medal,/submissions/52375911/52375911.raw
52376303,904513,2026-05-06T05:16:29.953Z,v354 v353 tail type float16 batch,submission.zip,6009.62,6009.62,COMPLETE,keithtyser,keithtyser,/goal win silver medal,/submissions/52376303/52376303.raw
52376500,904615,2026-05-06T05:26:26.897Z,v355 v354 compare output float16 batch,submission.zip,6009.77,6009.77,COMPLETE,keithtyser,keithtyser,/goal win silver medal,/submissions/52376500/52376500.raw
52376634,904661,2026-05-06T05:33:27.527Z,v356 v355 task101 compare plus task361 pad f16,submission.zip,6009.90,6009.90,COMPLETE,keithtyser,keithtyser,/goal win silver medal,/submissions/52376634/52376634.raw
52376751,904724,2026-05-06T05:38:17.873Z,v357 v356 pad output float16 batch,submission.zip,6010.54,6010.54,COMPLETE,keithtyser,keithtyser,/goal win silver medal,/submissions/52376751/52376751.raw
52377045,905859,2026-05-06T05:50:31.713Z,v358 v357 task021 task209 float16 batch,submission.zip,6010.66,6010.66,COMPLETE,keithtyser,keithtyser,/goal win silver medal,/submissions/52377045/52377045.raw
52377207,910253,2026-05-06T05:57:59.227Z,v359 v358 pad source float16 batch,submission.zip,6020.34,6020.34,COMPLETE,keithtyser,keithtyser,/goal win silver medal,/submissions/52377207/52377207.raw
52377397,910860,2026-05-06T06:07:44.080Z,v360 v359 final upstream float16 batch,submission.zip,6021.94,6021.94,COMPLETE,keithtyser,keithtyser,/goal win silver medal,/submissions/52377397/52377397.raw
52377877,911318,2026-05-06T06:28:30.643Z,v361 v360 dtype recheck batch,submission.zip,6022.39,6022.39,COMPLETE,keithtyser,keithtyser,/goal win silver medal,/submissions/52377877/52377877.raw
52378288,911677,2026-05-06T06:42:34.013Z,v362 v361 float subgraph highcost batch,submission.zip,6022.48,6022.48,COMPLETE,keithtyser,keithtyser,/goal win silver medal,/submissions/52378288/52378288.raw
52378470,911928,2026-05-06T06:50:40.617Z,v363 v362 float subgraph batch,submission.zip,6022.66,6022.66,COMPLETE,keithtyser,keithtyser,/goal win silver medal,/submissions/52378470/52378470.raw
52378606,912009,2026-05-06T06:56:22.923Z,v364 v363 float subgraph mid batch,submission.zip,6022.77,6022.77,COMPLETE,keithtyser,keithtyser,/goal win silver medal,/submissions/52378606/52378606.raw
52378812,912398,2026-05-06T07:03:46.880Z,v365 v364 float subgraph min10 batch,submission.zip,6023.65,6023.65,COMPLETE,keithtyser,keithtyser,/goal win silver medal,/submissions/52378812/52378812.raw
52379007,912854,2026-05-06T07:10:50.417Z,v366 v365 float subgraph min1 batch,submission.zip,,,ERROR,keithtyser,keithtyser,/goal win silver medal,/submissions/52379007/52379007.raw
52379552,913809,2026-05-06T07:30:47.333Z,v367 v365 dynamic highcost batch,submission.zip,6024.74,6024.74,COMPLETE,keithtyser,keithtyser,/goal win silver medal,/submissions/52379552/52379552.raw
52379703,913877,2026-05-06T07:35:07.840Z,v368 v367 task077 min1 isolate,submission.zip,6025.11,6025.11,COMPLETE,keithtyser,keithtyser,/goal win silver medal,/submissions/52379703/52379703.raw
52380189,916112,2026-05-06T07:53:26.680Z,v370 v368 dynamic min1 top10 batch,submission.zip,,,ERROR,keithtyser,keithtyser,/goal win silver medal,/submissions/52380189/52380189.raw
52380691,914043,2026-05-06T08:13:11.570Z,v371 v368 task308 dynamic min1 isolate,submission.zip,6025.57,6025.57,COMPLETE,keithtyser,keithtyser,/goal win silver medal,/submissions/52380691/52380691.raw
52380775,914599,2026-05-06T08:16:15.227Z,v372 v371 task017 task306 dynamic min1 batch,submission.zip,,,ERROR,keithtyser,keithtyser,/goal win silver medal,/submissions/52380775/52380775.raw
52380883,914386,2026-05-06T08:19:56.733Z,v373 v371 task017 dynamic min1 isolate,submission.zip,,,ERROR,keithtyser,keithtyser,/goal win silver medal,/submissions/52380883/52380883.raw
52380972,914348,2026-05-06T08:23:27.283Z,v374 v371 task023 dynamic min1 isolate,submission.zip,6025.91,6025.91,COMPLETE,keithtyser,keithtyser,/goal win silver medal,/submissions/52380972/52380972.raw
52381072,914490,2026-05-06T08:26:56.373Z,v375 v374 task201 dynamic min1 isolate,submission.zip,6026.24,6026.24,COMPLETE,keithtyser,keithtyser,/goal win silver medal,/submissions/52381072/52381072.raw
52381177,914562,2026-05-06T08:30:26.290Z,v376 v375 task229 dynamic min1 isolate,submission.zip,6026.58,6026.58,COMPLETE,keithtyser,keithtyser,/goal win silver medal,/submissions/52381177/52381177.raw
52381291,914924,2026-05-06T08:33:59.160Z,v377 v376 task153 dynamic min1 isolate,submission.zip,6026.86,6026.86,COMPLETE,keithtyser,keithtyser,/goal win silver medal,/submissions/52381291/52381291.raw
52381407,915075,2026-05-06T08:37:32.147Z,v378 v377 task277 dynamic min1 isolate,submission.zip,6027.15,6027.15,COMPLETE,keithtyser,keithtyser,/goal win silver medal,/submissions/52381407/52381407.raw
52381515,915122,2026-05-06T08:41:07.293Z,v379 v378 task226 dynamic min1 isolate,submission.zip,6027.37,6027.37,COMPLETE,keithtyser,keithtyser,/goal win silver medal,/submissions/52381515/52381515.raw
52381663,915556,2026-05-06T08:45:45.357Z,v380 v379 task238 dynamic min1 isolate,submission.zip,6027.59,6027.59,COMPLETE,keithtyser,keithtyser,/goal win silver medal,/submissions/52381663/52381663.raw
52381835,915634,2026-05-06T08:51:11.333Z,v381 v380 task239 dynamic min1 isolate,submission.zip,6027.82,6027.82,COMPLETE,keithtyser,keithtyser,/goal win silver medal,/submissions/52381835/52381835.raw
52381954,915790,2026-05-06T08:54:39.457Z,v382 v381 task361 dynamic min1 isolate,submission.zip,6028.05,6028.05,COMPLETE,keithtyser,keithtyser,/goal win silver medal,/submissions/52381954/52381954.raw
52382046,915943,2026-05-06T08:58:29.637Z,v383 v382 task089 dynamic min1 isolate,submission.zip,6028.36,6028.36,COMPLETE,keithtyser,keithtyser,/goal win silver medal,/submissions/52382046/52382046.raw
52382158,916248,2026-05-06T09:01:53.090Z,v384 v383 task159 dynamic min1 isolate,submission.zip,6028.54,6028.54,COMPLETE,keithtyser,keithtyser,/goal win silver medal,/submissions/52382158/52382158.raw
52382236,916370,2026-05-06T09:05:17.877Z,v385 v384 task102 dynamic min1 isolate,submission.zip,6028.71,6028.71,COMPLETE,keithtyser,keithtyser,/goal win silver medal,/submissions/52382236/52382236.raw
52382319,916522,2026-05-06T09:08:39.593Z,v386 v385 task396 dynamic min1 isolate,submission.zip,6028.90,6028.90,COMPLETE,keithtyser,keithtyser,/goal win silver medal,/submissions/52382319/52382319.raw
52382406,916597,2026-05-06T09:12:01.997Z,v387 v386 task356 dynamic min1 isolate,submission.zip,6029.05,6029.05,COMPLETE,keithtyser,keithtyser,/goal win silver medal,/submissions/52382406/52382406.raw
52382516,916768,2026-05-06T09:15:27.417Z,v388 v387 task182 dynamic min1 isolate,submission.zip,6029.17,6029.17,COMPLETE,keithtyser,keithtyser,/goal win silver medal,/submissions/52382516/52382516.raw
52382630,916871,2026-05-06T09:18:58.363Z,v389 v388 task237 dynamic min1 isolate,submission.zip,6029.34,6029.34,COMPLETE,keithtyser,keithtyser,/goal win silver medal,/submissions/52382630/52382630.raw
52382755,917105,2026-05-06T09:22:19.517Z,v390 v389 task086 dynamic min1 isolate,submission.zip,6029.44,6029.44,COMPLETE,keithtyser,keithtyser,/goal win silver medal,/submissions/52382755/52382755.raw
52382876,917318,2026-05-06T09:25:50.913Z,v391 v390 task306 dynamic min1 isolate,submission.zip,6029.84,6029.84,COMPLETE,keithtyser,keithtyser,/goal win silver medal,/submissions/52382876/52382876.raw
52383040,917450,2026-05-06T09:30:56.967Z,v392 v391 task370 dynamic min1 isolate,submission.zip,6029.94,6029.94,COMPLETE,keithtyser,keithtyser,/goal win silver medal,/submissions/52383040/52383040.raw
52383165,917482,2026-05-06T09:34:22.103Z,v393 v392 task234 dynamic min1 isolate,submission.zip,,,ERROR,keithtyser,keithtyser,/goal win silver medal,/submissions/52383165/52383165.raw
52383272,917533,2026-05-06T09:37:46.803Z,v394 v392 task280 dynamic min1 isolate,submission.zip,6030.01,6030.01,COMPLETE,keithtyser,keithtyser,/goal win silver medal,/submissions/52383272/52383272.raw
52383378,917608,2026-05-06T09:41:12.180Z,v395 v394 task387 dynamic min1 isolate,submission.zip,6030.06,6030.06,COMPLETE,keithtyser,keithtyser,/goal win silver medal,/submissions/52383378/52383378.raw
52383487,917636,2026-05-06T09:44:33.113Z,v396 v395 task301 dynamic min1 isolate,submission.zip,6030.13,6030.13,COMPLETE,keithtyser,keithtyser,/goal win silver medal,/submissions/52383487/52383487.raw
52383576,917813,2026-05-06T09:47:57.350Z,v397 v396 task198 dynamic min1 isolate,submission.zip,6030.16,6030.16,COMPLETE,keithtyser,keithtyser,/goal win silver medal,/submissions/52383576/52383576.raw
52383682,917911,2026-05-06T09:51:20.580Z,v398 v397 task208 dynamic min1 isolate,submission.zip,6030.24,6030.24,COMPLETE,keithtyser,keithtyser,/goal win silver medal,/submissions/52383682/52383682.raw
52383781,917999,2026-05-06T09:54:41.520Z,v399 v398 task290 dynamic min1 isolate,submission.zip,6030.29,6030.29,COMPLETE,keithtyser,keithtyser,/goal win silver medal,/submissions/52383781/52383781.raw
52383887,918295,2026-05-06T09:58:10.093Z,v400 v399 task005 dynamic min1 isolate,submission.zip,6030.32,6030.32,COMPLETE,keithtyser,keithtyser,/goal win silver medal,/submissions/52383887/52383887.raw
52384386,918581,2026-05-06T10:14:32.830Z,v401 v400 task319 final upstream f16 isolate,submission.zip,6030.43,6030.43,COMPLETE,keithtyser,keithtyser,/goal win silver medal,/submissions/52384386/52384386.raw
52384802,918669,2026-05-06T10:28:44.370Z,v402 v401 task279 pad source f16 isolate,submission.zip,6030.49,6030.49,COMPLETE,keithtyser,keithtyser,/goal win silver medal,/submissions/52384802/52384802.raw
52384894,918741,2026-05-06T10:31:54.183Z,v403 v402 task038 pad source f16 isolate,submission.zip,6030.49,6030.49,COMPLETE,keithtyser,keithtyser,/goal win silver medal,/submissions/52384894/52384894.raw
52384990,918767,2026-05-06T10:35:26.697Z,v404 v403 task185 final upstream f16 isolate,submission.zip,6030.51,6030.51,COMPLETE,keithtyser,keithtyser,/goal win silver medal,/submissions/52384990/52384990.raw
52386196,918781,2026-05-06T11:16:17.327Z,v405 v404 task160 channel embed conv isolate,submission.zip,6030.51,6030.51,COMPLETE,keithtyser,keithtyser,/goal win silver medal,/submissions/52386196/52386196.raw
52386273,918893,2026-05-06T11:18:54.993Z,v406 v405 task344 single output conv isolate,submission.zip,6030.41,6030.41,COMPLETE,keithtyser,keithtyser,/goal win silver medal,/submissions/52386273/52386273.raw
52387208,918622,2026-05-06T11:46:58.457Z,v407 v405 task396 onnxsim isolate,submission.zip,6030.79,6030.79,COMPLETE,keithtyser,keithtyser,/goal win silver medal,/submissions/52387208/52387208.raw
52387297,922649,2026-05-06T11:49:42.623Z,v408 v405 task319 onnxsim isolate,submission.zip,6030.62,6030.62,COMPLETE,keithtyser,keithtyser,/goal win silver medal,/submissions/52387297/52387297.raw
52387423,922566,2026-05-06T11:53:31.440Z,v409 v405 task396 task319 task354 safe combo,submission.zip,6030.91,6030.91,COMPLETE,keithtyser,keithtyser,/goal win silver medal,/submissions/52387423/52387423.raw
52387574,918703,2026-05-06T11:58:21.807Z,v410 v405 task226 onnxsim isolate,submission.zip,6030.65,6030.65,COMPLETE,keithtyser,keithtyser,/goal win silver medal,/submissions/52387574/52387574.raw
52387696,918652,2026-05-06T12:02:14.287Z,v411 v410 task010 onnxsim isolate,submission.zip,6030.76,6030.76,COMPLETE,keithtyser,keithtyser,/goal win silver medal,/submissions/52387696/52387696.raw
52387887,918648,2026-05-06T12:07:34.697Z,v412 v411 task281 float subgraph f16 isolate,submission.zip,,,ERROR,keithtyser,keithtyser,/goal win silver medal,/submissions/52387887/52387887.raw
52388077,918651,2026-05-06T12:12:59.350Z,v413 v411 task325 reducesum f16 isolate,submission.zip,6030.81,6030.81,COMPLETE,keithtyser,keithtyser,/goal win silver medal,/submissions/52388077/52388077.raw
52388188,918958,2026-05-06T12:17:08.623Z,v414 v413 tiny gated safe combo task247 task203 task190 task354,submission.zip,,,ERROR,keithtyser,keithtyser,/goal win silver medal,/submissions/52388188/52388188.raw
52391189,918816,2026-05-06T13:48:08.063Z,v416 v413 task119 float subgraph isolate,submission.zip,6031.07,6031.07,COMPLETE,keithtyser,keithtyser,/goal win silver medal,/submissions/52391189/52391189.raw
52391462,919113,2026-05-06T13:55:34.370Z,v417 v416 task202 float subgraph isolate,submission.zip,6031.07,6031.07,COMPLETE,keithtyser,keithtyser,/goal win silver medal,/submissions/52391462/52391462.raw
52391598,920044,2026-05-06T13:59:34.353Z,v418 v417 float subgraph small safe combo,submission.zip,6031.27,6031.27,COMPLETE,keithtyser,keithtyser,/goal win silver medal,/submissions/52391598/52391598.raw
52391764,933865,2026-05-06T14:04:07.480Z,v419 v418 task174 float subgraph min5 isolate,submission.zip,6031.49,6031.49,COMPLETE,keithtyser,keithtyser,/goal win silver medal,/submissions/52391764/52391764.raw
52391837,934071,2026-05-06T14:06:45.540Z,v420 v419 task163 task134 task259 float subgraph combo,submission.zip,6031.53,6031.53,COMPLETE,keithtyser,keithtyser,/goal win silver medal,/submissions/52391837/52391837.raw
52392627,934676,2026-05-06T14:33:28.510Z,v421 v420 small onnxsim plus task354 combo,submission.zip,6031.58,6031.58,COMPLETE,keithtyser,keithtyser,/goal win silver medal,/submissions/52392627/52392627.raw
52392873,934721,2026-05-06T14:42:27.737Z,v422 v421 task160 single output conv isolate,submission.zip,6031.52,6031.52,COMPLETE,keithtyser,keithtyser,/goal win silver medal,/submissions/52392873/52392873.raw
52393160,934778,2026-05-06T14:51:52.630Z,v424 v421 task354 float subgraph isolate,submission.zip,6031.90,6031.90,COMPLETE,keithtyser,keithtyser,/goal win silver medal,/submissions/52393160/52393160.raw
52393264,934740,2026-05-06T14:56:15.570Z,v425 v424 task354 onnxsim followup,submission.zip,6031.95,6031.95,COMPLETE,keithtyser,keithtyser,/goal win silver medal,/submissions/52393264/52393264.raw
52393602,934770,2026-05-06T15:09:12.177Z,v426 v425 task264 final upstream f16 isolate,submission.zip,6032.01,6032.01,COMPLETE,keithtyser,keithtyser,/goal win silver medal,/submissions/52393602/52393602.raw
52395135,934767,2026-05-06T16:09:49.617Z,v428 v426 task281 arith f16 isolate,submission.zip,,,ERROR,keithtyser,keithtyser,/goal win silver medal,/submissions/52395135/52395135.raw
52395552,934757,2026-05-06T16:28:25.220Z,v430 v426 task025 bool output isolate,submission.zip,6032.04,6032.04,COMPLETE,keithtyser,keithtyser,/goal win silver medal,/submissions/52395552/52395552.raw
52398018,938652,2026-05-06T18:16:42.410Z,v431 v430 onnxsim plus task203 safe gates,submission.zip,6032.45,6032.45,COMPLETE,keithtyser,keithtyser,/goal win silver medal,/submissions/52398018/52398018.raw
52399249,939667,2026-05-06T19:29:41.463Z,v432 v431 task219 aw1bw2right 20k fresh gate,submission.zip,6032.45,6032.45,COMPLETE,keithtyser,keithtyser,/goal win silver medal,/submissions/52399249/52399249.raw
52399301,938652,2026-05-06T19:32:18.833Z,restore v431 best 6055.81,submission.zip,6032.45,6032.45,COMPLETE,keithtyser,keithtyser,/goal win silver medal,/submissions/52399301/52399301.raw
52400400,943402,2026-05-06T20:45:06.157Z,v433 v431 task018 simo label-pad freshness probe,submission.zip,6032.31,6032.31,COMPLETE,keithtyser,keithtyser,/goal win silver medal,/submissions/52400400/52400400.raw
52400438,938652,2026-05-06T20:47:26.000Z,restore v431 after v433 task018 probe,submission.zip,6032.45,6032.45,COMPLETE,keithtyser,keithtyser,/goal win silver medal,/submissions/52400438/52400438.raw
52400759,939040,2026-05-06T21:09:18.307Z,v434 v431 plus valid task000 public5377,submission.zip,6032.45,6032.45,COMPLETE,keithtyser,keithtyser,/goal win silver medal,/submissions/52400759/52400759.raw
52401216,939804,2026-05-06T21:36:47.740Z,v435 v431 local safe cost combo plus task000,submission.zip,,,ERROR,keithtyser,keithtyser,/goal win silver medal,/submissions/52401216/52401216.raw
52401263,939389,2026-05-06T21:40:12.443Z,v436 v431 structural safe combo plus task000,submission.zip,6031.47,6031.47,COMPLETE,keithtyser,keithtyser,/goal win silver medal,/submissions/52401263/52401263.raw
52401338,1968367,2026-05-06T21:46:00.700Z,v437 direct afr6335 public artifact probe,submission.zip,,,ERROR,keithtyser,keithtyser,/goal win silver medal,/submissions/52401338/52401338.raw
52401667,938693,2026-05-06T22:09:55.690Z,v440 v431 task149 composed channel rewrite 20k fresh gate,submission.zip,6031.93,6031.93,COMPLETE,keithtyser,keithtyser,/goal win silver medal,/submissions/52401667/52401667.raw
52403209,933734,2026-05-06T23:53:13.660Z,v443 crop-tail cost bundle +0.121 local,submission.zip,6032.65,6032.65,COMPLETE,keithtyser,keithtyser,/goal win silver medal,/submissions/52403209/52403209.raw
52404208,933672,2026-05-07T00:36:47.137Z,v444 task076 exact tail pad +0.073 local,submission.zip,6032.76,6032.76,COMPLETE,keithtyser,keithtyser,/goal win silver medal,/submissions/52404208/52404208.raw
52404404,933453,2026-05-07T00:44:51.967Z,v445 task308 exact gather-mask pad +0.350 local,submission.zip,6033.16,6033.16,COMPLETE,keithtyser,keithtyser,/goal win silver medal,/submissions/52404404/52404404.raw
52404627,933197,2026-05-07T00:53:26.773Z,v446 tasks153 157 308 exact gather-mask pad +1.143 local,submission.zip,6033.90,6033.90,COMPLETE,keithtyser,keithtyser,/goal win silver medal,/submissions/52404627/52404627.raw
52404865,933581,2026-05-07T01:02:13.167Z,v447 reapply fresh4096 safe local history +1.307 local,submission.zip,,,ERROR,keithtyser,keithtyser,/goal win silver medal,/submissions/52404865/52404865.raw
52405726,1197838,2026-05-07T01:35:57.787Z,v449 direct public 6645 artifact probe for no-onnx_tool scorer,submission.zip,1128.42,1128.42,COMPLETE,keithtyser,keithtyser,/goal win silver medal,/submissions/52405726/52405726.raw
52406172,928166,2026-05-07T01:55:44.143Z,v450 exact prune unused initializers new metric +2.31 local,submission.zip,6036.22,6036.22,COMPLETE,keithtyser,keithtyser,/goal win silver medal,/submissions/52406172/52406172.raw
52406495,927081,2026-05-07T02:10:46.147Z,v452 task202 squeeze scorer eligibility + exact dedupe +13.50 local,submission.zip,6049.72,6049.72,COMPLETE,keithtyser,keithtyser,/goal win silver medal,/submissions/52406495/52406495.raw
52407060,926700,2026-05-07T02:33:32.610Z,v453 exact small scorer rewrites +0.193 local,submission.zip,6049.91,6049.91,COMPLETE,keithtyser,keithtyser,/goal win silver medal,/submissions/52407060/52407060.raw
52407503,922373,2026-05-07T02:51:01.797Z,v454 task219 f16 blue render chain +0.331 local,submission.zip,6050.24,6050.24,COMPLETE,keithtyser,keithtyser,/goal win silver medal,/submissions/52407503/52407503.raw
52407979,913466,2026-05-07T03:11:21.147Z,v455 task209 input_idx masks + task018 tail squeeze +0.051 local,submission.zip,6050.29,6050.29,COMPLETE,keithtyser,keithtyser,/goal win silver medal,/submissions/52407979/52407979.raw
52408297,914834,2026-05-07T03:23:30.580Z,v456 task376/task286 tail pad reorder +0.152 local,submission.zip,6050.44,6050.44,COMPLETE,keithtyser,keithtyser,/goal win silver medal,/submissions/52408297/52408297.raw
52408599,906588,2026-05-07T03:34:16.027Z,v457 remove redundant input_gated batch slices +18.704 local,submission.zip,6058.65,6058.65,COMPLETE,keithtyser,keithtyser,/goal win silver medal,/submissions/52408599/52408599.raw
52409035,901546,2026-05-07T03:49:02.020Z,v458 identity gather/slice/algebra cleanup +0.094 local,submission.zip,6058.75,6058.75,COMPLETE,keithtyser,keithtyser,/goal win silver medal,/submissions/52409035/52409035.raw
52409469,878072,2026-05-07T04:05:02.870Z,v459 revive v77 positive tasks +8.817 local,submission.zip,6029.02,6029.02,COMPLETE,keithtyser,keithtyser,/goal win silver medal,/submissions/52409469/52409469.raw
52409787,907750,2026-05-07T04:17:58.993Z,v460 isolated v77 task067 +2.660 local probe,submission.zip,6061.41,6061.41,COMPLETE,keithtyser,keithtyser,/goal win silver medal,/submissions/52409787/52409787.raw
52410007,898483,2026-05-07T04:28:18.743Z,v461 isolated v77 task096 +2.536 local probe,submission.zip,6049.23,6049.23,COMPLETE,keithtyser,keithtyser,/goal win silver medal,/submissions/52410007/52410007.raw
52410291,907460,2026-05-07T04:39:51.567Z,v462 isolated v77 task291 +1.293 local probe,submission.zip,6062.70,6062.70,COMPLETE,keithtyser,keithtyser,/goal win silver medal,/submissions/52410291/52410291.raw
52410465,907572,2026-05-07T04:48:49.237Z,v463 isolated v77 task389 +0.573 local probe,submission.zip,6063.27,6063.27,COMPLETE,keithtyser,keithtyser,/goal win silver medal,/submissions/52410465/52410465.raw
52410657,900276,2026-05-07T04:57:28.593Z,v464 isolated v77 task209 +0.532 local probe,submission.zip,6051.55,6051.55,COMPLETE,keithtyser,keithtyser,/goal win silver medal,/submissions/52410657/52410657.raw
52410827,907408,2026-05-07T05:05:51.380Z,v465 isolated v77 task150 +0.513 local probe,submission.zip,6063.79,6063.79,COMPLETE,keithtyser,keithtyser,/goal win silver medal,/submissions/52410827/52410827.raw
52410996,907280,2026-05-07T05:15:04.703Z,v466 isolated v77 task155 +0.284 local probe,submission.zip,6064.07,6064.07,COMPLETE,keithtyser,keithtyser,/goal win silver medal,/submissions/52410996/52410996.raw
52411199,905408,2026-05-07T05:24:19.277Z,v467 isolated v77 task219 +0.160 local probe,submission.zip,6052.65,6052.65,COMPLETE,keithtyser,keithtyser,/goal win silver medal,/submissions/52411199/52411199.raw
52411500,896176,2026-05-07T05:33:12.407Z,v468 isolated v77 task319 +0.150 local probe,submission.zip,6064.22,6064.22,COMPLETE,keithtyser,keithtyser,/goal win silver medal,/submissions/52411500/52411500.raw
52411745,896808,2026-05-07T05:42:11.503Z,v469 isolated v77 task196 +0.065 local probe,submission.zip,6064.29,6064.29,COMPLETE,keithtyser,keithtyser,/goal win silver medal,/submissions/52411745/52411745.raw
52412039,897692,2026-05-07T05:51:04.823Z,v470 isolated v77 task378 +0.052 local probe,submission.zip,6064.34,6064.34,COMPLETE,keithtyser,keithtyser,/goal win silver medal,/submissions/52412039/52412039.raw
52413053,897618,2026-05-07T06:32:06.110Z,v471 task018 int32 index arithmetic +0.247 local,submission.zip,6064.59,6064.59,COMPLETE,keithtyser,keithtyser,/goal win silver medal,/submissions/52413053/52413053.raw
52413365,898862,2026-05-07T06:45:50.020Z,v472 task219 f16 match diff chains +0.121 local,submission.zip,6064.71,6064.71,COMPLETE,keithtyser,keithtyser,/goal win silver medal,/submissions/52413365/52413365.raw
52413728,898911,2026-05-07T06:58:38.923Z,v473 task364 f16 pipeline +0.527 local,submission.zip,6065.23,6065.23,COMPLETE,keithtyser,keithtyser,/goal win silver medal,/submissions/52413728/52413728.raw
52413850,898907,2026-05-07T07:03:07.377Z,v474 task286 f16 pipeline +0.554 local,submission.zip,6065.79,6065.79,COMPLETE,keithtyser,keithtyser,/goal win silver medal,/submissions/52413850/52413850.raw
52413978,898954,2026-05-07T07:08:15.737Z,v475 task310 f16 pipeline +0.488 local,submission.zip,6066.27,6066.27,COMPLETE,keithtyser,keithtyser,/goal win silver medal,/submissions/52413978/52413978.raw
52414092,898631,2026-05-07T07:12:46.633Z,v476 task216 f16 pipeline +0.466 local,submission.zip,6066.74,6066.74,COMPLETE,keithtyser,keithtyser,/goal win silver medal,/submissions/52414092/52414092.raw
52414187,898676,2026-05-07T07:16:42.243Z,v477 task037 f16 pipeline +0.406 local,submission.zip,6067.15,6067.15,COMPLETE,keithtyser,keithtyser,/goal win silver medal,/submissions/52414187/52414187.raw
52414269,898591,2026-05-07T07:20:16.457Z,v478 task017 f16 pipeline +0.406 local,submission.zip,,,ERROR,keithtyser,keithtyser,/goal win silver medal,/submissions/52414269/52414269.raw
52414350,898683,2026-05-07T07:23:55.437Z,v479 task002 f16 pipeline +0.339 local,submission.zip,6067.49,6067.49,COMPLETE,keithtyser,keithtyser,/goal win silver medal,/submissions/52414350/52414350.raw
52414435,898713,2026-05-07T07:27:44.023Z,v480 task076 f16 pipeline +0.123 local,submission.zip,6067.61,6067.61,COMPLETE,keithtyser,keithtyser,/goal win silver medal,/submissions/52414435/52414435.raw
52414533,898670,2026-05-07T07:31:55.717Z,v481 task219 extra f16 pipeline +0.095 local,submission.zip,,,ERROR,keithtyser,keithtyser,/goal win silver medal,/submissions/52414533/52414533.raw
52414709,898733,2026-05-07T07:37:44.843Z,v482 task367 f16 pipeline +0.089 current-gated,submission.zip,6067.70,6067.70,COMPLETE,keithtyser,keithtyser,/goal win silver medal,/submissions/52414709/52414709.raw
52414795,898746,2026-05-07T07:40:30.303Z,v483 task096 f16 pipeline +0.048 current-gated,submission.zip,6067.66,6067.66,COMPLETE,keithtyser,keithtyser,/goal win silver medal,/submissions/52414795/52414795.raw
52414900,898766,2026-05-07T07:43:47.283Z,v484 task096 on v482 f16 +0.048 current-gated,submission.zip,6067.75,6067.75,COMPLETE,keithtyser,keithtyser,/goal win silver medal,/submissions/52414900/52414900.raw
52415114,898775,2026-05-07T07:51:16.513Z,v485 task187 f16 pipeline +0.383 current-gated,submission.zip,6068.13,6068.13,COMPLETE,keithtyser,keithtyser,/goal win silver medal,/submissions/52415114/52415114.raw
52415206,898816,2026-05-07T07:54:35.780Z,v486 task118 f16 pipeline +0.293 current-gated,submission.zip,6068.42,6068.42,COMPLETE,keithtyser,keithtyser,/goal win silver medal,/submissions/52415206/52415206.raw
52415359,898843,2026-05-07T07:58:00.303Z,v487 task117 f16 pipeline +0.291 current-gated,submission.zip,6068.71,6068.71,COMPLETE,keithtyser,keithtyser,/goal win silver medal,/submissions/52415359/52415359.raw
52415446,898896,2026-05-07T08:01:19.093Z,v488 task243 f16 pipeline +0.277 current-gated,submission.zip,6068.99,6068.99,COMPLETE,keithtyser,keithtyser,/goal win silver medal,/submissions/52415446/52415446.raw
52415543,898912,2026-05-07T08:04:58.127Z,v489 task110 f16 pipeline +0.266 current-gated,submission.zip,6069.26,6069.26,COMPLETE,keithtyser,keithtyser,/goal win silver medal,/submissions/52415543/52415543.raw
52415687,898877,2026-05-07T08:08:31.773Z,v490 task069 f16 pipeline +0.242 current-gated,submission.zip,6069.50,6069.50,COMPLETE,keithtyser,keithtyser,/goal win silver medal,/submissions/52415687/52415687.raw
52415774,898880,2026-05-07T08:12:06.057Z,v491 task358 f16 pipeline +0.236 current-gated,submission.zip,6069.73,6069.73,COMPLETE,keithtyser,keithtyser,/goal win silver medal,/submissions/52415774/52415774.raw
52415896,898899,2026-05-07T08:15:39.780Z,v492 task205 f16 pipeline +0.206 current-gated,submission.zip,6069.94,6069.94,COMPLETE,keithtyser,keithtyser,/goal win silver medal,/submissions/52415896/52415896.raw
52416054,898923,2026-05-07T08:20:19.530Z,v493 task206 f16 pipeline +0.198 current-gated,submission.zip,6070.14,6070.14,COMPLETE,keithtyser,keithtyser,/goal win silver medal,/submissions/52416054/52416054.raw
52416200,898966,2026-05-07T08:23:42.697Z,v494 task384 f16 pipeline +0.196 current-gated,submission.zip,6070.33,6070.33,COMPLETE,keithtyser,keithtyser,/goal win silver medal,/submissions/52416200/52416200.raw
52416287,898959,2026-05-07T08:27:00.443Z,v495 task191 f16 pipeline +0.196 current-gated,submission.zip,6070.53,6070.53,COMPLETE,keithtyser,keithtyser,/goal win silver medal,/submissions/52416287/52416287.raw
52416406,899003,2026-05-07T08:30:48.270Z,v496 task014 f16 pipeline +0.195 current-gated,submission.zip,6070.72,6070.72,COMPLETE,keithtyser,keithtyser,/goal win silver medal,/submissions/52416406/52416406.raw
52416491,898957,2026-05-07T08:34:32.703Z,v497 task107 f16 pipeline +0.141 current-gated,submission.zip,6070.86,6070.86,COMPLETE,keithtyser,keithtyser,/goal win silver medal,/submissions/52416491/52416491.raw
52416593,898990,2026-05-07T08:37:58.653Z,v498 task005 f16 pipeline +0.132 current-gated,submission.zip,6071.00,6071.00,COMPLETE,keithtyser,keithtyser,/goal win silver medal,/submissions/52416593/52416593.raw
52416687,899028,2026-05-07T08:41:29.407Z,v499 task022 f16 pipeline +0.127 current-gated,submission.zip,6071.12,6071.12,COMPLETE,keithtyser,keithtyser,/goal win silver medal,/submissions/52416687/52416687.raw
52416768,899066,2026-05-07T08:44:49.540Z,v500 task398 f16 pipeline +0.115 current-gated,submission.zip,6071.24,6071.24,COMPLETE,keithtyser,keithtyser,/goal win silver medal,/submissions/52416768/52416768.raw
52416911,898946,2026-05-07T08:49:47.740Z,v501 task328 f16 pipeline +0.113 current-gated,submission.zip,6071.35,6071.35,COMPLETE,keithtyser,keithtyser,/goal win silver medal,/submissions/52416911/52416911.raw
52417002,898945,2026-05-07T08:53:19.100Z,v502 task370 f16 pipeline +0.109 current-gated,submission.zip,6071.46,6071.46,COMPLETE,keithtyser,keithtyser,/goal win silver medal,/submissions/52417002/52417002.raw
52417081,898961,2026-05-07T08:56:18.373Z,v503 task198 f16 pipeline +0.102 current-gated,submission.zip,6071.56,6071.56,COMPLETE,keithtyser,keithtyser,/goal win silver medal,/submissions/52417081/52417081.raw
52417163,898976,2026-05-07T08:59:42.770Z,v504 task019 f16 pipeline +0.063 current-gated,submission.zip,6071.63,6071.63,COMPLETE,keithtyser,keithtyser,/goal win silver medal,/submissions/52417163/52417163.raw
52417241,898979,2026-05-07T09:03:06.367Z,v505 task106 f16 pipeline +0.057 current-gated,submission.zip,6071.68,6071.68,COMPLETE,keithtyser,keithtyser,/goal win silver medal,/submissions/52417241/52417241.raw
52417316,898981,2026-05-07T09:06:25.893Z,v506 task313 f16 pipeline +0.040 current-gated,submission.zip,6071.72,6071.72,COMPLETE,keithtyser,keithtyser,/goal win silver medal,/submissions/52417316/52417316.raw
52417399,899006,2026-05-07T09:09:27.903Z,v507 task300 f16 pipeline +0.019 current-gated,submission.zip,6071.74,6071.74,COMPLETE,keithtyser,keithtyser,/goal win silver medal,/submissions/52417399/52417399.raw
52417807,899003,2026-05-07T09:24:03.897Z,v508 task018 int32 tail labels +0.011 current-gated,submission.zip,6071.75,6071.75,COMPLETE,keithtyser,keithtyser,/goal win silver medal,/submissions/52417807/52417807.raw
52417899,898998,2026-05-07T09:27:24.030Z,v509 task286 int32 tail labels +0.049 current-gated,submission.zip,6071.80,6071.80,COMPLETE,keithtyser,keithtyser,/goal win silver medal,/submissions/52417899/52417899.raw
52417987,898998,2026-05-07T09:30:56.323Z,v510 task376 int32 tail labels +0.268 current-gated,submission.zip,6072.07,6072.07,COMPLETE,keithtyser,keithtyser,/goal win silver medal,/submissions/52417987/52417987.raw
52418060,898998,2026-05-07T09:34:18.537Z,v511 task305 int32 tail labels +0.359 current-gated,submission.zip,6072.43,6072.43,COMPLETE,keithtyser,keithtyser,/goal win silver medal,/submissions/52418060/52418060.raw
52418125,899010,2026-05-07T09:37:32.580Z,v512 task301 int32 tail labels +0.229 current-gated,submission.zip,6072.66,6072.66,COMPLETE,keithtyser,keithtyser,/goal win silver medal,/submissions/52418125/52418125.raw
52418200,899011,2026-05-07T09:41:00.680Z,v513 task215 int32 tail labels +0.203 current-gated,submission.zip,6072.86,6072.86,COMPLETE,keithtyser,keithtyser,/goal win silver medal,/submissions/52418200/52418200.raw
52418286,899013,2026-05-07T09:44:34.770Z,v514 task269 int32 tail labels +0.117 current-gated,submission.zip,6072.98,6072.98,COMPLETE,keithtyser,keithtyser,/goal win silver medal,/submissions/52418286/52418286.raw
52418361,899015,2026-05-07T09:48:09.530Z,v515 task058 int32 final labels +0.247 current-gated,submission.zip,6073.23,6073.23,COMPLETE,keithtyser,keithtyser,/goal win silver medal,/submissions/52418361/52418361.raw
52418632,898820,2026-05-07T10:00:08.000Z,v516 task092 int32 final cast +0.051 current-gated,submission.zip,6073.28,6073.28,COMPLETE,keithtyser,keithtyser,/goal win silver medal,/submissions/52418632/52418632.raw
52418713,898846,2026-05-07T10:03:50.503Z,v517 task286 uint8 tail refinement +0.022 current-gated,submission.zip,6073.30,6073.30,COMPLETE,keithtyser,keithtyser,/goal win silver medal,/submissions/52418713/52418713.raw
52418786,898877,2026-05-07T10:07:07.520Z,v518 task376 uint8 tail refinement +0.061 current-gated,submission.zip,6073.36,6073.36,COMPLETE,keithtyser,keithtyser,/goal win silver medal,/submissions/52418786/52418786.raw
52418858,898909,2026-05-07T10:10:26.697Z,v519 task301 uint8 tail refinement +0.114 current-gated,submission.zip,6073.47,6073.47,COMPLETE,keithtyser,keithtyser,/goal win silver medal,/submissions/52418858/52418858.raw
52418933,898944,2026-05-07T10:14:03.860Z,v520 task215 uint8 tail refinement +0.099 current-gated,submission.zip,6073.57,6073.57,COMPLETE,keithtyser,keithtyser,/goal win silver medal,/submissions/52418933/52418933.raw
52419020,898974,2026-05-07T10:18:11.043Z,v521 task269 uint8 tail refinement +0.053 current-gated,submission.zip,6073.63,6073.63,COMPLETE,keithtyser,keithtyser,/goal win silver medal,/submissions/52419020/52419020.raw
52419271,898825,2026-05-07T10:30:20.487Z,v522 task233 narrow tail int32 +0.118 current-gated,submission.zip,6073.74,6073.74,COMPLETE,keithtyser,keithtyser,/goal win silver medal,/submissions/52419271/52419271.raw
52419355,898938,2026-05-07T10:34:59.840Z,v523 task209 narrow tail int32 +0.028 current-gated,submission.zip,6073.77,6073.77,COMPLETE,keithtyser,keithtyser,/goal win silver medal,/submissions/52419355/52419355.raw
52419634,945995,2026-05-07T10:49:09.113Z,v524 current-scored public wins task219 task319 task285 +4.72,submission.zip,6036.20,6036.20,COMPLETE,keithtyser,keithtyser,/goal win silver medal,/submissions/52419634/52419634.raw
52419823,898960,2026-05-07T10:57:13.187Z,v525 task284 guarded int32 tail +0.003 current-gated,submission.zip,6073.77,6073.77,COMPLETE,keithtyser,keithtyser,/goal win silver medal,/submissions/52419823/52419823.raw
52420196,905889,2026-05-07T11:15:56.267Z,v526 task158 fresh-robust static-shape candidate,submission.zip,6060.84,6060.84,COMPLETE,keithtyser,keithtyser,/goal win silver medal,/submissions/52420196/52420196.raw
52420860,898395,2026-05-07T11:49:35.750Z,v527 remove terminal output f16 casts +3.83 current,submission.zip,6077.60,6077.60,COMPLETE,keithtyser,keithtyser,/goal win silver medal,/submissions/52420860/52420860.raw
52421170,907802,2026-05-07T12:03:03.483Z,v528 onnxsim task219 small mechanical +0.029,submission.zip,6077.63,6077.63,COMPLETE,keithtyser,keithtyser,/goal win silver medal,/submissions/52421170/52421170.raw
52421274,907775,2026-05-07T12:08:05.603Z,v529 bool casts to f16 task213 task387 +0.022,submission.zip,6077.65,6077.65,COMPLETE,keithtyser,keithtyser,/goal win silver medal,/submissions/52421274/52421274.raw
52421468,907778,2026-05-07T12:16:45.220Z,v530 individual bool casts task079 task284 +0.20,submission.zip,6077.85,6077.85,COMPLETE,keithtyser,keithtyser,/goal win silver medal,/submissions/52421468/52421468.raw
52421938,907933,2026-05-07T12:37:04.317Z,v531 onnxsim positive bundle +0.74,submission.zip,6078.59,6078.59,COMPLETE,keithtyser,keithtyser,/goal win silver medal,/submissions/52421938/52421938.raw
52422456,904379,2026-05-07T12:58:21.767Z,v535 argmax select_last bundle current metric,submission.zip,6078.75,6078.75,COMPLETE,keithtyser,keithtyser,/goal win silver medal,/submissions/52422456/52422456.raw
52422767,903278,2026-05-07T13:10:23.393Z,v538 argmin weighted argmax mechanical,submission.zip,6078.79,6078.79,COMPLETE,keithtyser,keithtyser,/goal win silver medal,/submissions/52422767/52422767.raw
52424816,903720,2026-05-07T14:24:11.170Z,v553 f16 mechanical 15-task fresh-pass bundle,submission.zip,6079.98,6079.98,COMPLETE,keithtyser,keithtyser,/goal win silver medal,/submissions/52424816/52424816.raw
52429089,903568,2026-05-07T17:10:03.067Z,v575 task310 current scorer mined fresh1024,submission.zip,6080.76,6080.76,COMPLETE,keithtyser,keithtyser,/goal win silver medal,/submissions/52429089/52429089.raw
52429544,900593,2026-05-07T17:31:05.640Z,v578 tasks037 115 145 fixed mined fresh1024,submission.zip,6081.05,6081.05,COMPLETE,keithtyser,keithtyser,/goal win silver medal,/submissions/52429544/52429544.raw
52468837,900625,2026-05-09T01:49:28.797Z,v590 task269 scale1 scale9 repaired fresh2048,submission.zip,6081.16,6081.16,COMPLETE,keithtyser,keithtyser,/goal win silver medal,/submissions/52468837/52468837.raw
52469202,899070,2026-05-09T02:08:02.273Z,v595 task368 fresh2048,submission.zip,6081.80,6081.80,COMPLETE,keithtyser,keithtyser,/goal win silver medal,/submissions/52469202/52469202.raw
52470067,895273,2026-05-09T02:44:31.547Z,v597 tasks120 261 355 fresh2048,submission.zip,6087.52,6087.52,COMPLETE,keithtyser,keithtyser,/goal win silver medal,/submissions/52470067/52470067.raw
52470524,893576,2026-05-09T03:03:59.587Z,v598 tasks015 220 230 305 321 fresh2048,submission.zip,6094.06,6094.06,COMPLETE,keithtyser,keithtyser,/goal win silver medal,/submissions/52470524/52470524.raw
52470766,891872,2026-05-09T03:14:45.123Z,v599 tasks095 127 282 317 322 fresh2048,submission.zip,6100.23,6100.23,COMPLETE,keithtyser,keithtyser,/goal win silver medal,/submissions/52470766/52470766.raw
52471659,910051,2026-05-09T03:57:23.073Z,v602 public mined 16 fresh-2048 verified tasks,submission.zip,6127.87,6127.87,COMPLETE,keithtyser,keithtyser,/goal win silver medal,/submissions/52471659/52471659.raw
52472454,908664,2026-05-09T04:38:03.470Z,v606 small fresh2048 public artifact gains,submission.zip,6128.06,6128.06,COMPLETE,keithtyser,keithtyser,/goal win silver medal,/submissions/52472454/52472454.raw
52473246,908807,2026-05-09T05:19:26.323Z,v609 task096 int32 label chain fresh2048,submission.zip,6128.21,6128.21,COMPLETE,keithtyser,keithtyser,/goal win silver medal,/submissions/52473246/52473246.raw
52473440,908780,2026-05-09T05:31:18.787Z,v610 task209 task233 int32 onehot indices,submission.zip,6128.23,6128.23,COMPLETE,keithtyser,keithtyser,/goal win silver medal,/submissions/52473440/52473440.raw
52473546,908965,2026-05-09T05:36:13.497Z,v611 12 task int32 onehot cast bundle,submission.zip,6129.02,6129.02,COMPLETE,keithtyser,keithtyser,/goal win silver medal,/submissions/52473546/52473546.raw
52473900,909063,2026-05-09T05:55:36.887Z,v612 task233 f16 subgraph,submission.zip,6129.03,6129.03,COMPLETE,keithtyser,keithtyser,/goal win silver medal,/submissions/52473900/52473900.raw
52479585,908626,2026-05-09T10:09:41.880Z,v644 task330 seed onehot verified,submission.zip,6129.09,6129.09,COMPLETE,keithtyser,keithtyser,/goal win silver medal,/submissions/52479585/52479585.raw
52479766,908431,2026-05-09T10:15:55.343Z,v646 task027 task105 zero tail reuse,submission.zip,6129.19,6129.19,COMPLETE,keithtyser,keithtyser,/goal win silver medal,/submissions/52479766/52479766.raw
52479907,908448,2026-05-09T10:21:57.803Z,v649 zero reuse positives,submission.zip,6129.23,6129.23,COMPLETE,keithtyser,keithtyser,/goal win silver medal,/submissions/52479907/52479907.raw
52480098,907734,2026-05-09T10:29:49.950Z,v653 int32 index positives,submission.zip,6129.24,6129.24,COMPLETE,keithtyser,keithtyser,/goal win silver medal,/submissions/52480098/52480098.raw
52480758,907510,2026-05-09T10:54:12.453Z,v663 prune unused initializers,submission.zip,6129.25,6129.25,COMPLETE,keithtyser,keithtyser,/goal win silver medal,/submissions/52480758/52480758.raw
52480962,907669,2026-05-09T11:02:24.430Z,v666 prune unused task269 nodes,submission.zip,6129.25,6129.25,COMPLETE,keithtyser,keithtyser,/goal win silver medal,/submissions/52480962/52480962.raw
52481145,907395,2026-05-09T11:09:11.730Z,v668 alias duplicate initializers,submission.zip,6129.26,6129.26,COMPLETE,keithtyser,keithtyser,/goal win silver medal,/submissions/52481145/52481145.raw
52481590,902777,2026-05-09T11:26:33.020Z,v676 task219 blue match f16,submission.zip,6129.36,6129.36,COMPLETE,keithtyser,keithtyser,/goal win silver medal,/submissions/52481590/52481590.raw
52481781,898025,2026-05-09T11:32:27.773Z,v678 task209 outside idx where,submission.zip,6129.38,6129.38,COMPLETE,keithtyser,keithtyser,/goal win silver medal,/submissions/52481781/52481781.raw
52482043,883581,2026-05-09T11:42:29.287Z,v680 single use mask where,submission.zip,6129.59,6129.59,COMPLETE,keithtyser,keithtyser,/goal win silver medal,/submissions/52482043/52482043.raw
52482366,867846,2026-05-09T11:53:42.427Z,v683 mask and multi where,submission.zip,6129.65,6129.65,COMPLETE,keithtyser,keithtyser,/goal win silver medal,/submissions/52482366/52482366.raw
52482699,867133,2026-05-09T12:06:24.927Z,v684 float mask where,submission.zip,6129.93,6129.93,COMPLETE,keithtyser,keithtyser,/goal win silver medal,/submissions/52482699/52482699.raw
52483147,819697,2026-05-09T12:23:39.697Z,v685 bool float mask where,submission.zip,6132.54,6132.54,COMPLETE,keithtyser,keithtyser,/goal win silver medal,/submissions/52483147/52483147.raw
52483292,815482,2026-05-09T12:29:06.773Z,v686 multi bool float mask where,submission.zip,6132.62,6132.62,COMPLETE,keithtyser,keithtyser,/goal win silver medal,/submissions/52483292/52483292.raw
52484083,814396,2026-05-09T13:02:07.377Z,v688 split used slices,submission.zip,6133.19,6133.19,COMPLETE,keithtyser,keithtyser,/goal win silver medal,/submissions/52484083/52484083.raw
52484170,814138,2026-05-09T13:06:34.793Z,v689 relu after reducesum,submission.zip,6133.22,6133.22,COMPLETE,keithtyser,keithtyser,/goal win silver medal,/submissions/52484170/52484170.raw
52484331,810399,2026-05-09T13:12:57.637Z,v690 verified relu removals,submission.zip,6133.84,6133.84,COMPLETE,keithtyser,keithtyser,/goal win silver medal,/submissions/52484331/52484331.raw
52484581,809602,2026-05-09T13:22:42.213Z,v691 verified unary removals,submission.zip,6133.89,6133.89,COMPLETE,keithtyser,keithtyser,/goal win silver medal,/submissions/52484581/52484581.raw
52484771,809194,2026-05-09T13:29:07.290Z,v692 identity cast removals,submission.zip,6133.92,6133.92,COMPLETE,keithtyser,keithtyser,/goal win silver medal,/submissions/52484771/52484771.raw
52486685,808872,2026-05-09T14:34:34.603Z,v693 task018 verified replacements,submission.zip,6133.97,6133.97,COMPLETE,keithtyser,keithtyser,/goal win silver medal,/submissions/52486685/52486685.raw
52487392,808854,2026-05-09T14:59:19.837Z,v694 task209 outside idx input,submission.zip,6133.99,6133.99,COMPLETE,keithtyser,keithtyser,/goal win silver medal,/submissions/52487392/52487392.raw
52488121,805459,2026-05-09T15:25:55.547Z,v695 task367 task233 cleanups,submission.zip,6134.00,6134.00,COMPLETE,keithtyser,keithtyser,/goal win silver medal,/submissions/52488121/52488121.raw
52489067,805238,2026-05-09T16:05:26.627Z,v696 task366 fresh equivalent replacements,submission.zip,6134.07,6134.07,COMPLETE,keithtyser,keithtyser,/goal win silver medal,/submissions/52489067/52489067.raw
52491615,804708,2026-05-09T17:56:51.010Z,v697 task076 fresh-equivalent 60 replacements,submission.zip,6134.14,6134.14,COMPLETE,keithtyser,keithtyser,/goal win silver medal,/submissions/52491615/52491615.raw
52491701,804387,2026-05-09T18:01:10.537Z,v698 task076 fresh-equivalent 90 replacements,submission.zip,6134.17,6134.17,COMPLETE,keithtyser,keithtyser,/goal win silver medal,/submissions/52491701/52491701.raw
52491814,804142,2026-05-09T18:05:40.967Z,v699 task076 fresh-equivalent 120 replacements,submission.zip,6134.20,6134.20,COMPLETE,keithtyser,keithtyser,/goal win silver medal,/submissions/52491814/52491814.raw
52491918,803902,2026-05-09T18:10:14.877Z,v700 task076 fresh-equivalent 150 replacements,submission.zip,6134.22,6134.22,COMPLETE,keithtyser,keithtyser,/goal win silver medal,/submissions/52491918/52491918.raw
52492008,803708,2026-05-09T18:15:17.720Z,v701 task076 fresh-equivalent 180 replacements,submission.zip,6134.24,6134.24,COMPLETE,keithtyser,keithtyser,/goal win silver medal,/submissions/52492008/52492008.raw
52492278,797504,2026-05-09T18:28:13.710Z,v702 task080 fresh-equivalent 100 replacements,submission.zip,6134.28,6134.28,COMPLETE,keithtyser,keithtyser,/goal win silver medal,/submissions/52492278/52492278.raw
52492304,797074,2026-05-09T18:29:54.937Z,v703 task054 fresh-equivalent replacements,submission.zip,6134.33,6134.33,COMPLETE,keithtyser,keithtyser,/goal win silver medal,/submissions/52492304/52492304.raw
52492335,793632,2026-05-09T18:31:38.213Z,v704 task096 fresh-equivalent replacements,submission.zip,6134.37,6134.37,COMPLETE,keithtyser,keithtyser,/goal win silver medal,/submissions/52492335/52492335.raw
52492373,793199,2026-05-09T18:33:25.913Z,v705 task349 fresh-equivalent replacements,submission.zip,6134.63,6134.63,COMPLETE,keithtyser,keithtyser,/goal win silver medal,/submissions/52492373/52492373.raw
52492405,792829,2026-05-09T18:35:07.947Z,v706 task133 fresh-equivalent replacements,submission.zip,6134.70,6134.70,COMPLETE,keithtyser,keithtyser,/goal win silver medal,/submissions/52492405/52492405.raw
52492426,792383,2026-05-09T18:36:41.513Z,v707 task025 fresh-equivalent replacements,submission.zip,6134.77,6134.77,COMPLETE,keithtyser,keithtyser,/goal win silver medal,/submissions/52492426/52492426.raw
52492450,792233,2026-05-09T18:38:12.620Z,v708 task017 fresh-equivalent replacements,submission.zip,6134.85,6134.85,COMPLETE,keithtyser,keithtyser,/goal win silver medal,/submissions/52492450/52492450.raw
52492511,791571,2026-05-09T18:40:55.037Z,v709 task364 task074 fresh-equivalent replacements,submission.zip,6134.90,6134.90,COMPLETE,keithtyser,keithtyser,/goal win silver medal,/submissions/52492511/52492511.raw
52492567,791167,2026-05-09T18:43:26.380Z,v710 task285 fresh-equivalent replacements,submission.zip,6134.95,6134.95,COMPLETE,keithtyser,keithtyser,/goal win silver medal,/submissions/52492567/52492567.raw
52492597,791015,2026-05-09T18:45:01.423Z,v711 task173 fresh-equivalent replacements,submission.zip,6135.02,6135.02,COMPLETE,keithtyser,keithtyser,/goal win silver medal,/submissions/52492597/52492597.raw
52492631,790900,2026-05-09T18:46:35.970Z,v712 task251 fresh-equivalent replacements,submission.zip,6135.35,6135.35,COMPLETE,keithtyser,keithtyser,/goal win silver medal,/submissions/52492631/52492631.raw
52492710,790316,2026-05-09T18:50:19.340Z,v713 task158 task216 fresh-equivalent replacements,submission.zip,6135.52,6135.52,COMPLETE,keithtyser,keithtyser,/goal win silver medal,/submissions/52492710/52492710.raw
52492826,789836,2026-05-09T18:54:09.750Z,v714 task161 fresh-equivalent replacements,submission.zip,6135.56,6135.56,COMPLETE,keithtyser,keithtyser,/goal win silver medal,/submissions/52492826/52492826.raw
52492882,789559,2026-05-09T18:56:35.990Z,v715 task138 fresh-equivalent replacements,submission.zip,6135.68,6135.68,COMPLETE,keithtyser,keithtyser,/goal win silver medal,/submissions/52492882/52492882.raw
52492933,789266,2026-05-09T18:58:49.983Z,v716 task077 fresh-equivalent replacements,submission.zip,6135.79,6135.79,COMPLETE,keithtyser,keithtyser,/goal win silver medal,/submissions/52492933/52492933.raw
52492975,788767,2026-05-09T19:01:31.900Z,v717 task205 fresh-equivalent replacements,submission.zip,6135.90,6135.90,COMPLETE,keithtyser,keithtyser,/goal win silver medal,/submissions/52492975/52492975.raw
52493036,787724,2026-05-09T19:04:11.083Z,v718 task187 task370 fresh-equivalent replacements,submission.zip,6136.02,6136.02,COMPLETE,keithtyser,keithtyser,/goal win silver medal,/submissions/52493036/52493036.raw
52493069,786954,2026-05-09T19:06:27.073Z,v719 task110 fresh-equivalent replacements,submission.zip,6136.06,6136.06,COMPLETE,keithtyser,keithtyser,/goal win silver medal,/submissions/52493069/52493069.raw
52493091,783837,2026-05-09T19:07:44.390Z,v720 task255 fresh-equivalent replacements,submission.zip,6136.08,6136.08,COMPLETE,keithtyser,keithtyser,/goal win silver medal,/submissions/52493091/52493091.raw
52493234,781528,2026-05-09T19:15:33.407Z,v721 task145 task363 task034 fresh-equivalent replacements,submission.zip,6136.42,6136.42,COMPLETE,keithtyser,keithtyser,/goal win silver medal,/submissions/52493234/52493234.raw
52493249,781377,2026-05-09T19:16:32.873Z,v722 task064 task203 task398 fresh-equivalent replacements,submission.zip,6136.65,6136.65,COMPLETE,keithtyser,keithtyser,/goal win silver medal,/submissions/52493249/52493249.raw
52493288,780059,2026-05-09T19:18:44.760Z,v723 task319 task005 task280 fresh-equivalent replacements,submission.zip,6123.46,6123.46,COMPLETE,keithtyser,keithtyser,/goal win silver medal,/submissions/52493288/52493288.raw
52493316,779330,2026-05-09T19:19:46.217Z,v724 task396 task358 fresh-equivalent replacements,submission.zip,6123.55,6123.55,COMPLETE,keithtyser,keithtyser,/goal win silver medal,/submissions/52493316/52493316.raw
52493344,778481,2026-05-09T19:21:08.233Z,v725 task379 task101 task118 task201 fresh-equivalent replacements,submission.zip,6123.66,6123.66,COMPLETE,keithtyser,keithtyser,/goal win silver medal,/submissions/52493344/52493344.raw
52493359,780288,2026-05-09T19:22:01.447Z,v726 task005 task280 from v722 no task319,submission.zip,6136.73,6136.73,COMPLETE,keithtyser,keithtyser,/goal win silver medal,/submissions/52493359/52493359.raw
52493379,779559,2026-05-09T19:23:06.240Z,v727 task396 task358 from repaired v726,submission.zip,6136.82,6136.82,COMPLETE,keithtyser,keithtyser,/goal win silver medal,/submissions/52493379/52493379.raw
52493408,778715,2026-05-09T19:24:13.737Z,v728 task379 task101 task201 from repaired v727,submission.zip,6136.91,6136.91,COMPLETE,keithtyser,keithtyser,/goal win silver medal,/submissions/52493408/52493408.raw
52493474,778157,2026-05-09T19:28:17.913Z,v729 task089 task330 task088 from repaired v728,submission.zip,6137.01,6137.01,COMPLETE,keithtyser,keithtyser,/goal win silver medal,/submissions/52493474/52493474.raw
52493561,777560,2026-05-09T19:32:23.157Z,v730 task066 task202 task092 from repaired v729,submission.zip,6137.05,6137.05,COMPLETE,keithtyser,keithtyser,/goal win silver medal,/submissions/52493561/52493561.raw
52493648,776968,2026-05-09T19:38:12.403Z,v731 task018 fresh-equivalent from repaired v730,submission.zip,6137.13,6137.13,COMPLETE,keithtyser,keithtyser,/goal win silver medal,/submissions/52493648/52493648.raw
52493678,776434,2026-05-09T19:40:20.887Z,v732 task219 fresh-equivalent from repaired v731,submission.zip,6137.16,6137.16,COMPLETE,keithtyser,keithtyser,/goal win silver medal,/submissions/52493678/52493678.raw
52493716,775291,2026-05-09T19:42:31.107Z,v733 task209 capped 80 from repaired v732,submission.zip,6137.29,6137.29,COMPLETE,keithtyser,keithtyser,/goal win silver medal,/submissions/52493716/52493716.raw
52493796,771858,2026-05-09T19:46:47.277Z,v734 task209 extended from repaired v733,submission.zip,6137.55,6137.55,COMPLETE,keithtyser,keithtyser,/goal win silver medal,/submissions/52493796/52493796.raw
52493900,770321,2026-05-09T19:53:31.197Z,v735 task366 task367 from repaired v734,submission.zip,6137.69,6137.69,COMPLETE,keithtyser,keithtyser,/goal win silver medal,/submissions/52493900/52493900.raw
52494465,768561,2026-05-09T20:29:45.420Z,v736 task054 task080 from v735,submission.zip,6137.70,6137.70,COMPLETE,keithtyser,keithtyser,/goal win silver medal,/submissions/52494465/52494465.raw
52494501,768247,2026-05-09T20:32:31.243Z,v737 task076 cap40 from v736,submission.zip,6137.73,6137.73,COMPLETE,keithtyser,keithtyser,/goal win silver medal,/submissions/52494501/52494501.raw
52494674,767357,2026-05-09T20:41:46.410Z,v738 task233 cap80 from v737,submission.zip,6137.79,6137.79,COMPLETE,keithtyser,keithtyser,/goal win silver medal,/submissions/52494674/52494674.raw
52494814,767165,2026-05-09T20:50:03.413Z,v739 task096 task133 from v738,submission.zip,6137.82,6137.82,COMPLETE,keithtyser,keithtyser,/goal win silver medal,/submissions/52494814/52494814.raw
52494865,766832,2026-05-09T20:53:19.933Z,v740 task234 task349 from v739,submission.zip,6137.85,6137.85,COMPLETE,keithtyser,keithtyser,/goal win silver medal,/submissions/52494865/52494865.raw
52494913,766766,2026-05-09T20:56:33.630Z,v741 task173 from v740,submission.zip,6137.89,6137.89,COMPLETE,keithtyser,keithtyser,/goal win silver medal,/submissions/52494913/52494913.raw
52494977,766738,2026-05-09T20:59:55.780Z,v742 task158 from v741,submission.zip,6137.89,6137.89,COMPLETE,keithtyser,keithtyser,/goal win silver medal,/submissions/52494977/52494977.raw
52495006,766611,2026-05-09T21:02:32.087Z,v743 task161 task110 from v742,submission.zip,6137.93,6137.93,COMPLETE,keithtyser,keithtyser,/goal win silver medal,/submissions/52495006/52495006.raw
52495057,766583,2026-05-09T21:06:42.253Z,v744 task034 task398 from v743,submission.zip,6137.94,6137.94,COMPLETE,keithtyser,keithtyser,/goal win silver medal,/submissions/52495057/52495057.raw
52495222,766296,2026-05-09T21:16:14.687Z,v745 task251 task216 task138 from v744,submission.zip,6138.13,6138.13,COMPLETE,keithtyser,keithtyser,/goal win silver medal,/submissions/52495222/52495222.raw
52495282,766227,2026-05-09T21:19:01.497Z,v746 task077 task205 task187 from v745,submission.zip,6138.15,6138.15,COMPLETE,keithtyser,keithtyser,/goal win silver medal,/submissions/52495282/52495282.raw
52495332,765888,2026-05-09T21:22:01.403Z,v747 task255 task145 from v746,submission.zip,6138.22,6138.22,COMPLETE,keithtyser,keithtyser,/goal win silver medal,/submissions/52495332/52495332.raw
52495381,765819,2026-05-09T21:25:03.580Z,v748 task280 from v747,submission.zip,6138.23,6138.23,COMPLETE,keithtyser,keithtyser,/goal win silver medal,/submissions/52495381/52495381.raw
52495505,765712,2026-05-09T21:33:11.347Z,v749 task005 task330 task066 from v748,submission.zip,6138.26,6138.26,COMPLETE,keithtyser,keithtyser,/goal win silver medal,/submissions/52495505/52495505.raw
52495594,762902,2026-05-09T21:40:44.563Z,v750 task018 task219 task209 task367 from v749,submission.zip,6138.54,6138.54,COMPLETE,keithtyser,keithtyser,/goal win silver medal,/submissions/52495594/52495594.raw
52495794,762663,2026-05-09T21:55:31.223Z,v751 task366 task234 task349 from v750,submission.zip,6138.66,6138.66,COMPLETE,keithtyser,keithtyser,/goal win silver medal,/submissions/52495794/52495794.raw
52495838,762635,2026-05-09T21:58:41.640Z,v752 task302 from v751,submission.zip,6138.71,6138.71,COMPLETE,keithtyser,keithtyser,/goal win silver medal,/submissions/52495838/52495838.raw
52496190,757531,2026-05-09T22:27:09.617Z,v753 task233 from v752,submission.zip,6138.87,6138.87,COMPLETE,keithtyser,keithtyser,/goal win silver medal,/submissions/52496190/52496190.raw
52497325,757361,2026-05-09T23:44:06.110Z,v754 task076 task285 from v753,submission.zip,6126.50,6126.50,COMPLETE,keithtyser,keithtyser,/goal win silver medal,/submissions/52497325/52497325.raw
52497402,757419,2026-05-09T23:51:01.153Z,v755 task379 task126 task324 from v753,submission.zip,6138.93,6138.93,COMPLETE,keithtyser,keithtyser,/goal win silver medal,/submissions/52497402/52497402.raw
52497611,757112,2026-05-10T00:02:22.113Z,v756 task002 task173 from v755,submission.zip,6139.05,6139.05,COMPLETE,keithtyser,keithtyser,/goal win silver medal,/submissions/52497611/52497611.raw
52497978,756457,2026-05-10T00:15:45.230Z,v757 task319 task118 task090 task112 task091 from v756,submission.zip,6139.10,6139.10,COMPLETE,keithtyser,keithtyser,/goal win silver medal,/submissions/52497978/52497978.raw
52498019,756105,2026-05-10T00:18:08.810Z,v758 task122 task377 from v757,submission.zip,6139.22,6139.22,COMPLETE,keithtyser,keithtyser,/goal win silver medal,/submissions/52498019/52498019.raw
52498089,755988,2026-05-10T00:21:20.420Z,v759 task097 task365 from v758,submission.zip,6139.23,6139.23,COMPLETE,keithtyser,keithtyser,/goal win silver medal,/submissions/52498089/52498089.raw
52498157,755487,2026-05-10T00:24:21.250Z,v760 task071 task092 task109 task063 from v759,submission.zip,6139.60,6139.60,COMPLETE,keithtyser,keithtyser,/goal win silver medal,/submissions/52498157/52498157.raw
52498232,753943,2026-05-10T00:27:47.223Z,v761 task306 task359 task383 task378 from v760,submission.zip,6140.08,6140.08,COMPLETE,keithtyser,keithtyser,/goal win silver medal,/submissions/52498232/52498232.raw
52498617,750488,2026-05-10T00:51:10.757Z,v762 task019 task036 task037 task069 task157 task182 task221 task243 task382 from v761,submission.zip,6126.80,6126.80,COMPLETE,keithtyser,keithtyser,/goal win silver medal,/submissions/52498617/52498617.raw
52498778,751621,2026-05-10T00:59:01.533Z,v763 safe task019 task036 task037 task069 task182 task221 task243 task382 from v761,submission.zip,6126.72,6126.72,COMPLETE,keithtyser,keithtyser,/goal win silver medal,/submissions/52498778/52498778.raw
52498853,753497,2026-05-10T01:02:03.673Z,v764 probe task019 task036 task182 from v761,submission.zip,6140.10,6140.10,COMPLETE,keithtyser,keithtyser,/goal win silver medal,/submissions/52498853/52498853.raw
52498939,752013,2026-05-10T01:04:41.460Z,v765 probe add task037 task069 to v764,submission.zip,6126.62,6126.62,COMPLETE,keithtyser,keithtyser,/goal win silver medal,/submissions/52498939/52498939.raw
52499034,753443,2026-05-10T01:07:58.030Z,v766 probe add task037 only to v764,submission.zip,6140.20,6140.20,COMPLETE,keithtyser,keithtyser,/goal win silver medal,/submissions/52499034/52499034.raw
52499117,753051,2026-05-10T01:12:03.750Z,v767 add task221 task243 task382 excluding task069,submission.zip,6140.30,6140.30,COMPLETE,keithtyser,keithtyser,/goal win silver medal,/submissions/52499117/52499117.raw
52499204,752093,2026-05-10T01:16:41.283Z,v768 task191 task162 task029 task033 from v767,submission.zip,6140.36,6140.36,COMPLETE,keithtyser,keithtyser,/goal win silver medal,/submissions/52499204/52499204.raw
52499274,751617,2026-05-10T01:20:18.987Z,v769 task303 task335 task288 task290 task105 from v768,submission.zip,6140.45,6140.45,COMPLETE,keithtyser,keithtyser,/goal win silver medal,/submissions/52499274/52499274.raw
52499342,750374,2026-05-10T01:25:00.723Z,v770 task046 task279 task027 task055 from v769,submission.zip,6140.58,6140.58,COMPLETE,keithtyser,keithtyser,/goal win silver medal,/submissions/52499342/52499342.raw
52499396,749182,2026-05-10T01:28:10.740Z,v771 task093 task044 task035 from v770,submission.zip,6140.72,6140.72,COMPLETE,keithtyser,keithtyser,/goal win silver medal,/submissions/52499396/52499396.raw
52499446,748083,2026-05-10T01:31:08.763Z,v772 task325 task023 from v771,submission.zip,6140.87,6140.87,COMPLETE,keithtyser,keithtyser,/goal win silver medal,/submissions/52499446/52499446.raw
52499497,747852,2026-05-10T01:33:46.130Z,v773 task341 task397 from v772,submission.zip,6140.94,6140.94,COMPLETE,keithtyser,keithtyser,/goal win silver medal,/submissions/52499497/52499497.raw
52499567,747842,2026-05-10T01:37:54.483Z,v774 task289 from v773,submission.zip,6141.28,6141.28,COMPLETE,keithtyser,keithtyser,/goal win silver medal,/submissions/52499567/52499567.raw
52499647,747248,2026-05-10T01:42:28.247Z,v775 task308 from v774,submission.zip,6141.31,6141.31,COMPLETE,keithtyser,keithtyser,/goal win silver medal,/submissions/52499647/52499647.raw
52499708,747103,2026-05-10T01:47:02.620Z,v776 task301 task343 from v775,submission.zip,6141.48,6141.48,COMPLETE,keithtyser,keithtyser,/goal win silver medal,/submissions/52499708/52499708.raw
52499789,745834,2026-05-10T01:51:50.337Z,v777 task275 task277 from v776,submission.zip,6141.54,6141.54,COMPLETE,keithtyser,keithtyser,/goal win silver medal,/submissions/52499789/52499789.raw
52499849,745816,2026-05-10T01:55:56.613Z,v778 task371 from v777,submission.zip,6141.57,6141.57,COMPLETE,keithtyser,keithtyser,/goal win silver medal,/submissions/52499849/52499849.raw
52500199,746321,2026-05-10T02:17:54.590Z,v779 public may8 safe task368 task378 task215 from v778,submission.zip,6140.55,6140.55,COMPLETE,keithtyser,keithtyser,/goal win silver medal,/submissions/52500199/52500199.raw
52500406,745156,2026-05-10T02:31:44.527Z,v780 public high-delta task099 task120 task196 from v778,submission.zip,6127.26,6127.26,COMPLETE,keithtyser,keithtyser,/goal win silver medal,/submissions/52500406/52500406.raw
52500767,745585,2026-05-10T02:48:50.063Z,v781 task367 internal fresh-equiv from v778,submission.zip,6141.60,6141.60,COMPLETE,keithtyser,keithtyser,/goal win silver medal,/submissions/52500767/52500767.raw
52500834,745429,2026-05-10T02:51:28.657Z,v782 task209 internal fresh-equiv from v781,submission.zip,6141.61,6141.61,COMPLETE,keithtyser,keithtyser,/goal win silver medal,/submissions/52500834/52500834.raw
52500926,745420,2026-05-10T02:54:53.513Z,v783 task101 internal fresh-equiv from v782,submission.zip,6141.61,6141.61,COMPLETE,keithtyser,keithtyser,/goal win silver medal,/submissions/52500926/52500926.raw
52501056,745411,2026-05-10T02:59:40.757Z,v784 task187 internal fresh-equiv from v783,submission.zip,6141.63,6141.63,COMPLETE,keithtyser,keithtyser,/goal win silver medal,/submissions/52501056/52501056.raw
52501492,745252,2026-05-10T03:21:31.257Z,v785 task219 internal fresh-equiv from v784,submission.zip,6141.64,6141.64,COMPLETE,keithtyser,keithtyser,/goal win silver medal,/submissions/52501492/52501492.raw
52501781,745195,2026-05-10T03:34:06.670Z,v786 task234 task349 internal fresh-equiv from v785,submission.zip,6141.82,6141.82,COMPLETE,keithtyser,keithtyser,/goal win silver medal,/submissions/52501781/52501781.raw
52502688,745088,2026-05-10T04:22:13.667Z,v788 task029 task205 task255 safe fresh-equiv from v786,submission.zip,6141.82,6141.82,COMPLETE,keithtyser,keithtyser,/goal win silver medal,/submissions/52502688/52502688.raw
52518288,743519,2026-05-10T15:06:14.150Z,v790 prune unused initializers plus v788 safe no233,submission.zip,6141.88,6141.88,COMPLETE,keithtyser,keithtyser,/goal win silver medal,/submissions/52518288/52518288.raw
52518593,796280,2026-05-10T15:15:17.410Z,v791 prune dead output-unreachable nodes,submission.zip,6144.79,6144.79,COMPLETE,keithtyser,keithtyser,/goal win silver medal,/submissions/52518593/52518593.raw
52520906,796391,2026-05-10T16:36:42.590Z,v793 f16 task251 task145 task036 fresh-equiv,submission.zip,6145.17,6145.17,COMPLETE,keithtyser,keithtyser,/goal win silver medal,/submissions/52520906/52520906.raw
52521072,796468,2026-05-10T16:44:36.977Z,v794 f16 modules task138 task201 task319 task379,submission.zip,6145.27,6145.27,COMPLETE,keithtyser,keithtyser,/goal win silver medal,/submissions/52521072/52521072.raw
52521160,796492,2026-05-10T16:48:07.797Z,v795 task397 compare f16 fresh-equiv,submission.zip,6145.28,6145.28,COMPLETE,keithtyser,keithtyser,/goal win silver medal,/submissions/52521160/52521160.raw
52524517,761213,2026-05-10T19:38:34.670Z,v806 fresh-safe Afr5689 rule transfers,submission.zip,6192.45,6192.45,COMPLETE,keithtyser,keithtyser,/goal win silver medal,/submissions/52524517/52524517.raw
52524674,760400,2026-05-10T19:48:18.183Z,v807 repair duplicate-name Afr5689 transfers,submission.zip,6193.29,6193.29,COMPLETE,keithtyser,keithtyser,/goal win silver medal,/submissions/52524674/52524674.raw
52524809,766213,2026-05-10T19:57:16.223Z,v808 near-miss Afr5689 public-risk transfers,submission.zip,6183.64,6183.64,COMPLETE,keithtyser,keithtyser,/goal win silver medal,/submissions/52524809/52524809.raw
52524921,766810,2026-05-10T20:04:34.480Z,v809 near-miss transfers excluding task204,submission.zip,6196.70,6196.70,COMPLETE,keithtyser,keithtyser,/goal win silver medal,/submissions/52524921/52524921.raw
52525631,766850,2026-05-10T20:53:58.413Z,v813 f16 task184 task187 safe overlay,submission.zip,6196.87,6196.87,COMPLETE,keithtyser,keithtyser,/goal win silver medal,/submissions/52525631/52525631.raw
52526356,766896,2026-05-10T21:51:03.753Z,v814 f16 task203 task340 clean overlay,submission.zip,6196.89,6196.89,COMPLETE,keithtyser,keithtyser,/goal win silver medal,/submissions/52526356/52526356.raw
52529433,766910,2026-05-11T00:57:47.647Z,v821 f16 task049 task244 verified overlay,submission.zip,6196.97,6196.97,COMPLETE,keithtyser,keithtyser,/goal win silver medal,/submissions/52529433/52529433.raw
52529671,766931,2026-05-11T01:09:14.430Z,v822 f16 task242 task293 task355 verified overlay,submission.zip,6197.08,6197.08,COMPLETE,keithtyser,keithtyser,/goal win silver medal,/submissions/52529671/52529671.raw
52530788,767110,2026-05-11T02:09:43.513Z,v826 task147 Afr5689 fresh verified overlay,submission.zip,6197.56,6197.56,COMPLETE,keithtyser,keithtyser,/goal win silver medal,/submissions/52530788/52530788.raw
52534429,767117,2026-05-11T05:18:13.727Z,v858 f16 task030 task392 fresh4096,submission.zip,6197.57,6197.57,COMPLETE,keithtyser,keithtyser,/goal win silver medal,/submissions/52534429/52534429.raw
52539331,767012,2026-05-11T08:42:39.823Z,v925 unused initializer pruning,submission.zip,6197.57,6197.57,COMPLETE,keithtyser,keithtyser,/goal win silver medal,/submissions/52539331/52539331.raw
52539616,767334,2026-05-11T08:52:26.380Z,v926 unused node pruning task187,submission.zip,6197.58,6197.58,COMPLETE,keithtyser,keithtyser,/goal win silver medal,/submissions/52539616/52539616.raw
52539857,767105,2026-05-11T09:01:24.357Z,v927 uniform scalar rewrites,submission.zip,6197.66,6197.66,COMPLETE,keithtyser,keithtyser,/goal win silver medal,/submissions/52539857/52539857.raw
52540678,767144,2026-05-11T09:34:37.167Z,v931 structural rewrites,submission.zip,6197.67,6197.67,COMPLETE,keithtyser,keithtyser,/goal win silver medal,/submissions/52540678/52540678.raw
53651265,731950,2026-06-13T21:31:20.137Z,"ngswarm overlay v1: 83 v931 + 317 harvest, local 6395.97 (401 files)",submission.zip,6336.49,6336.49,COMPLETE,keithtyser,keithtyser,/goal win silver medal,/submissions/53651265/53651265.raw
53653233,730393,2026-06-13T23:46:31.097Z,ngswarm gate-repair: 4 overfit nets (182/347/386/389) -> generalizing v931; local 6392.9,submission.zip,6333.40,6333.40,COMPLETE,keithtyser,keithtyser,/goal win silver medal,/submissions/53653233/53653233.raw
53655269,675260,2026-06-14T01:20:00.557Z,rajathrpai 6372.62 public portfolio (overrides merged + task000 floor),submission.zip,6372.62,6372.62,COMPLETE,keithtyser,keithtyser,/goal win silver medal,/submissions/53655269/53655269.raw
53660015,733851,2026-06-14T05:06:08.143Z,ngswarm firm: local 6397.97 (single-channel kit wins),submission.zip,6295.93,6295.93,COMPLETE,keithtyser,keithtyser,/goal win silver medal,/submissions/53660015/53660015.raw
53661319,675260,2026-06-14T05:55:37.767Z,"ngswarm rebased honest baseline (6372 portfolio, overfit purged)",submission.zip,6372.62,6372.62,COMPLETE,keithtyser,keithtyser,/goal win silver medal,/submissions/53661319/53661319.raw
53662564,681855,2026-06-14T06:36:23.643Z,ngswarm firm: local 6367.3,submission.zip,6367.33,6367.33,COMPLETE,keithtyser,keithtyser,/goal win silver medal,/submissions/53662564/53662564.raw
53684839,675216,2026-06-14T19:03:55.907Z,"ngswarm: task097 cost-golf 53706->43252, predicted 6372.84",submission.zip,6372.84,6372.84,COMPLETE,keithtyser,keithtyser,/goal win silver medal,/submissions/53684839/53684839.raw
53690990,668865,2026-06-15T00:41:05.490Z,ngswarm firm: local 6359.1,submission.zip,6373.25,6373.25,COMPLETE,keithtyser,keithtyser,/goal win silver medal,/submissions/53690990/53690990.raw
53722833,668393,2026-06-15T20:57:53.573Z,"task059 grid+argmax-block bespoke (20387->11279, +0.59); Wave17 task022/task075 in portfolio",submission.zip,,,ERROR,keithtyser,keithtyser,/goal win silver medal,/submissions/53722833/53722833.raw
53722917,668393,2026-06-15T21:03:24.663Z,retry: task059 grid+argmax (20387->11279) portfolio; prior submit ERRORd (all 401 load fine + nets fuzz-clean -> likely transient grader),submission.zip,,,ERROR,keithtyser,keithtyser,/goal win silver medal,/submissions/53722917/53722917.raw
53723058,669835,2026-06-15T21:11:54.467Z,"CONTROL: exact 00:41 known-good portfolio (b08a905, scored 6373.25). If this ERRORs too -> Kaggle-side; if COMPLETE -> my Wave12-17 content is the cause",submission.zip,6374.36,6374.36,COMPLETE,keithtyser,keithtyser,/goal win silver medal,/submissions/53723058/53723058.raw
53723201,668393,2026-06-15T21:21:08.590Z,retry2: full Wave12-17 portfolio. control(b08a905)=COMPLETE 6374.36 proves grader works; 2 prior ERRORs likely intermittent trace-clobber (host-confirmed bug). all 42 changed nets pass checker/load/correctness/all-zeros/banned-ops locally,submission.zip,,,ERROR,keithtyser,keithtyser,/goal win silver medal,/submissions/53723201/53723201.raw
53723232,668893,2026-06-15T21:24:04.183Z,"BISECT A: revert LOW21 (0.033pts) keep HIGH21 (13.757pts). If COMPLETE -> culprit in LOW21 (kept reverted, bank HIGH21). If ERROR -> culprit in HIGH21",submission.zip,6388.12,6388.12,COMPLETE,keithtyser,keithtyser,/goal win silver medal,/submissions/53723232/53723232.raw
53723282,668825,2026-06-15T21:28:07.070Z,"BISECT B: revert 19, add-back task206+209 NEW (the all-zeros crashers). If ERROR -> 206/209 culprit; if COMPLETE -> culprit in the other 19",submission.zip,6388.12,6388.12,COMPLETE,keithtyser,keithtyser,/goal win silver medal,/submissions/53723282/53723282.raw
53723385,668893,2026-06-15T21:33:30.713Z,REGCONFIRM: export_submission() from stable registry (LOW21 reverted). Expect COMPLETE 6388.12 == bisection A. Confirms registry self-exports to working portfolio for future waves.,submission.zip,6388.12,6388.12,COMPLETE,keithtyser,keithtyser,/goal win silver medal,/submissions/53723385/53723385.raw
53723574,669236,2026-06-15T21:46:55.547Z,"task253 4x4 L-corner assembly (48269->12597, +1.34 registry). Adds to the stable 6388.12 portfolio; expect ~6389 if grader cost matches local.",submission.zip,6389.46,6389.46,COMPLETE,keithtyser,keithtyser,/goal win silver medal,/submissions/53723574/53723574.raw
53723776,670102,2026-06-15T22:02:11.830Z,"task271 argmax count1/count8 window (28991->8117, +1.27). Stable portfolio + task253 + task271.",submission.zip,6390.73,6390.73,COMPLETE,keithtyser,keithtyser,/goal win silver medal,/submissions/53723776/53723776.raw
53724233,670562,2026-06-15T22:27:50.100Z,task057 crop+bbox double-gather (8070->4346),submission.zip,6391.35,6391.35,COMPLETE,keithtyser,keithtyser,/goal win silver medal,/submissions/53724233/53724233.raw
53724688,675380,2026-06-15T22:59:57.453Z,ngswarm champions: local 6393.2 (399 tasks),submission.zip,6393.16,6393.16,COMPLETE,keithtyser,keithtyser,/goal win silver medal,/submissions/53724688/53724688.raw
53724945,677359,2026-06-15T23:18:37.673Z,ngswarm champions: local 6394.4 (399 tasks),submission.zip,6394.42,6394.42,COMPLETE,keithtyser,keithtyser,/goal win silver medal,/submissions/53724945/53724945.raw
53725008,678673,2026-06-15T23:23:04.523Z,ngswarm champions: local 6394.5 (399 tasks),submission.zip,6394.45,6394.45,COMPLETE,keithtyser,keithtyser,/goal win silver medal,/submissions/53725008/53725008.raw
53725258,679153,2026-06-15T23:41:44.827Z,ngswarm champions: local 6394.9 (399 tasks),submission.zip,6394.88,6394.88,COMPLETE,keithtyser,keithtyser,/goal win silver medal,/submissions/53725258/53725258.raw
53727108,682894,2026-06-16T01:21:05.653Z,ngswarm champions: local 6404.1 (399 tasks),submission.zip,6404.13,6404.13,COMPLETE,keithtyser,keithtyser,/goal win silver medal,/submissions/53727108/53727108.raw
53730414,681994,2026-06-16T04:06:52.960Z,ngswarm champions: local 6404.3 (399 tasks),submission.zip,6404.31,6404.31,COMPLETE,keithtyser,keithtyser,/goal win silver medal,/submissions/53730414/53730414.raw
53730420,681994,2026-06-16T04:07:11.740Z,ngswarm champions: local 6404.3 (399 tasks),submission.zip,6404.31,6404.31,COMPLETE,keithtyser,keithtyser,/goal win silver medal,/submissions/53730420/53730420.raw
53733810,684380,2026-06-16T06:28:24.003Z,ngswarm champions: local 6404.8 (399 tasks),submission.zip,6404.84,6404.84,COMPLETE,keithtyser,keithtyser,/goal win silver medal,/submissions/53733810/53733810.raw
53736616,684293,2026-06-16T08:12:43.553Z,ngswarm champions: local 6406.4 (399 tasks),submission.zip,6406.36,6406.36,COMPLETE,keithtyser,keithtyser,/goal win silver medal,/submissions/53736616/53736616.raw
53736639,684293,2026-06-16T08:13:44.383Z,pass5 wins: task175/036/088/137,submission.zip,6406.36,6406.36,COMPLETE,keithtyser,keithtyser,/goal win silver medal,/submissions/53736639/53736639.raw
53743909,679887,2026-06-16T12:38:02.163Z,pass7 wins: task085/193/335,submission.zip,6406.84,6406.84,COMPLETE,keithtyser,keithtyser,/goal win silver medal,/submissions/53743909/53743909.raw
53749402,677658,2026-06-16T16:13:22.823Z,pass9 reverse-engineer wins: task383/284,submission.zip,6407.05,6407.05,COMPLETE,keithtyser,keithtyser,/goal win silver medal,/submissions/53749402/53749402.raw
53753275,678224,2026-06-16T19:29:46.593Z,"pass10 reverse-engineer wins: task092 46141->46063, task131 44550->43599",submission.zip,6407.08,6407.08,COMPLETE,keithtyser,keithtyser,/goal win silver medal,/submissions/53753275/53753275.raw
53755414,678057,2026-06-16T21:54:43.090Z,pass11 conv-lever wins (validated lever),submission.zip,6409.44,6409.44,COMPLETE,keithtyser,keithtyser,/goal win silver medal,/submissions/53755414/53755414.raw
53759579,679937,2026-06-17T01:50:02.590Z,AGENT_B wave: blend task319 + pass-13 (9 wins) + transpile task137/task256,submission.zip,6388.84,6388.84,COMPLETE,keithtyser,keithtyser,/goal win silver medal,/submissions/53759579/53759579.raw
53761469,677606,2026-06-17T03:11:44.600Z,"AGENT_B equiv-PASS batch: 12 transform-correct (1834-input sweep vs true rule) + task256 (equiv-neutral, same fn as LB-proven old). Tests hidden-correctness of equivariance.",submission.zip,6414.81,6414.81,COMPLETE,keithtyser,keithtyser,/goal win silver medal,/submissions/53761469/53761469.raw
53786952,676686,2026-06-17T20:15:03.590Z,"Wave 17: task252 column-parity recolor 36436->14788 (+0.90pt, verified bit-exact+sweep-PASS)",submission.zip,6420.30,6420.30,COMPLETE,keithtyser,keithtyser,/goal win silver medal,/submissions/53786952/53786952.raw
53788028,661309,2026-06-17T21:29:51.597Z,harvest 6424 kernels: 119 generalization-verified cheaper public models,submission.zip,6338.67,6338.67,COMPLETE,keithtyser,keithtyser,/goal win silver medal,/submissions/53788028/53788028.raw
53789134,676650,2026-06-17T22:59:38.030Z,confirm cast-drop task192/376 + bit-exact waves 6/9/10,submission.zip,6421.21,6421.21,COMPLETE,keithtyser,keithtyser,/goal win silver medal,/submissions/53789134/53789134.raw
53789807,708271,2026-06-17T23:49:23.180Z,"task219: adopt agentzz public-correct (cost 12.7M->48138, +integrity, +0.078 vs floor)",submission.zip,6407.07,6407.07,COMPLETE,keithtyser,keithtyser,/goal win silver medal,/submissions/53789807/53789807.raw
53790778,680304,2026-06-18T00:21:09.590Z,const-fold bit-exact sweep + task187 cast-fold; floor task219 restored,submission.zip,6422.70,6422.70,COMPLETE,keithtyser,keithtyser,/goal win silver medal,/submissions/53790778/53790778.raw
53790943,686360,2026-06-18T00:30:02.400Z,task069 symbolic motif-copy 70246->35110 after const-fold sweep,submission.zip,6423.39,6423.39,COMPLETE,keithtyser,keithtyser,/goal win silver medal,/submissions/53790943/53790943.raw
53791296,683946,2026-06-18T00:48:03.733Z,task036 color-stat + task231 row-gather + task162 shave,submission.zip,6424.07,6424.07,COMPLETE,keithtyser,keithtyser,/goal win silver medal,/submissions/53791296/53791296.raw
53791924,688329,2026-06-18T01:20:59.693Z,Codex bigwin wave: exact rebuilds task070/065/031/035/286/143/118; pred 6428.05; sweep-pass where oracle discriminates,submission.zip,6428.05,6428.05,COMPLETE,keithtyser,keithtyser,/goal win silver medal,/submissions/53791924/53791924.raw
53792061,688393,2026-06-18T01:27:34.560Z,Codex task215 closed-form row-gather + task280 terminal bool; pred 6429.08,submission.zip,6429.07,6429.07,COMPLETE,keithtyser,keithtyser,/goal win silver medal,/submissions/53792061/53792061.raw
53792110,688215,2026-06-18T01:29:49.657Z,Codex task112 reflection-fill sweep-pass; pred 6429.70,submission.zip,6429.70,6429.70,COMPLETE,keithtyser,keithtyser,/goal win silver medal,/submissions/53792110/53792110.raw
53792155,687637,2026-06-18T01:31:43.680Z,Codex task159 square-marker + task088 count4-crop sweep-pass; pred 6431.15,submission.zip,6431.14,6431.14,COMPLETE,keithtyser,keithtyser,/goal win silver medal,/submissions/53792155/53792155.raw
53792202,687589,2026-06-18T01:33:36.690Z,Codex task340 terminal-equal + task338 bounded-flood sweep-pass; pred 6431.93,submission.zip,6431.92,6431.92,COMPLETE,keithtyser,keithtyser,/goal win silver medal,/submissions/53792202/53792202.raw
53792266,686950,2026-06-18T01:35:51.780Z,Codex task335 L-path sweep-pass; pred 6432.26,submission.zip,6432.25,6432.25,COMPLETE,keithtyser,keithtyser,/goal win silver medal,/submissions/53792266/53792266.raw
53792287,685626,2026-06-18T01:37:07.303Z,Codex task173 reduced sparse-budget sweep-pass; pred 6432.48,submission.zip,6432.47,6432.47,COMPLETE,keithtyser,keithtyser,/goal win silver medal,/submissions/53792287/53792287.raw
53792326,685503,2026-06-18T01:38:49.543Z,Codex task204 guard-shrink sweep-pass; pred 6432.57,submission.zip,6432.56,6432.56,COMPLETE,keithtyser,keithtyser,/goal win silver medal,/submissions/53792326/53792326.raw
53792375,682711,2026-06-18T01:41:06.660Z,Codex task076 add-chain CSE sweep-pass; pred 6432.61,submission.zip,6432.60,6432.60,COMPLETE,keithtyser,keithtyser,/goal win silver medal,/submissions/53792375/53792375.raw
53792506,681031,2026-06-18T01:47:49.303Z,Codex task198 gap-topk v2 isolated probe; pred 6432.96,submission.zip,6432.96,6432.96,COMPLETE,keithtyser,keithtyser,/goal win silver medal,/submissions/53792506/53792506.raw
53792562,680940,2026-06-18T01:51:21.730Z,Codex task184 block-tail + task193 neighbor-keep sweep-pass; pred 6433.54,submission.zip,6433.34,6433.34,COMPLETE,keithtyser,keithtyser,/goal win silver medal,/submissions/53792562/53792562.raw
53792607,680583,2026-06-18T01:53:08.533Z,Codex task275 kron-selector + task264 signature + task284 tail sweep-pass; pred 6435.13,submission.zip,6435.14,6435.14,COMPLETE,keithtyser,keithtyser,/goal win silver medal,/submissions/53792607/53792607.raw
53792644,681684,2026-06-18T01:54:38.500Z,Codex task378 L-corner rays sweep-pass; pred 6435.31,submission.zip,6435.31,6435.31,COMPLETE,keithtyser,keithtyser,/goal win silver medal,/submissions/53792644/53792644.raw
53792756,681581,2026-06-18T01:59:21.373Z,Codex task224 bbox-frame + task213 bool-tail sweep-pass; pred 6435.62,submission.zip,6435.65,6435.65,COMPLETE,keithtyser,keithtyser,/goal win silver medal,/submissions/53792756/53792756.raw
53792941,681405,2026-06-18T02:09:26.097Z,Codex task278 cluster-dilate + task359 rowcol-mode + task092 patch; pred 6437.30,submission.zip,6437.30,6437.30,COMPLETE,keithtyser,keithtyser,/goal win silver medal,/submissions/53792941/53792941.raw
53808764,682954,2026-06-18T12:57:43.437Z,Codex big wave: 351/400 + 177/387 + 185/202 + 308/383 + 132/244; pred 6443.31,submission.zip,6443.30,6443.30,COMPLETE,keithtyser,keithtyser,/goal win silver medal,/submissions/53808764/53808764.raw
53809082,685492,2026-06-18T13:11:37.130Z,Codex task363 public reduction + task366 prune isolated probe; pred 6443.99,submission.zip,6443.98,6443.98,COMPLETE,keithtyser,keithtyser,/goal win silver medal,/submissions/53809082/53809082.raw
53809423,686157,2026-06-18T13:26:42.927Z,Codex fat public wins: task255 + task101 + task233; pred 6446.74,submission.zip,6432.83,6432.83,COMPLETE,keithtyser,keithtyser,/goal win silver medal,/submissions/53809423/53809423.raw
53809650,691724,2026-06-18T13:35:42.843Z,Codex isolated task367 bool-rect surgery probe; pred 6445.42,submission.zip,6430.84,6430.84,COMPLETE,keithtyser,keithtyser,/goal win silver medal,/submissions/53809650/53809650.raw
53809760,691776,2026-06-18T13:39:51.167Z,Codex isolated task096 jazivxt public probe; pred 6445.55,submission.zip,6430.83,6430.83,COMPLETE,keithtyser,keithtyser,/goal win silver medal,/submissions/53809760/53809760.raw
53809822,685151,2026-06-18T13:42:28.683Z,Codex isolated task203 biohack public probe; pred 6445.21,submission.zip,6445.21,6445.21,COMPLETE,keithtyser,keithtyser,/goal win silver medal,/submissions/53809822/53809822.raw
53809925,679583,2026-06-18T13:46:47.790Z,Codex isolated task255 biohack public bisection; pred 6446.34,submission.zip,6446.34,6446.34,COMPLETE,keithtyser,keithtyser,/goal win silver medal,/submissions/53809925/53809925.raw
53809998,679783,2026-06-18T13:49:32.187Z,Codex isolated task233 biohack public bisection; pred 6446.76,submission.zip,6446.76,6446.76,COMPLETE,keithtyser,keithtyser,/goal win silver medal,/submissions/53809998/53809998.raw
53810150,678766,2026-06-18T13:53:54.547Z,Codex biohack srcA batch: task029 + task325 + task154; pred 6449.62,submission.zip,6449.62,6449.62,COMPLETE,keithtyser,keithtyser,/goal win silver medal,/submissions/53810150/53810150.raw
53810249,675915,2026-06-18T13:58:02.760Z,Codex biohack srcA batch: task201/355/166/193/110; pred 6453.04,submission.zip,6453.13,6453.13,COMPLETE,keithtyser,keithtyser,/goal win silver medal,/submissions/53810249/53810249.raw
53810413,666158,2026-06-18T14:03:53.933Z,Codex biohack srcA batch: task289/343/300/224/005/299; pred 6456.59,submission.zip,6456.64,6456.64,COMPLETE,keithtyser,keithtyser,/goal win silver medal,/submissions/53810413/53810413.raw
53810627,665906,2026-06-18T14:11:08.640Z,Codex biohack srcA tail batch: task128/104/157/184/018; pred 6458.52,submission.zip,6458.52,6458.52,COMPLETE,keithtyser,keithtyser,/goal win silver medal,/submissions/53810627/53810627.raw
53810856,664229,2026-06-18T14:19:35.560Z,Codex biohack batch: task101/078/096/064/290/004; pred 6460.87,submission.zip,6460.85,6460.85,COMPLETE,keithtyser,keithtyser,/goal win silver medal,/submissions/53810856/53810856.raw
53811038,653516,2026-06-18T14:25:16.960Z,Codex biohack long-tail batch 17 tasks; pred 6463.93,submission.zip,6463.93,6463.93,COMPLETE,keithtyser,keithtyser,/goal win silver medal,/submissions/53811038/53811038.raw
53811328,651894,2026-06-18T14:34:25.930Z,Codex biohack residual batch 21 tasks; pred 6464.95,submission.zip,6465.05,6465.05,COMPLETE,keithtyser,keithtyser,/goal win silver medal,/submissions/53811328/53811328.raw
53811699,658320,2026-06-18T14:44:50.673Z,Codex isolated task367 Rauff public candidate; pred 6465.87,submission.zip,6451.91,6451.91,COMPLETE,keithtyser,keithtyser,/goal win silver medal,/submissions/53811699/53811699.raw
53811749,646527,2026-06-18T14:45:55.743Z,Codex isolated task076 Rauff public candidate; pred 6465.80,submission.zip,6451.30,6451.30,COMPLETE,keithtyser,keithtyser,/goal win silver medal,/submissions/53811749/53811749.raw
53811761,654330,2026-06-18T14:46:15.507Z,Codex isolated task319 agentzz public candidate; pred 6465.61,submission.zip,6450.47,6450.47,COMPLETE,keithtyser,keithtyser,/goal win silver medal,/submissions/53811761/53811761.raw
53811767,657629,2026-06-18T14:46:32.003Z,Codex isolated task118 beicicc public candidate; pred 6465.33,submission.zip,6451.34,6451.34,COMPLETE,keithtyser,keithtyser,/goal win silver medal,/submissions/53811767/53811767.raw
53811792,651531,2026-06-18T14:47:32.477Z,Codex isolated task061 qinghchen compact candidate; pred 6465.40,submission.zip,6465.39,6465.39,COMPLETE,keithtyser,keithtyser,/goal win silver medal,/submissions/53811792/53811792.raw
53811804,651826,2026-06-18T14:47:50.443Z,Codex isolated task240 qinghchen compact candidate; pred 6465.16,submission.zip,6465.15,6465.15,COMPLETE,keithtyser,keithtyser,/goal win silver medal,/submissions/53811804/53811804.raw
53811856,651827,2026-06-18T14:49:33.743Z,Codex isolated task314 biohack 500-to-100 candidate; pred 6466.66,submission.zip,6466.66,6466.66,COMPLETE,keithtyser,keithtyser,/goal win silver medal,/submissions/53811856/53811856.raw
53811869,652016,2026-06-18T14:49:59.100Z,Codex biohack mini-batch task211/167/339; pred 6465.98,submission.zip,6465.98,6465.98,COMPLETE,keithtyser,keithtyser,/goal win silver medal,/submissions/53811869/53811869.raw
53811896,651463,2026-06-18T14:50:50.337Z,Codex confirmed qinghchen task061+240 combine; pred 6465.50,submission.zip,6465.50,6465.50,COMPLETE,keithtyser,keithtyser,/goal win silver medal,/submissions/53811896/53811896.raw
53811950,651396,2026-06-18T14:52:27.703Z,Codex confirmed task314+task061+task240 combine; pred 6467.11,submission.zip,6467.11,6467.11,COMPLETE,keithtyser,keithtyser,/goal win silver medal,/submissions/53811950/53811950.raw
53811998,651518,2026-06-18T14:54:19.783Z,Codex confirmed six-task compact combine; pred 6468.04,submission.zip,6468.04,6468.04,COMPLETE,keithtyser,keithtyser,/goal win silver medal,/submissions/53811998/53811998.raw
53812066,651339,2026-06-18T14:55:56.097Z,Codex isolated task367 biohack safer candidate; pred 6468.32,submission.zip,6468.32,6468.32,COMPLETE,keithtyser,keithtyser,/goal win silver medal,/submissions/53812066/53812066.raw
53812114,651479,2026-06-18T14:57:44.943Z,Codex isolated task208 exact branch prune; pred 6468.15,submission.zip,6468.14,6468.14,COMPLETE,keithtyser,keithtyser,/goal win silver medal,/submissions/53812114/53812114.raw
53812169,651300,2026-06-18T15:00:02.503Z,Codex confirmed task367+task208 combine; pred 6468.43,submission.zip,6468.42,6468.42,COMPLETE,keithtyser,keithtyser,/goal win silver medal,/submissions/53812169/53812169.raw
53812234,651115,2026-06-18T15:01:53.077Z,Codex manual frozen probe task384 vyanktesh candidate; pred 6470.80,submission.zip,6470.79,6470.79,COMPLETE,keithtyser,keithtyser,/goal win silver medal,/submissions/53812234/53812234.raw
53812247,651255,2026-06-18T15:02:32.510Z,Codex manual frozen probe task274 vyanktesh candidate; pred 6469.42,submission.zip,6469.42,6469.42,COMPLETE,keithtyser,keithtyser,/goal win silver medal,/submissions/53812247/53812247.raw
53812256,656774,2026-06-18T15:02:50.153Z,Codex manual frozen probe task077 vyanktesh candidate; pred 6468.85,submission.zip,6468.84,6468.84,COMPLETE,keithtyser,keithtyser,/goal win silver medal,/submissions/53812256/53812256.raw
53812267,650955,2026-06-18T15:03:04.733Z,Codex manual frozen probe task133 vyanktesh candidate; pred 6468.79,submission.zip,6468.79,6468.79,COMPLETE,keithtyser,keithtyser,/goal win silver medal,/submissions/53812267/53812267.raw
53812273,648363,2026-06-18T15:03:19.793Z,Codex manual frozen probe task370 vyanktesh candidate; pred 6468.78,submission.zip,6468.78,6468.78,COMPLETE,keithtyser,keithtyser,/goal win silver medal,/submissions/53812273/53812273.raw
53812278,651308,2026-06-18T15:03:28.440Z,Codex manual frozen probe task328 vyanktesh candidate; pred 6468.77,submission.zip,6468.77,6468.77,COMPLETE,keithtyser,keithtyser,/goal win silver medal,/submissions/53812278/53812278.raw
53812370,656199,2026-06-18T15:06:48.637Z,Codex confirmed frozen wins task384/274/077/133 combine; pred 6472.58,submission.zip,6472.57,6472.57,COMPLETE,keithtyser,keithtyser,/goal win silver medal,/submissions/53812370/53812370.raw
53812389,656223,2026-06-18T15:07:38.040Z,Codex manual frozen probe task396 vyanktesh candidate; pred 6472.78,submission.zip,6472.77,6472.77,COMPLETE,keithtyser,keithtyser,/goal win silver medal,/submissions/53812389/53812389.raw
53812392,656260,2026-06-18T15:07:44.870Z,Codex manual frozen probe task221 vyanktesh candidate; pred 6472.71,submission.zip,6472.70,6472.70,COMPLETE,keithtyser,keithtyser,/goal win silver medal,/submissions/53812392/53812392.raw
53812395,656213,2026-06-18T15:07:53.513Z,Codex manual frozen probe task382 vyanktesh candidate; pred 6472.71,submission.zip,6472.70,6472.70,COMPLETE,keithtyser,keithtyser,/goal win silver medal,/submissions/53812395/53812395.raw
53812401,655591,2026-06-18T15:08:02.630Z,Codex manual frozen probe task243 vyanktesh candidate; pred 6472.70,submission.zip,6472.69,6472.69,COMPLETE,keithtyser,keithtyser,/goal win silver medal,/submissions/53812401/53812401.raw
53812495,653331,2026-06-18T15:11:42.190Z,Codex confirmed frozen wins through task221 combine; pred 6473.40,submission.zip,6473.40,6473.40,COMPLETE,keithtyser,keithtyser,/goal win silver medal,/submissions/53812495/53812495.raw
53812561,652761,2026-06-18T15:13:36.947Z,Codex confirmed full frozen vyanktesh wave; pred 6473.86,submission.zip,6473.85,6473.85,COMPLETE,keithtyser,keithtyser,/goal win silver medal,/submissions/53812561/53812561.raw
53812623,652627,2026-06-18T15:15:31.667Z,Codex manual probe task097 vyanktesh candidate; pred 6474.33,submission.zip,6474.32,6474.32,COMPLETE,keithtyser,keithtyser,/goal win silver medal,/submissions/53812623/53812623.raw
53812629,652347,2026-06-18T15:15:38.623Z,Codex manual probe task239 vyanktesh candidate; pred 6474.15,submission.zip,6474.15,6474.15,COMPLETE,keithtyser,keithtyser,/goal win silver medal,/submissions/53812629/53812629.raw
53812631,652306,2026-06-18T15:15:46.873Z,Codex manual probe task319 vyanktesh candidate; pred 6473.95,submission.zip,6473.94,6473.94,COMPLETE,keithtyser,keithtyser,/goal win silver medal,/submissions/53812631/53812631.raw
53812645,652245,2026-06-18T15:16:10.950Z,Codex manual probe task076 vyanktesh candidate; pred 6473.92,submission.zip,6473.92,6473.92,COMPLETE,keithtyser,keithtyser,/goal win silver medal,/submissions/53812645/53812645.raw
53812648,652317,2026-06-18T15:16:18.427Z,Codex manual probe task023 jazivxt-risk candidate; pred 6474.66,submission.zip,6459.65,6459.65,COMPLETE,keithtyser,keithtyser,/goal win silver medal,/submissions/53812648/53812648.raw
53812653,658496,2026-06-18T15:16:25.403Z,Codex manual probe task118 jazivxt-risk candidate; pred 6474.13,submission.zip,6460.14,6460.14,COMPLETE,keithtyser,keithtyser,/goal win silver medal,/submissions/53812653/53812653.raw
53812656,652311,2026-06-18T15:16:32.107Z,Codex manual probe task153 jazivxt-risk candidate; pred 6473.99,submission.zip,6458.33,6458.33,COMPLETE,keithtyser,keithtyser,/goal win silver medal,/submissions/53812656/53812656.raw
53812724,651758,2026-06-18T15:19:10.933Z,Codex confirmed vyanktesh followups task097/239/319; pred 6474.71,submission.zip,6474.71,6474.71,COMPLETE,keithtyser,keithtyser,/goal win silver medal,/submissions/53812724/53812724.raw
53812805,651242,2026-06-18T15:22:04.880Z,Codex confirmed vyanktesh followups plus task076; pred 6474.78,submission.zip,6474.77,6474.77,COMPLETE,keithtyser,keithtyser,/goal win silver medal,/submissions/53812805/53812805.raw
53813285,646227,2026-06-18T15:40:13.647Z,Codex big isolated probe task076 beicicc-latest-risk; pred 6475.46,submission.zip,6460.95,6460.95,COMPLETE,keithtyser,keithtyser,/goal win silver medal,/submissions/53813285/53813285.raw
53813291,651155,2026-06-18T15:40:24.590Z,Codex big isolated probe task149 franksunp-latest; pred 6475.33,submission.zip,6475.32,6475.32,COMPLETE,keithtyser,keithtyser,/goal win silver medal,/submissions/53813291/53813291.raw
53813297,651233,2026-06-18T15:40:36.727Z,Codex big isolated probe task165 vyanktesh-6425.21; pred 6474.89,submission.zip,6474.89,6474.89,COMPLETE,keithtyser,keithtyser,/goal win silver medal,/submissions/53813297/53813297.raw
53813305,650914,2026-06-18T15:40:52.787Z,Codex big isolated probe task216 vyanktesh-6424.29; pred 6474.87,submission.zip,6474.87,6474.87,COMPLETE,keithtyser,keithtyser,/goal win silver medal,/submissions/53813305/53813305.raw
53813308,651194,2026-06-18T15:41:04.813Z,Codex big isolated probe task144 vyanktesh-6424.29; pred 6474.85,submission.zip,6474.84,6474.84,COMPLETE,keithtyser,keithtyser,/goal win silver medal,/submissions/53813308/53813308.raw
53813313,651168,2026-06-18T15:41:16.610Z,Codex big isolated probe task026 vyanktesh-6424.29; pred 6474.85,submission.zip,6474.84,6474.84,COMPLETE,keithtyser,keithtyser,/goal win silver medal,/submissions/53813313/53813313.raw
53813318,651277,2026-06-18T15:41:28.750Z,Codex big isolated probe task281 vyanktesh-6424.29; pred 6474.85,submission.zip,6474.84,6474.84,COMPLETE,keithtyser,keithtyser,/goal win silver medal,/submissions/53813318/53813318.raw
53813326,650759,2026-06-18T15:41:46.303Z,Codex big isolated probe task313 vyanktesh-6424.29; pred 6474.84,submission.zip,6474.83,6474.83,COMPLETE,keithtyser,keithtyser,/goal win silver medal,/submissions/53813326/53813326.raw
53813330,651190,2026-06-18T15:42:00.867Z,Codex big isolated probe task234 vyanktesh-6424.29; pred 6474.84,submission.zip,6474.83,6474.83,COMPLETE,keithtyser,keithtyser,/goal win silver medal,/submissions/53813330/53813330.raw
53813338,651223,2026-06-18T15:42:13.020Z,Codex big isolated probe task097 vyanktesh-6425.21; pred 6474.83,submission.zip,6474.82,6474.82,COMPLETE,keithtyser,keithtyser,/goal win silver medal,/submissions/53813338/53813338.raw
53813465,650196,2026-06-18T15:47:20.060Z,Codex bank confirmed task149 plus vyanktesh public probes; pred 6475.86,submission.zip,6475.85,6475.85,COMPLETE,keithtyser,keithtyser,/goal win silver medal,/submissions/53813465/53813465.raw
53813486,650177,2026-06-18T15:48:06.490Z,Codex bank confirmed task149/vyanktesh probes incl task097; pred 6475.91,submission.zip,6475.90,6475.90,COMPLETE,keithtyser,keithtyser,/goal win silver medal,/submissions/53813486/53813486.raw
53813508,650465,2026-06-18T15:48:41.770Z,Codex exact synth probe task313 periodic; pred 6476.05,submission.zip,6476.04,6476.04,COMPLETE,keithtyser,keithtyser,/goal win silver medal,/submissions/53813508/53813508.raw
53813816,650173,2026-06-18T16:00:35.340Z,Codex exact synth probe task231 periodic width doubler; pred 6476.48,submission.zip,6476.47,6476.47,COMPLETE,keithtyser,keithtyser,/goal win silver medal,/submissions/53813816/53813816.raw
53813977,650439,2026-06-18T16:08:59.583Z,task231 waveC exact 10535 pred 6477.13,submission.zip,6477.12,6477.12,COMPLETE,keithtyser,keithtyser,/goal win silver medal,/submissions/53813977/53813977.raw
53813983,651359,2026-06-18T16:09:08.253Z,task288 waveC exact 20217 pred 6476.88,submission.zip,6476.88,6476.88,COMPLETE,keithtyser,keithtyser,/goal win silver medal,/submissions/53813983/53813983.raw
53813988,648333,2026-06-18T16:09:16.440Z,task071 waveA exact 25049 pred 6477.27,submission.zip,6477.27,6477.27,COMPLETE,keithtyser,keithtyser,/goal win silver medal,/submissions/53813988/53813988.raw
53813993,654826,2026-06-18T16:09:27.803Z,task041 waveA exact 6842 pred 6477.00,submission.zip,6476.99,6476.99,COMPLETE,keithtyser,keithtyser,/goal win silver medal,/submissions/53813993/53813993.raw
53813995,648669,2026-06-18T16:09:35.713Z,task180 waveB exact 5286 pred 6476.82,submission.zip,6476.82,6476.82,COMPLETE,keithtyser,keithtyser,/goal win silver medal,/submissions/53813995/53813995.raw
53813997,650121,2026-06-18T16:09:44.090Z,task126 waveB exact frozen 35549 pred 6476.82,submission.zip,6476.81,6476.81,COMPLETE,keithtyser,keithtyser,/goal win silver medal,/submissions/53813997/53813997.raw
53814024,650201,2026-06-18T16:10:56.363Z,task321 waveD exact 2522 pred 6477.24,submission.zip,6477.24,6477.24,COMPLETE,keithtyser,keithtyser,/goal win silver medal,/submissions/53814024/53814024.raw
53814026,650128,2026-06-18T16:11:04.203Z,task360 waveD exact 5814 pred 6476.85,submission.zip,6476.85,6476.85,COMPLETE,keithtyser,keithtyser,/goal win silver medal,/submissions/53814026/53814026.raw
53814030,649802,2026-06-18T16:11:12.213Z,task332 waveD exact 5604 pred 6476.82,submission.zip,6476.81,6476.81,COMPLETE,keithtyser,keithtyser,/goal win silver medal,/submissions/53814030/53814030.raw
53814033,650397,2026-06-18T16:11:19.877Z,task372 waveD exact 5770 pred 6476.79,submission.zip,6476.79,6476.79,COMPLETE,keithtyser,keithtyser,/goal win silver medal,/submissions/53814033/53814033.raw
53814092,652718,2026-06-18T16:13:56.903Z,Codex bank exact waves A-D confirmed; pred 6481.30,submission.zip,6481.30,6481.30,COMPLETE,keithtyser,keithtyser,/goal win silver medal,/submissions/53814092/53814092.raw
53814127,659129,2026-06-18T16:15:11.023Z,task367 exact bool surgery isolated pred 6482.46,submission.zip,6467.87,6467.87,COMPLETE,keithtyser,keithtyser,/goal win silver medal,/submissions/53814127/53814127.raw
53814746,657794,2026-06-18T16:38:56.117Z,latest6425 micro sweep 20 nets pred 6481.47,submission.zip,6481.47,6481.47,COMPLETE,keithtyser,keithtyser,/goal win silver medal,/submissions/53814746/53814746.raw
53814996,664720,2026-06-18T16:49:08.093Z,bucket061+291 seven-task exact bundle pred 6484.51,submission.zip,6484.51,6484.51,COMPLETE,keithtyser,keithtyser,/goal win silver medal,/submissions/53814996/53814996.raw
53815177,665309,2026-06-18T16:57:02.980Z,staticC task063+084 exact pair pred 6485.30,submission.zip,6485.30,6485.30,COMPLETE,keithtyser,keithtyser,/goal win silver medal,/submissions/53815177/53815177.raw
53815203,666379,2026-06-18T16:58:07.677Z,staticB task091+183+251+310 exact bundle pred 6487.89,submission.zip,6487.89,6487.89,COMPLETE,keithtyser,keithtyser,/goal win silver medal,/submissions/53815203/53815203.raw
53815348,666767,2026-06-18T17:03:39.320Z,bucket081085 task082+084+085 exact bundle pred 6489.87,submission.zip,6489.87,6489.87,COMPLETE,keithtyser,keithtyser,/goal win silver medal,/submissions/53815348/53815348.raw
53823464,686081,2026-06-19T00:12:25.653Z,best strict reset bundle 231 tasks pred 6570.55,submission.zip,,,ERROR,keithtyser,keithtyser,/goal win silver medal,/submissions/53823464/53823464.raw
53823584,664702,2026-06-19T00:16:07.553Z,repair isolate no_view_heavy pred 6565.10,submission.zip,,,ERROR,keithtyser,keithtyser,/goal win silver medal,/submissions/53823584/53823584.raw
53823644,673293,2026-06-19T00:18:14.633Z,repair isolate no_experimental pred 6563.20,submission.zip,6443.83,6443.83,COMPLETE,keithtyser,keithtyser,/goal win silver medal,/submissions/53823644/53823644.raw
53823732,686161,2026-06-19T00:21:32.590Z,repair no_task198 pred 6570.45,submission.zip,6406.35,6406.35,COMPLETE,keithtyser,keithtyser,/goal win silver medal,/submissions/53823732/53823732.raw
53823993,667134,2026-06-19T00:32:31.340Z,repair floor6489 plus F-all pred 6491.65,submission.zip,6491.64,6491.64,COMPLETE,keithtyser,keithtyser,/goal win silver medal,/submissions/53823993/53823993.raw
53824412,713889,2026-06-19T00:47:59.800Z,repair best plus non-public no198 no-exp pred 6521.02,submission.zip,6401.65,6401.65,COMPLETE,keithtyser,keithtyser,/goal win silver medal,/submissions/53824412/53824412.raw
53824807,660111,2026-06-19T01:03:15.233Z,G01 bucket core no198 no367 no076 no023 pred 6498.61,submission.zip,6498.60,6498.60,COMPLETE,keithtyser,keithtyser,/goal win silver medal,/submissions/53824807/53824807.raw
53825154,666139,2026-06-19T01:18:45.080Z,G02 bucket core plus task-specific no-exp pred 6504.19,submission.zip,6489.50,6489.50,COMPLETE,keithtyser,keithtyser,/goal win silver medal,/submissions/53825154/53825154.raw
53825454,659934,2026-06-19T01:34:17.700Z,G07 bucket core plus guarded-other pred 6505.26,submission.zip,6505.26,6505.26,COMPLETE,keithtyser,keithtyser,/goal win silver medal,/submissions/53825454/53825454.raw
53825752,657208,2026-06-19T01:49:49.677Z,G11 G07 plus guarded-zoli pred 6509.81,submission.zip,6509.81,6509.81,COMPLETE,keithtyser,keithtyser,/goal win silver medal,/submissions/53825752/53825752.raw
53826135,657181,2026-06-19T02:05:20.663Z,G12 G11 plus JH strict wins pred 6511.11,submission.zip,6511.11,6511.11,COMPLETE,keithtyser,keithtyser,/goal win silver medal,/submissions/53826135/53826135.raw
53826447,658121,2026-06-19T02:18:22.367Z,M01 G12 plus task-specific without task255 pred 6515.39,submission.zip,6515.39,6515.39,COMPLETE,keithtyser,keithtyser,/goal win silver medal,/submissions/53826447/53826447.raw
53826644,669346,2026-06-19T02:27:01.723Z,O01 M01 plus remaining no118 no198 no255 pred 6517.18,submission.zip,6502.41,6502.41,COMPLETE,keithtyser,keithtyser,/goal win silver medal,/submissions/53826644/53826644.raw
53826992,668353,2026-06-19T02:42:10.707Z,O03 M01 plus small experimental tail pred 6516.17,submission.zip,6516.17,6516.17,COMPLETE,keithtyser,keithtyser,/goal win silver medal,/submissions/53826992/53826992.raw
53827385,666315,2026-06-19T02:57:20.200Z,Q04 O03 plus task101 pred 6517.01,submission.zip,6517.00,6517.00,COMPLETE,keithtyser,keithtyser,/goal win silver medal,/submissions/53827385/53827385.raw
53827747,671209,2026-06-19T03:12:29.160Z,Q05 Q04 plus task118 risky pred 6518.33,submission.zip,6503.30,6503.30,COMPLETE,keithtyser,keithtyser,/goal win silver medal,/submissions/53827747/53827747.raw
53828130,666289,2026-06-19T03:27:39.810Z,Q06 Q04 plus task198 noslice pred 6517.11,submission.zip,,,ERROR,keithtyser,keithtyser,/goal win silver medal,/submissions/53828130/53828130.raw
53828474,666397,2026-06-19T03:42:49.527Z,P03 Q04 plus task280 pred 6517.05,submission.zip,6517.05,6517.05,COMPLETE,keithtyser,keithtyser,/goal win silver medal,/submissions/53828474/53828474.raw
53828814,668154,2026-06-19T03:57:58.217Z,S02 P03 plus task366 pred 6517.81,submission.zip,6517.81,6517.81,COMPLETE,keithtyser,keithtyser,/goal win silver medal,/submissions/53828814/53828814.raw
53829128,657724,2026-06-19T04:13:07.540Z,R05 S02 plus task069 pred 6519.73,submission.zip,6519.72,6519.72,COMPLETE,keithtyser,keithtyser,/goal win silver medal,/submissions/53829128/53829128.raw
53829458,663030,2026-06-19T04:28:15.883Z,R06 R05 plus R03 remaining guarded pred 6529.68,submission.zip,6455.28,6455.28,COMPLETE,keithtyser,keithtyser,/goal win silver medal,/submissions/53829458/53829458.raw
53829835,659063,2026-06-19T04:43:23.327Z,R07 R05 split pred 6525.54,submission.zip,6465.85,6465.85,COMPLETE,keithtyser,keithtyser,/goal win silver medal,/submissions/53829835/53829835.raw
53830208,657392,2026-06-19T04:58:30.397Z,R09 R05 split pred 6521.17,submission.zip,6521.17,6521.17,COMPLETE,keithtyser,keithtyser,/goal win silver medal,/submissions/53830208/53830208.raw
53830769,663899,2026-06-19T05:13:39.047Z,R10 R09 plus task367 pred 6522.33,submission.zip,6507.74,6507.74,COMPLETE,keithtyser,keithtyser,/goal win silver medal,/submissions/53830769/53830769.raw
53835860,652337,2026-06-19T05:28:47.970Z,R11 R09 plus task076 pred 6522.29,submission.zip,6507.35,6507.35,COMPLETE,keithtyser,keithtyser,/goal win silver medal,/submissions/53835860/53835860.raw
53836755,657038,2026-06-19T05:43:55.687Z,R13 R09 plus task213 pred 6522.95,submission.zip,6522.94,6522.94,COMPLETE,keithtyser,keithtyser,/goal win silver medal,/submissions/53836755/53836755.raw
53837138,656169,2026-06-19T05:59:04.477Z,R16 R13 plus task189 pred 6524.48,submission.zip,6524.47,6524.47,COMPLETE,keithtyser,keithtyser,/goal win silver medal,/submissions/53837138/53837138.raw
53837617,654345,2026-06-19T06:14:24.177Z,R17 R16 plus task158 pred 6525.93,submission.zip,6525.93,6525.93,COMPLETE,keithtyser,keithtyser,/goal win silver medal,/submissions/53837617/53837617.raw
53838170,652798,2026-06-19T06:29:43.007Z,R19 R16 plus task158-task378 pred 6527.32,submission.zip,6527.32,6527.32,COMPLETE,keithtyser,keithtyser,/goal win silver medal,/submissions/53838170/53838170.raw
53838735,652712,2026-06-19T06:45:01.960Z,R20 R19 plus task262 pred 6528.71,submission.zip,6528.70,6528.70,COMPLETE,keithtyser,keithtyser,/goal win silver medal,/submissions/53838735/53838735.raw
53839173,652520,2026-06-19T07:00:20.917Z,R23 R19 plus task262-task238 pred 6530.09,submission.zip,6530.09,6530.09,COMPLETE,keithtyser,keithtyser,/goal win silver medal,/submissions/53839173/53839173.raw
53839601,652361,2026-06-19T07:15:39.750Z,R24 R23 plus task046 pred 6531.44,submission.zip,6531.43,6531.43,COMPLETE,keithtyser,keithtyser,/goal win silver medal,/submissions/53839601/53839601.raw
53840030,658750,2026-06-19T07:30:59.183Z,R27 R23 plus task046-task096 pred 6532.67,submission.zip,6517.96,6517.96,COMPLETE,keithtyser,keithtyser,/goal win silver medal,/submissions/53840030/53840030.raw
53840521,652168,2026-06-19T07:46:18.570Z,R29 R24 plus task363 pred 6532.66,submission.zip,6532.66,6532.66,COMPLETE,keithtyser,keithtyser,/goal win silver medal,/submissions/53840521/53840521.raw
53841032,652106,2026-06-19T08:01:41.470Z,R33 R24 plus task363-task359 pred 6533.78,submission.zip,6533.77,6533.77,COMPLETE,keithtyser,keithtyser,/goal win silver medal,/submissions/53841032/53841032.raw
53841485,651750,2026-06-19T08:17:00.097Z,R34 R24 plus task363-task359-task137 pred 6534.88,submission.zip,6534.88,6534.88,COMPLETE,keithtyser,keithtyser,/goal win silver medal,/submissions/53841485/53841485.raw
53841907,651586,2026-06-19T08:32:19.353Z,R35 R34 plus task235 pred 6535.90,submission.zip,6535.89,6535.89,COMPLETE,keithtyser,keithtyser,/goal win silver medal,/submissions/53841907/53841907.raw
53842364,651043,2026-06-19T08:47:40.310Z,R40 R34 plus task235-task243 pred 6536.87,submission.zip,6536.86,6536.86,COMPLETE,keithtyser,keithtyser,/goal win silver medal,/submissions/53842364/53842364.raw
53842907,650556,2026-06-19T09:03:01.457Z,R41 R34 plus task235-task243-task327 pred 6537.77,submission.zip,6537.76,6537.76,COMPLETE,keithtyser,keithtyser,/goal win silver medal,/submissions/53842907/53842907.raw
53843357,649202,2026-06-19T09:18:20.690Z,R42 R41 plus task364 pred 6538.54,submission.zip,6538.54,6538.54,COMPLETE,keithtyser,keithtyser,/goal win silver medal,/submissions/53843357/53843357.raw
53843786,649335,2026-06-19T09:33:40.410Z,R48 R41 plus task364-task315 pred 6539.31,submission.zip,6539.31,6539.31,COMPLETE,keithtyser,keithtyser,/goal win silver medal,/submissions/53843786/53843786.raw
53844280,649312,2026-06-19T09:49:00.290Z,R49 R41 plus task364-task315-task387 pred 6540.07,submission.zip,6540.06,6540.06,COMPLETE,keithtyser,keithtyser,/goal win silver medal,/submissions/53844280/53844280.raw
53844754,649222,2026-06-19T10:04:23.933Z,R50 R49 plus task324 pred 6540.79,submission.zip,6540.79,6540.79,COMPLETE,keithtyser,keithtyser,/goal win silver medal,/submissions/53844754/53844754.raw
53845207,649100,2026-06-19T10:19:43.090Z,R57 R49 plus task324-task229 pred 6541.48,submission.zip,6541.48,6541.48,COMPLETE,keithtyser,keithtyser,/goal win silver medal,/submissions/53845207/53845207.raw
53845619,649096,2026-06-19T10:35:03.660Z,R58 R49 plus task324-task229-task266 pred 6542.17,submission.zip,6542.16,6542.16,COMPLETE,keithtyser,keithtyser,/goal win silver medal,/submissions/53845619/53845619.raw
53846057,649096,2026-06-19T10:50:12.440Z,R58 R49 plus task324-task229-task266 pred 6542.17,submission.zip,6542.16,6542.16,COMPLETE,keithtyser,keithtyser,/goal win silver medal,/submissions/53846057/53846057.raw
53846463,649096,2026-06-19T11:05:17.303Z,R58 R49 plus task324-task229-task266 pred 6542.17,submission.zip,6542.16,6542.16,COMPLETE,keithtyser,keithtyser,/goal win silver medal,/submissions/53846463/53846463.raw
53846851,649368,2026-06-19T11:20:23.163Z,R58 static-canvas task092-task379 pred 6542.77,submission.zip,6542.77,6542.77,COMPLETE,keithtyser,keithtyser,/goal win silver medal,/submissions/53846851/53846851.raw
53847221,650856,2026-06-19T11:35:27.943Z,T plus task066 pred 6543.43,submission.zip,6528.40,6528.40,COMPLETE,keithtyser,keithtyser,/goal win silver medal,/submissions/53847221/53847221.raw
53847599,649774,2026-06-19T11:50:32.857Z,T plus task343 pred 6543.43,submission.zip,6543.43,6543.43,COMPLETE,keithtyser,keithtyser,/goal win silver medal,/submissions/53847599/53847599.raw
53848008,649686,2026-06-19T12:05:38.283Z,T task343 plus task150 pred 6544.08,submission.zip,6544.07,6544.07,COMPLETE,keithtyser,keithtyser,/goal win silver medal,/submissions/53848008/53848008.raw
53848426,649598,2026-06-19T12:20:42.773Z,T task343 task150 plus task155 pred 6544.73,submission.zip,6544.72,6544.72,COMPLETE,keithtyser,keithtyser,/goal win silver medal,/submissions/53848426/53848426.raw
53848845,649476,2026-06-19T12:35:48.427Z,current plus task330 pred 6545.37,submission.zip,6545.37,6545.37,COMPLETE,keithtyser,keithtyser,/goal win silver medal,/submissions/53848845/53848845.raw
53849210,649641,2026-06-19T12:50:54.210Z,current plus task373 pred 6546.02,submission.zip,6546.01,6546.01,COMPLETE,keithtyser,keithtyser,/goal win silver medal,/submissions/53849210/53849210.raw
53849566,649641,2026-06-19T13:06:00.257Z,current plus task373 pred 6546.02,submission.zip,6546.01,6546.01,COMPLETE,keithtyser,keithtyser,/goal win silver medal,/submissions/53849566/53849566.raw
53849994,649641,2026-06-19T13:21:09.033Z,current plus task373 pred 6546.02,submission.zip,6546.01,6546.01,COMPLETE,keithtyser,keithtyser,/goal win silver medal,/submissions/53849994/53849994.raw
53850453,541492,2026-06-19T13:36:13.697Z,public 7015-7114 overlay all pred 7091.63,submission.zip,7075.42,7075.42,COMPLETE,keithtyser,keithtyser,/goal win silver medal,/submissions/53850453/53850453.raw
53850843,536026,2026-06-19T13:51:20.497Z,public 7015-7114 overlay all v2 pred 7136.63,submission.zip,7120.42,7120.42,COMPLETE,keithtyser,keithtyser,/goal win silver medal,/submissions/53850843/53850843.raw
53851274,535706,2026-06-19T14:06:25.523Z,public overlay v2 minus task148 pred 7135.38,submission.zip,7119.17,7119.17,COMPLETE,keithtyser,keithtyser,/goal win silver medal,/submissions/53851274/53851274.raw
53851732,536026,2026-06-19T14:21:46.933Z,public 7015-7114 overlay all v2 pred 7136.63,submission.zip,7120.42,7120.42,COMPLETE,keithtyser,keithtyser,/goal win silver medal,/submissions/53851732/53851732.raw
53852258,536026,2026-06-19T14:42:01.940Z,public 7015-7114 overlay all v2 pred 7136.63,submission.zip,7120.42,7120.42,COMPLETE,keithtyser,keithtyser,/goal win silver medal,/submissions/53852258/53852258.raw
53852755,536026,2026-06-19T14:59:11.327Z,public 7015-7114 overlay all v2 pred 7136.63,submission.zip,7120.42,7120.42,COMPLETE,keithtyser,keithtyser,/goal win silver medal,/submissions/53852755/53852755.raw
53853398,536026,2026-06-19T15:20:20.160Z,public 7015-7114 overlay all v2 pred 7136.63,submission.zip,7120.42,7120.42,COMPLETE,keithtyser,keithtyser,/goal win silver medal,/submissions/53853398/53853398.raw
53853775,536026,2026-06-19T15:35:35.100Z,public 7015-7114 overlay all v2 pred 7136.63,submission.zip,7120.42,7120.42,COMPLETE,keithtyser,keithtyser,/goal win silver medal,/submissions/53853775/53853775.raw
53854309,574574,2026-06-19T15:54:07.473Z,local strict overlay J task204 task208 task219 task257 task319 pred 7138.44,submission.zip,7092.44,7092.44,COMPLETE,keithtyser,keithtyser,/goal win silver medal,/submissions/53854309/53854309.raw
53854497,530775,2026-06-19T16:00:33.467Z,isolate task204 task257 task319 pred 7121.11,submission.zip,7105.92,7105.92,COMPLETE,keithtyser,keithtyser,/goal win silver medal,/submissions/53854497/53854497.raw
53854957,537435,2026-06-19T16:18:32.483Z,manual safe task204 task257 task208dedup pred 7121.20,submission.zip,7121.19,7121.19,COMPLETE,keithtyser,keithtyser,/goal win silver medal,/submissions/53854957/53854957.raw
53855942,538086,2026-06-19T16:59:21.463Z,safe plus task396 task173 task286 pred 7121.77,submission.zip,,,ERROR,keithtyser,keithtyser,/goal win silver medal,/submissions/53855942/53855942.raw
53856067,538139,2026-06-19T17:04:08.223Z,safe plus task396 task173 no286 pred 7121.74,submission.zip,,,ERROR,keithtyser,keithtyser,/goal win silver medal,/submissions/53856067/53856067.raw
53856153,535164,2026-06-19T17:06:57.223Z,safe plus task208 public repair solo pred 7123.46,submission.zip,7123.45,7123.45,COMPLETE,keithtyser,keithtyser,/goal win silver medal,/submissions/53856153/53856153.raw
53856912,536050,2026-06-19T17:39:49.490Z,current best plus task173f16 task396 pred 7123.93,submission.zip,7123.92,7123.92,COMPLETE,keithtyser,keithtyser,/goal win silver medal,/submissions/53856912/53856912.raw
53857640,562618,2026-06-19T18:12:55.600Z,task219 exact repair plus tail stack pred 7124.62,submission.zip,7110.15,7110.15,COMPLETE,keithtyser,keithtyser,/goal win silver medal,/submissions/53857640/53857640.raw
53857980,532081,2026-06-19T18:32:25.063Z,task219 preserve plus safe tail task054 pred 7124.45,submission.zip,7124.45,7124.45,COMPLETE,keithtyser,keithtyser,/goal win silver medal,/submissions/53857980/53857980.raw
53860005,527539,2026-06-19T20:28:52.340Z,bank W audited pred 7125.45,submission.zip,7125.45,7125.45,COMPLETE,keithtyser,keithtyser,/goal win silver medal,/submissions/53860005/53860005.raw
53860272,523146,2026-06-19T20:48:30.510Z,bank Y geom task286 pred 7125.69,submission.zip,7125.69,7125.69,COMPLETE,keithtyser,keithtyser,/goal win silver medal,/submissions/53860272/53860272.raw
53860715,522993,2026-06-19T21:13:59.493Z,bank Z refine task018 task191 task205 pred 7125.94,submission.zip,7125.94,7125.94,COMPLETE,keithtyser,keithtyser,/goal win silver medal,/submissions/53860715/53860715.raw
53860803,523622,2026-06-19T21:19:29.243Z,bank AA task219 preserve v3 pred 7126.01,submission.zip,7126.01,7126.01,COMPLETE,keithtyser,keithtyser,/goal win silver medal,/submissions/53860803/53860803.raw
53861253,522144,2026-06-19T21:50:55.500Z,bank AE ab structural wave pred 7126.98,submission.zip,,,ERROR,keithtyser,keithtyser,/goal win silver medal,/submissions/53861253/53861253.raw
53861284,524147,2026-06-19T21:53:36.593Z,bank AF clean ab subset pred 7126.89,submission.zip,,,ERROR,keithtyser,keithtyser,/goal win silver medal,/submissions/53861284/53861284.raw
53861316,523945,2026-06-19T21:55:57.100Z,bank AG task002 processor probe pred 7126.49,submission.zip,7126.48,7126.48,COMPLETE,keithtyser,keithtyser,/goal win silver medal,/submissions/53861316/53861316.raw
53861350,524147,2026-06-19T21:58:31.193Z,bank AH remaining clean subset pred 7126.89,submission.zip,,,ERROR,keithtyser,keithtyser,/goal win silver medal,/submissions/53861350/53861350.raw
53862097,524873,2026-06-19T22:58:28.370Z,bank AW AT plus task133 pred 7127.16,submission.zip,7127.16,7127.16,COMPLETE,keithtyser,keithtyser,/goal win silver medal,/submissions/53862097/53862097.raw
53862172,542350,2026-06-19T23:04:15.477Z,bank AY highfull pred 7131.11,submission.zip,,,ERROR,keithtyser,keithtyser,/goal win silver medal,/submissions/53862172/53862172.raw
53862205,543242,2026-06-19T23:06:13.827Z,bank AZ highsafe pred 7130.21,submission.zip,,,ERROR,keithtyser,keithtyser,/goal win silver medal,/submissions/53862205/53862205.raw
53862250,543468,2026-06-19T23:09:31.040Z,bank BA highcore pred 7130.06,submission.zip,7086.55,7086.55,COMPLETE,keithtyser,keithtyser,/goal win silver medal,/submissions/53862250/53862250.raw
53862377,524829,2026-06-19T23:17:37.200Z,bank BB task285 iso pred 7127.25,submission.zip,,,ERROR,keithtyser,keithtyser,/goal win silver medal,/submissions/53862377/53862377.raw
53862746,523724,2026-06-19T23:42:43.983Z,bank BE nextwave repaired pred 7127.19,submission.zip,7127.18,7127.18,COMPLETE,keithtyser,keithtyser,/goal win silver medal,/submissions/53862746/53862746.raw
53863351,527342,2026-06-20T00:04:37.903Z,bank BG task233 scatterfree pred 7127.66,submission.zip,7113.42,7113.42,COMPLETE,keithtyser,keithtyser,/goal win silver medal,/submissions/53863351/53863351.raw
53863865,523157,2026-06-20T00:22:41.777Z,bank BH safe mechanical pred 7127.33,submission.zip,7127.32,7127.32,COMPLETE,keithtyser,keithtyser,/goal win silver medal,/submissions/53863865/53863865.raw
53864253,523100,2026-06-20T00:41:24.607Z,bank BI task366 secondpass pred 7127.41,submission.zip,7127.40,7127.40,COMPLETE,keithtyser,keithtyser,/goal win silver medal,/submissions/53864253/53864253.raw
53864387,521483,2026-06-20T00:48:16.360Z,bank BJ sagan laplace mechanical pred 7127.50,submission.zip,7127.50,7127.50,COMPLETE,keithtyser,keithtyser,/goal win silver medal,/submissions/53864387/53864387.raw
53864994,521626,2026-06-20T01:17:18.643Z,bank BK task096 task055 mechanical pred 7127.67,submission.zip,7127.66,7127.66,COMPLETE,keithtyser,keithtyser,/goal win silver medal,/submissions/53864994/53864994.raw
53865223,521466,2026-06-20T01:29:34.320Z,probe BL task193 franksunp pred 7129.09,submission.zip,7129.08,7129.08,COMPLETE,keithtyser,keithtyser,/goal win silver medal,/submissions/53865223/53865223.raw
53865554,535867,2026-06-20T01:46:01.270Z,bank BP lowtail task198 mechanical pred 7129.25,submission.zip,7129.23,7129.23,COMPLETE,keithtyser,keithtyser,/goal win silver medal,/submissions/53865554/53865554.raw
53865964,536344,2026-06-20T02:08:31.700Z,probe BQ task198 public franksunp pred 7129.81,submission.zip,7129.80,7129.80,COMPLETE,keithtyser,keithtyser,/goal win silver medal,/submissions/53865964/53865964.raw
53866194,543829,2026-06-20T02:19:32.493Z,bank BR task198 plus bq compression pred 7129.91,submission.zip,7129.89,7129.89,COMPLETE,keithtyser,keithtyser,/goal win silver medal,/submissions/53866194/53866194.raw
53866689,538596,2026-06-20T02:36:44.330Z,bank BS task187 task396 task205 pred 7130.09,submission.zip,7130.07,7130.07,COMPLETE,keithtyser,keithtyser,/goal win silver medal,/submissions/53866689/53866689.raw
53867006,543077,2026-06-20T02:49:45.467Z,bank BT task096 task367 preserve pred 7130.21,submission.zip,7130.19,7130.19,COMPLETE,keithtyser,keithtyser,/goal win silver medal,/submissions/53867006/53867006.raw
53867066,543079,2026-06-20T02:52:26.757Z,bank BU task255 preserve pred 7130.52,submission.zip,7130.50,7130.50,COMPLETE,keithtyser,keithtyser,/goal win silver medal,/submissions/53867066/53867066.raw
53867137,543002,2026-06-20T02:56:27.153Z,bank BV task349 qlinear pred 7130.83,submission.zip,7130.81,7130.81,COMPLETE,keithtyser,keithtyser,/goal win silver medal,/submissions/53867137/53867137.raw
53867578,543100,2026-06-20T03:13:03.197Z,bank BW task076 task066 task319 pred 7131.07,submission.zip,7131.05,7131.05,COMPLETE,keithtyser,keithtyser,/goal win silver medal,/submissions/53867578/53867578.raw
53867998,543100,2026-06-20T03:31:05.747Z,bank BX task118 preserve pred 7131.16,submission.zip,7131.14,7131.14,COMPLETE,keithtyser,keithtyser,/goal win silver medal,/submissions/53867998/53867998.raw
53868075,545254,2026-06-20T03:34:04.207Z,bank BY task255 task096 deep pred 7131.61,submission.zip,7131.60,7131.60,COMPLETE,keithtyser,keithtyser,/goal win silver medal,/submissions/53868075/53868075.raw
53868598,548380,2026-06-20T03:56:35.507Z,bank BZ task367 task233 structural pred 7131.67,submission.zip,7131.65,7131.65,COMPLETE,keithtyser,keithtyser,/goal win silver medal,/submissions/53868598/53868598.raw
53869004,549205,2026-06-20T04:18:06.640Z,bank CA safe public mechanical pred 7131.77,submission.zip,7131.75,7131.75,COMPLETE,keithtyser,keithtyser,/goal win silver medal,/submissions/53869004/53869004.raw
53870135,544301,2026-06-20T05:08:07.013Z,probe CB task319 zoli pred 7131.97,submission.zip,7116.77,7116.77,COMPLETE,keithtyser,keithtyser,/goal win silver medal,/submissions/53870135/53870135.raw
53870737,548786,2026-06-20T05:35:23.077Z,bank CB task144 task257 biaspad pred 7133.59,submission.zip,7133.57,7133.57,COMPLETE,keithtyser,keithtyser,/goal win silver medal,/submissions/53870737/53870737.raw
53872197,548718,2026-06-20T06:44:57.727Z,bank CC task250 task363 fixed10 pred 7133.71,submission.zip,7133.69,7133.69,COMPLETE,keithtyser,keithtyser,/goal win silver medal,/submissions/53872197/53872197.raw
53884822,549062,2026-06-20T14:14:43.167Z,bank CD task222 task264 labelqhash pred 7133.93,submission.zip,,,ERROR,keithtyser,keithtyser,/goal win silver medal,/submissions/53884822/53884822.raw
53884891,548980,2026-06-20T14:16:53.407Z,bank CE task222 label selector pred 7133.79,submission.zip,7133.77,7133.77,COMPLETE,keithtyser,keithtyser,/goal win silver medal,/submissions/53884891/53884891.raw
53885051,549055,2026-06-20T14:23:10.193Z,bank CF task264 uint8 qlinear repair pred 7133.93,submission.zip,,,ERROR,keithtyser,keithtyser,/goal win silver medal,/submissions/53885051/53885051.raw
53885128,549065,2026-06-20T14:26:25.417Z,probe CG task264 qlinear fp16rank pred 7133.90,submission.zip,7133.88,7133.88,COMPLETE,keithtyser,keithtyser,/goal win silver medal,/submissions/53885128/53885128.raw
53885650,553810,2026-06-20T14:43:56.700Z,probe CH task255 equal tail pred 7134.44,submission.zip,7119.73,7119.73,COMPLETE,keithtyser,keithtyser,/goal win silver medal,/submissions/53885650/53885650.raw
53885738,548999,2026-06-20T14:46:59.130Z,probe CI task202 branch factor pred 7134.04,submission.zip,7134.02,7134.02,COMPLETE,keithtyser,keithtyser,/goal win silver medal,/submissions/53885738/53885738.raw
53885924,548949,2026-06-20T14:54:00.087Z,probe CJ task191 stamp label cast pred 7134.07,submission.zip,7134.05,7134.05,COMPLETE,keithtyser,keithtyser,/goal win silver medal,/submissions/53885924/53885924.raw
53886590,549083,2026-06-20T15:16:47.280Z,probe CL task055 color map u8 pred 7134.24,submission.zip,7134.23,7134.23,COMPLETE,keithtyser,keithtyser,/goal win silver medal,/submissions/53886590/53886590.raw
53887011,549536,2026-06-20T15:31:29.230Z,probe CM task092 101 134 278 fillers pred 7134.28,submission.zip,,,ERROR,keithtyser,keithtyser,/goal win silver medal,/submissions/53887011/53887011.raw
53888240,540919,2026-06-20T16:13:57.350Z,probe CS task096 task076 trantrikien pred 7137.26,submission.zip,7137.25,7137.25,COMPLETE,keithtyser,keithtyser,/goal win silver medal,/submissions/53888240/53888240.raw
53889028,541830,2026-06-20T16:43:25.380Z,probe CT task255 trantrikien non-equal-tail pred 7137.38,submission.zip,7137.37,7137.37,COMPLETE,keithtyser,keithtyser,/goal win silver medal,/submissions/53889028/53889028.raw
53891640,537526,2026-06-20T19:07:25.413Z,probe CU task018 task191 cleanwins pred 7137.49,submission.zip,7137.48,7137.48,COMPLETE,keithtyser,keithtyser,/goal win silver medal,/submissions/53891640/53891640.raw
53891953,536351,2026-06-20T19:25:48.770Z,probe CV task367 freshpublic isolated pred 7138.79,submission.zip,7138.78,7138.78,COMPLETE,keithtyser,keithtyser,/goal win silver medal,/submissions/53891953/53891953.raw
53891980,535407,2026-06-20T19:28:24.047Z,probe CW task066 freshpublic isolated pred 7139.42,submission.zip,7139.40,7139.40,COMPLETE,keithtyser,keithtyser,/goal win silver medal,/submissions/53891980/53891980.raw
53892027,540662,2026-06-20T19:30:59.017Z,probe CX task118 freshpublic isolated pred 7139.69,submission.zip,7139.67,7139.67,COMPLETE,keithtyser,keithtyser,/goal win silver medal,/submissions/53892027/53892027.raw
53892067,585414,2026-06-20T19:33:47.210Z,probe CY task219 freshpublic isolated pred 7139.95,submission.zip,7125.32,7125.32,COMPLETE,keithtyser,keithtyser,/goal win silver medal,/submissions/53892067/53892067.raw
53892212,538985,2026-06-20T19:41:24.233Z,probe CZ task233 template27843 isolated pred 7140.65,submission.zip,7125.87,7125.87,COMPLETE,keithtyser,keithtyser,/goal win silver medal,/submissions/53892212/53892212.raw
53893221,543998,2026-06-20T20:56:09.760Z,probe DB task255 localbank pred 7140.11,submission.zip,7125.41,7125.41,COMPLETE,keithtyser,keithtyser,/goal win silver medal,/submissions/53893221/53893221.raw
53899177,540662,2026-06-21T02:30:56.143Z,campaign isolated W03 task138 over CX pred 7140.69,submission.zip,7139.67,7139.67,COMPLETE,keithtyser,keithtyser,/goal win silver medal,/submissions/53899177/53899177.raw
53899687,540858,2026-06-21T02:53:41.760Z,campaign isolated W09 task191 over CX pred 7139.78,submission.zip,7139.79,7139.79,COMPLETE,keithtyser,keithtyser,/goal win silver medal,/submissions/53899687/53899687.raw
53899756,540820,2026-06-21T02:57:07.017Z,campaign stack task191 plus W11 task367 pred 7139.88,submission.zip,7139.88,7139.88,COMPLETE,keithtyser,keithtyser,/goal win silver medal,/submissions/53899756/53899756.raw
53899814,540807,2026-06-21T02:59:44.490Z,campaign stack task191 task367 plus W08 task205 pred 7139.93,submission.zip,7139.92,7139.92,COMPLETE,keithtyser,keithtyser,/goal win silver medal,/submissions/53899814/53899814.raw
53899957,540765,2026-06-21T03:04:37.310Z,campaign stack task191 task367 task205 plus W10 task349 pred 7139.98,submission.zip,7139.98,7139.98,COMPLETE,keithtyser,keithtyser,/goal win silver medal,/submissions/53899957/53899957.raw
53900453,541254,2026-06-21T03:29:00.383Z,campaign stack plus W22 task080 semantic pred 7140.43,submission.zip,7140.43,7140.43,COMPLETE,keithtyser,keithtyser,/goal win silver medal,/submissions/53900453/53900453.raw
53900526,539577,2026-06-21T03:32:32.137Z,campaign stack plus W24 task233 semantic pred 7141.39,submission.zip,7126.63,7126.63,COMPLETE,keithtyser,keithtyser,/goal win silver medal,/submissions/53900526/53900526.raw
53900663,542476,2026-06-21T03:36:34.803Z,campaign stack plus W21 task255 structural pred 7140.72,submission.zip,7140.72,7140.72,COMPLETE,keithtyser,keithtyser,/goal win silver medal,/submissions/53900663/53900663.raw
53900976,542452,2026-06-21T03:50:28.010Z,campaign stack plus W33 task055 structural pred 7141.27,submission.zip,7141.27,7141.27,COMPLETE,keithtyser,keithtyser,/goal win silver medal,/submissions/53900976/53900976.raw
53902446,542185,2026-06-21T05:06:41.907Z,campaign stack plus W53 task396 original pred 7141.54,submission.zip,7141.53,7141.53,COMPLETE,keithtyser,keithtyser,/goal win silver medal,/submissions/53902446/53902446.raw
53902593,541733,2026-06-21T05:13:36.277Z,campaign stack plus W54 task017 original pred 7141.78,submission.zip,7126.18,7126.18,COMPLETE,keithtyser,keithtyser,/goal win silver medal,/submissions/53902593/53902593.raw
53902915,544138,2026-06-21T05:29:20.977Z,campaign isolated W59 task219 semantic pred 7141.87,submission.zip,7141.88,7141.88,COMPLETE,keithtyser,keithtyser,/goal win silver medal,/submissions/53902915/53902915.raw
53903518,543650,2026-06-21T05:54:14.770Z,campaign isolated W62 task118 pairdelta pred 7142.17,submission.zip,7142.16,7142.16,COMPLETE,keithtyser,keithtyser,/goal win silver medal,/submissions/53903518/53903518.raw
53903625,544863,2026-06-21T05:58:08.043Z,campaign isolated W66 task110 selector pred 7142.57,submission.zip,7126.71,7126.71,COMPLETE,keithtyser,keithtyser,/goal win silver medal,/submissions/53903625/53903625.raw
53904125,536471,2026-06-21T06:18:26.730Z,campaign isolated W64 task157 pred 7142.44,submission.zip,7142.44,7142.44,COMPLETE,keithtyser,keithtyser,/goal win silver medal,/submissions/53904125/53904125.raw
53904202,539450,2026-06-21T06:21:36.457Z,campaign isolated W72 task066 pred 7142.78,submission.zip,7127.36,7127.36,COMPLETE,keithtyser,keithtyser,/goal win silver medal,/submissions/53904202/53904202.raw
53911229,535106,2026-06-21T11:14:25.967Z,campaign bank bundle task018 task233 task202 pred 7142.7805,submission.zip,,,ERROR,keithtyser,keithtyser,/goal win silver medal,/submissions/53911229/53911229.raw
53911281,534844,2026-06-21T11:17:13.307Z,campaign isolated W79 task018 bank pred 7142.6456,submission.zip,,,ERROR,keithtyser,keithtyser,/goal win silver medal,/submissions/53911281/53911281.raw
53911574,536574,2026-06-21T11:29:59.510Z,campaign isolated W84 task202 pred 7142.6858,submission.zip,7142.69,7142.69,COMPLETE,keithtyser,keithtyser,/goal win silver medal,/submissions/53911574/53911574.raw
53912582,533425,2026-06-21T12:09:16.490Z,campaign isolated W102 task233 pred 7142.9405,submission.zip,,,ERROR,keithtyser,keithtyser,/goal win silver medal,/submissions/53912582/53912582.raw
53913026,556897,2026-06-21T12:27:18.380Z,campaign isolated W109 task077 risky pred 7143.0138,submission.zip,7127.29,7127.29,COMPLETE,keithtyser,keithtyser,/goal win silver medal,/submissions/53913026/53913026.raw
53913471,532422,2026-06-21T12:44:42.793Z,campaign isolated task233 W124 pass-level qmatmul predicted +0.265,submission.zip,,,ERROR,keithtyser,keithtyser,/goal win silver medal,/submissions/53913471/53913471.raw
53914137,532437,2026-06-21T13:09:58.620Z,campaign isolated W137 task233 layout qconv pred 7142.9408,submission.zip,,,ERROR,keithtyser,keithtyser,/goal win silver medal,/submissions/53914137/53914137.raw
53914784,533845,2026-06-21T13:33:16.240Z,campaign bank bundle W112 task110 W146 task018 pred 7143.0260,submission.zip,,,ERROR,keithtyser,keithtyser,/goal win silver medal,/submissions/53914784/53914784.raw
53914947,598107,2026-06-21T13:37:58.507Z,campaign isolated W149 task002 scalar raster pred 7143.0225,submission.zip,7143.02,7143.02,COMPLETE,keithtyser,keithtyser,/goal win silver medal,/submissions/53914947/53914947.raw
53915022,598221,2026-06-21T13:41:05.150Z,campaign bundle W112 task110 W16 task233 after W149 pred 7143.2741,submission.zip,,,ERROR,keithtyser,keithtyser,/goal win silver medal,/submissions/53915022/53915022.raw
53915275,595377,2026-06-21T13:48:54.443Z,campaign bundle W112 task110 W159 task018 after W149 pred 7143.3178,submission.zip,,,ERROR,keithtyser,keithtyser,/goal win silver medal,/submissions/53915275/53915275.raw
53915345,595363,2026-06-21T13:51:36.283Z,campaign isolated W159 task018 processor repair pred 7143.1475,submission.zip,,,ERROR,keithtyser,keithtyser,/goal win silver medal,/submissions/53915345/53915345.raw
53915600,599529,2026-06-21T14:00:58.730Z,campaign bundle W112 task110 W158 task209 pred 7143.2754,submission.zip,7143.27,7143.27,COMPLETE,keithtyser,keithtyser,/goal win silver medal,/submissions/53915600/53915600.raw
53919328,599434,2026-06-21T16:20:12.137Z,"CC06 task173 fp16-cast-removal probe: 23270->17068, predicted +0.31 (7143.27->7143.58)",submission.zip,,,ERROR,keithtyser,keithtyser,/goal win silver medal,/submissions/53919328/53919328.raw
53921735,599357,2026-06-21T18:03:22.117Z,campaign isolated W182 task021 near-threshold pred 7143.5189,submission.zip,7143.52,7143.52,COMPLETE,keithtyser,keithtyser,/goal win silver medal,/submissions/53921735/53921735.raw
53923554,686872,2026-06-21T19:52:05.580Z,campaign promote task021 harvest_public_20260621 gain 1.072,submission.zip,,,ERROR,keithtyser,keithtyser,/goal win silver medal,/submissions/53923554/53923554.raw
53925028,599803,2026-06-21T21:30:18.973Z,campaign filler probe task284 public harvest second pass pred +0.022,submission.zip,7143.55,7143.55,COMPLETE,keithtyser,keithtyser,/goal win silver medal,/submissions/53925028/53925028.raw
53925209,599801,2026-06-21T21:42:41.137Z,campaign promote task355 W219_task355_lowcost_rule_decoder gain 0.251,submission.zip,7143.80,7143.80,COMPLETE,keithtyser,keithtyser,/goal win silver medal,/submissions/53925209/53925209.raw
53925520,599256,2026-06-21T22:06:49.387Z,campaign promote task161 W238_task161_semantic_floor_break gain 0.250,submission.zip,7144.05,7144.05,COMPLETE,keithtyser,keithtyser,/goal win silver medal,/submissions/53925520/53925520.raw
53926950,598522,2026-06-21T23:36:29.133Z,campaign score probe task173 W306 safe topk repair gain 0.223,submission.zip,7144.27,7144.27,COMPLETE,keithtyser,keithtyser,/goal win silver medal,/submissions/53926950/53926950.raw
53927714,598508,2026-06-22T00:08:02.627Z,campaign score probe task025 W322 bg broadcast gain 0.201 retry,submission.zip,7144.47,7144.47,COMPLETE,keithtyser,keithtyser,/goal win silver medal,/submissions/53927714/53927714.raw
53927827,598108,2026-06-22T00:12:41.353Z,campaign isolated score probe task017 W321 semantic k11 gain 0.182 after task025,submission.zip,7144.65,7144.65,COMPLETE,keithtyser,keithtyser,/goal win silver medal,/submissions/53927827/53927827.raw
53928550,598286,2026-06-22T00:38:12.640Z,campaign score probe task348 W334 top-row sum gain 0.172,submission.zip,7144.83,7144.83,COMPLETE,keithtyser,keithtyser,/goal win silver medal,/submissions/53928550/53928550.raw
53928675,600983,2026-06-22T00:43:32.443Z,campaign score probe task066 W338 channel20 HVH repair gain 0.066,submission.zip,7144.89,7144.89,COMPLETE,keithtyser,keithtyser,/goal win silver medal,/submissions/53928675/53928675.raw
53928694,600983,2026-06-22T00:44:02.173Z,campaign isolated score probe task066 W338 channel20 HVH repair gain 0.066,submission.zip,7144.89,7144.89,COMPLETE,keithtyser,keithtyser,/goal win silver medal,/submissions/53928694/53928694.raw
53929088,600953,2026-06-22T01:05:32.517Z,campaign isolated score probe task018 W60 raw local split gain 0.077,submission.zip,7144.97,7144.97,COMPLETE,keithtyser,keithtyser,/goal win silver medal,/submissions/53929088/53929088.raw
53929339,600417,2026-06-22T01:18:55.587Z,campaign isolated score probe task182 CC10 semantic gain 0.072,submission.zip,7145.04,7145.04,COMPLETE,keithtyser,keithtyser,/goal win silver medal,/submissions/53929339/53929339.raw
53946930,600107,2026-06-22T13:04:59.367Z,public harvest 20260622 task203 exact gain 1.030,submission.zip,7146.07,7146.07,COMPLETE,keithtyser,keithtyser,/goal win silver medal,/submissions/53946930/53946930.raw
53947078,600208,2026-06-22T13:09:17.133Z,public harvest 20260622 task330 isolated gain 0.064,submission.zip,7146.13,7146.13,COMPLETE,keithtyser,keithtyser,/goal win silver medal,/submissions/53947078/53947078.raw
53947619,595253,2026-06-22T13:23:09.917Z,public harvest 20260622 task319 isolated gain 0.160,submission.zip,7131.16,7131.16,COMPLETE,keithtyser,keithtyser,/goal win silver medal,/submissions/53947619/53947619.raw
53947769,599901,2026-06-22T13:28:15.153Z,public harvest 20260622 task250 risky scatter gain 0.359,submission.zip,7146.49,7146.49,COMPLETE,keithtyser,keithtyser,/goal win silver medal,/submissions/53947769/53947769.raw
53947898,599501,2026-06-22T13:32:39.760Z,public harvest 20260622 task251 risky uint8 gain 0.306,submission.zip,7146.80,7146.80,COMPLETE,keithtyser,keithtyser,/goal win silver medal,/submissions/53947898/53947898.raw
53948055,599557,2026-06-22T13:38:07.300Z,public harvest 20260622 task355 risky scatter gain 0.057,submission.zip,7146.86,7146.86,COMPLETE,keithtyser,keithtyser,/goal win silver medal,/submissions/53948055/53948055.raw
53948453,599520,2026-06-22T13:50:25.027Z,campaign public late task021 hardened no-output-einsum gain 0.398,submission.zip,7147.25,7147.25,COMPLETE,keithtyser,keithtyser,/goal win silver medal,/submissions/53948453/53948453.raw
53948867,598552,2026-06-22T14:02:57.387Z,campaign bundle task105 task044 task187 small gains 0.087,submission.zip,7147.34,7147.34,COMPLETE,keithtyser,keithtyser,/goal win silver medal,/submissions/53948867/53948867.raw
53948895,599534,2026-06-22T14:03:47.673Z,campaign task021 bool-output-and hardening gain 0.452,submission.zip,7147.71,7147.71,COMPLETE,keithtyser,keithtyser,/goal win silver medal,/submissions/53948895/53948895.raw
53949027,598566,2026-06-22T14:07:52.233Z,campaign combined task021 task105 task044 task187 gain 0.539,submission.zip,7147.79,7147.79,COMPLETE,keithtyser,keithtyser,/goal win silver medal,/submissions/53949027/53949027.raw
53949499,599295,2026-06-22T14:22:54.090Z,campaign isolated task173 CC01 lower scatter-family probe gain 0.232,submission.zip,7147.80,7147.80,COMPLETE,keithtyser,keithtyser,/goal win silver medal,/submissions/53949499/53949499.raw
53949650,598582,2026-06-22T14:27:16.227Z,campaign isolated task004 CC05 small-u8 probe gain 0.133,submission.zip,7147.93,7147.93,COMPLETE,keithtyser,keithtyser,/goal win silver medal,/submissions/53949650/53949650.raw
53957373,603307,2026-06-22T20:19:20.877Z,campaign public harvest 7148 bundle 32 tasks gain 0.351 pred 7148.281,submission.zip,7148.28,7148.28,COMPLETE,keithtyser,keithtyser,/goal win silver medal,/submissions/53957373/53957373.raw
53991190,601919,2026-06-23T21:00:51.747Z,campaign public harvest 7153 batch 13 tasks gain 0.304 pred 7148.584,submission.zip,7148.58,7148.58,COMPLETE,keithtyser,keithtyser,/goal win silver medal,/submissions/53991190/53991190.raw
53993362,555441,2026-06-23T23:25:24.757Z,direct public full franksunp 7153.15 audit mark c,submission.zip,7153.15,7153.15,COMPLETE,keithtyser,keithtyser,/goal win silver medal,/submissions/53993362/53993362.raw
53993581,555376,2026-06-23T23:40:00.083Z,layer prior wins task187 task202 over 7153.15 pred 7153.514,submission.zip,7153.51,7153.51,COMPLETE,keithtyser,keithtyser,/goal win silver medal,/submissions/53993581/53993581.raw
53993781,525385,2026-06-23T23:49:35.567Z,direct public full cocoa 7157.22 lagged public tail,submission.zip,7157.22,7157.22,COMPLETE,keithtyser,keithtyser,/goal win silver medal,/submissions/53993781/53993781.raw
53994592,552933,2026-06-24T00:18:46.400Z,layer cocoa 7157 with tasks018 202 285 286 pred 7157.583,submission.zip,7157.59,7157.59,COMPLETE,keithtyser,keithtyser,/goal win silver medal,/submissions/53994592/53994592.raw
53994740,559368,2026-06-24T00:24:00.970Z,layer cocoa 7157 best5 pred 7158.026,submission.zip,7158.03,7158.03,COMPLETE,keithtyser,keithtyser,/goal win silver medal,/submissions/53994740/53994740.raw
53994900,616943,2026-06-24T00:29:15.983Z,stack cocoa 25 task verified positives pred 7166.096,submission.zip,,,ERROR,keithtyser,keithtyser,/goal win silver medal,/submissions/53994900/53994900.raw
53994913,584801,2026-06-24T00:29:53.973Z,stack cocoa top6 pred 7161.466,submission.zip,,,ERROR,keithtyser,keithtyser,/goal win silver medal,/submissions/53994913/53994913.raw
53994952,587538,2026-06-24T00:31:08.963Z,stack cocoa top4 pred 7160.328,submission.zip,7160.33,7160.33,COMPLETE,keithtyser,keithtyser,/goal win silver medal,/submissions/53994952/53994952.raw
53995013,621208,2026-06-24T00:33:16.627Z,stack cocoa top4 plus safe best5 pred 7161.109,submission.zip,7161.11,7161.11,COMPLETE,keithtyser,keithtyser,/goal win silver medal,/submissions/53995013/53995013.raw
53995300,614516,2026-06-24T00:47:50.383Z,stack 7161 next18 pred 7165.833,submission.zip,,,ERROR,keithtyser,keithtyser,/goal win silver medal,/submissions/53995300/53995300.raw
53995363,617103,2026-06-24T00:51:12.797Z,split next18 A pred 7164.452,submission.zip,,,ERROR,keithtyser,keithtyser,/goal win silver medal,/submissions/53995363/53995363.raw
53995366,618621,2026-06-24T00:51:15.767Z,split next18 B pred 7162.491,submission.zip,7162.49,7162.49,COMPLETE,keithtyser,keithtyser,/goal win silver medal,/submissions/53995366/53995366.raw
53995412,616608,2026-06-24T00:53:28.093Z,split A1 pred 7162.963,submission.zip,,,ERROR,keithtyser,keithtyser,/goal win silver medal,/submissions/53995412/53995412.raw
53995413,623242,2026-06-24T00:53:30.950Z,split A2 pred 7162.089,submission.zip,7162.09,7162.09,COMPLETE,keithtyser,keithtyser,/goal win silver medal,/submissions/53995413/53995413.raw
53995414,619669,2026-06-24T00:53:34.000Z,split A3 pred 7161.620,submission.zip,,,ERROR,keithtyser,keithtyser,/goal win silver medal,/submissions/53995414/53995414.raw
53995460,620655,2026-06-24T00:55:49.690Z,stack 7161 A2+B pred 7163.470,submission.zip,7163.47,7163.47,COMPLETE,keithtyser,keithtyser,/goal win silver medal,/submissions/53995460/53995460.raw
53995472,623897,2026-06-24T00:56:24.333Z,probe A1 no task018 pred 7162.561,submission.zip,,,ERROR,keithtyser,keithtyser,/goal win silver medal,/submissions/53995472/53995472.raw
53995475,620305,2026-06-24T00:56:27.190Z,probe task233 pred 7161.370,submission.zip,,,ERROR,keithtyser,keithtyser,/goal win silver medal,/submissions/53995475/53995475.raw
53995477,620572,2026-06-24T00:56:30.120Z,probe task161 pred 7161.360,submission.zip,7161.36,7161.36,COMPLETE,keithtyser,keithtyser,/goal win silver medal,/submissions/53995477/53995477.raw
53995524,623809,2026-06-24T00:59:05.133Z,probe task219 pred 7161.660,submission.zip,7161.66,7161.66,COMPLETE,keithtyser,keithtyser,/goal win silver medal,/submissions/53995524/53995524.raw
53995525,621245,2026-06-24T00:59:08.170Z,probe task173 pred 7161.563,submission.zip,,,ERROR,keithtyser,keithtyser,/goal win silver medal,/submissions/53995525/53995525.raw
53995528,621259,2026-06-24T00:59:11.220Z,probe task349 pred 7161.558,submission.zip,7161.56,7161.56,COMPLETE,keithtyser,keithtyser,/goal win silver medal,/submissions/53995528/53995528.raw
53995563,620019,2026-06-24T01:00:19.250Z,stack 7161 A2+B+task161 pred 7163.721,submission.zip,7163.72,7163.72,COMPLETE,keithtyser,keithtyser,/goal win silver medal,/submissions/53995563/53995563.raw
53995940,622671,2026-06-24T01:16:55.723Z,stack confirmed layers pred 7164.718,submission.zip,7164.72,7164.72,COMPLETE,keithtyser,keithtyser,/goal win silver medal,/submissions/53995940/53995940.raw
53995950,613919,2026-06-24T01:17:50.453Z,probe task018 alt pred 7161.511,submission.zip,,,ERROR,keithtyser,keithtyser,/goal win silver medal,/submissions/53995950/53995950.raw
53995951,620606,2026-06-24T01:17:58.243Z,probe task173 alt pred 7161.476,submission.zip,7161.48,7161.48,COMPLETE,keithtyser,keithtyser,/goal win silver medal,/submissions/53995951/53995951.raw
53995952,624557,2026-06-24T01:18:03.290Z,probe task233 alt pred 7161.188,submission.zip,,,ERROR,keithtyser,keithtyser,/goal win silver medal,/submissions/53995952/53995952.raw
53996077,622069,2026-06-24T01:25:44.523Z,stack 7164 plus task173alt pred 7165.086,submission.zip,7165.09,7165.09,COMPLETE,keithtyser,keithtyser,/goal win silver medal,/submissions/53996077/53996077.raw
53996174,628260,2026-06-24T01:30:30.583Z,stack 7164 plus task023 pred 7166.088,submission.zip,7149.76,7149.76,COMPLETE,keithtyser,keithtyser,/goal win silver medal,/submissions/53996174/53996174.raw
53996181,627658,2026-06-24T01:31:09.583Z,stack 7164 plus task023 task173 pred 7166.454,submission.zip,7150.13,7150.13,COMPLETE,keithtyser,keithtyser,/goal win silver medal,/submissions/53996181/53996181.raw
53996271,620283,2026-06-24T01:36:57.730Z,probe 7164 task319 pred 7165.052,submission.zip,7149.75,7149.75,COMPLETE,keithtyser,keithtyser,/goal win silver medal,/submissions/53996271/53996271.raw
53996422,585634,2026-06-24T01:45:35.190Z,probe 7165 cache task018 task286 pred 7165.380,submission.zip,7165.38,7165.38,COMPLETE,keithtyser,keithtyser,/goal win silver medal,/submissions/53996422/53996422.raw
53997019,586945,2026-06-24T02:17:15.427Z,probe 7165 task209 pred 7165.604,submission.zip,7165.60,7165.60,COMPLETE,keithtyser,keithtyser,/goal win silver medal,/submissions/53997019/53997019.raw
53997092,587313,2026-06-24T02:20:35.440Z,probe 7165 task338 task138 pred 7165.690,submission.zip,,,ERROR,keithtyser,keithtyser,/goal win silver medal,/submissions/53997092/53997092.raw
53997133,587298,2026-06-24T02:22:53.117Z,probe 7165 task138 pred 7165.640,submission.zip,7165.64,7165.64,COMPLETE,keithtyser,keithtyser,/goal win silver medal,/submissions/53997133/53997133.raw
53997184,587313,2026-06-24T02:26:04.720Z,probe 7165 task338 pred 7165.690,submission.zip,,,ERROR,keithtyser,keithtyser,/goal win silver medal,/submissions/53997184/53997184.raw
53997267,587677,2026-06-24T02:30:26.800Z,restore confirmed 017 110 066 018 pred 7166.191,submission.zip,7166.19,7166.19,COMPLETE,keithtyser,keithtyser,/goal win silver medal,/submissions/53997267/53997267.raw
53997464,591026,2026-06-24T02:39:03.023Z,probe 7166 task233 W16 pred 7166.268,submission.zip,,,ERROR,keithtyser,keithtyser,/goal win silver medal,/submissions/53997464/53997464.raw
53998137,588544,2026-06-24T03:04:39.313Z,probe 7166 task285 pred 7166.263,submission.zip,,,ERROR,keithtyser,keithtyser,/goal win silver medal,/submissions/53998137/53998137.raw
53998378,588475,2026-06-24T03:15:47.070Z,probe 7166 task076 pred 7166.429,submission.zip,7151.37,7151.37,COMPLETE,keithtyser,keithtyser,/goal win silver medal,/submissions/53998378/53998378.raw
53999206,584651,2026-06-24T03:48:10.203Z,probe 7166 micro 064 366 054 091 pred 7166.249,submission.zip,7166.25,7166.25,COMPLETE,keithtyser,keithtyser,/goal win silver medal,/submissions/53999206/53999206.raw
53999573,584631,2026-06-24T04:09:12.483Z,probe 7166 task397 pred 7166.300,submission.zip,,,ERROR,keithtyser,keithtyser,/goal win silver medal,/submissions/53999573/53999573.raw
54000149,584733,2026-06-24T04:38:05.433Z,probe 7166 task264 w404 pred 7166.398,submission.zip,,,ERROR,keithtyser,keithtyser,/goal win silver medal,/submissions/54000149/54000149.raw
54000639,587467,2026-06-24T05:02:49.353Z,probe 7166 task005 396 cleanbank pred 7166.632,submission.zip,7166.63,7166.63,COMPLETE,keithtyser,keithtyser,/goal win silver medal,/submissions/54000639/54000639.raw
54000947,587017,2026-06-24T05:20:17.007Z,probe 7166 task110 017 018 pred 7167.52,submission.zip,,,ERROR,keithtyser,keithtyser,/goal win silver medal,/submissions/54000947/54000947.raw
54001014,588666,2026-06-24T05:23:30.387Z,probe 7166 task110 isolated pred 7166.865,submission.zip,7151.00,7151.00,COMPLETE,keithtyser,keithtyser,/goal win silver medal,/submissions/54001014/54001014.raw
54001075,587018,2026-06-24T05:26:35.233Z,probe 7166 task396ss 009 pred 7166.907,submission.zip,7166.91,7166.91,COMPLETE,keithtyser,keithtyser,/goal win silver medal,/submissions/54001075/54001075.raw
54001220,586966,2026-06-24T05:32:43.897Z,probe 7166 task017 w54 pred 7166.982,submission.zip,7151.37,7151.37,COMPLETE,keithtyser,keithtyser,/goal win silver medal,/submissions/54001220/54001220.raw
54001317,585421,2026-06-24T05:36:48.290Z,probe 7166 task018 w79 pred 7167.032,submission.zip,,,ERROR,keithtyser,keithtyser,/goal win silver medal,/submissions/54001317/54001317.raw
54001392,584304,2026-06-24T05:40:44.377Z,probe 7166 task018 w159 pred 7166.960,submission.zip,,,ERROR,keithtyser,keithtyser,/goal win silver medal,/submissions/54001392/54001392.raw
54001480,587300,2026-06-24T05:44:37.630Z,probe 7166 task066 w72 pred 7167.250,submission.zip,7151.77,7151.77,COMPLETE,keithtyser,keithtyser,/goal win silver medal,/submissions/54001480/54001480.raw
54001558,587657,2026-06-24T05:48:23.137Z,probe 7166 task173 cc06 pred 7166.997,submission.zip,,,ERROR,keithtyser,keithtyser,/goal win silver medal,/submissions/54001558/54001558.raw
54001844,587335,2026-06-24T06:00:46.317Z,probe 7167 task364 task205 task118 pred 7167.160,submission.zip,7167.16,7167.16,COMPLETE,keithtyser,keithtyser,/goal win silver medal,/submissions/54001844/54001844.raw
54001908,587275,2026-06-24T06:04:29.517Z,probe 7167 task187 pred 7167.218,submission.zip,7167.22,7167.22,COMPLETE,keithtyser,keithtyser,/goal win silver medal,/submissions/54001908/54001908.raw
54002379,587302,2026-06-24T06:27:00.330Z,probe 7167 task209 pred 7167.287,submission.zip,7167.28,7167.28,COMPLETE,keithtyser,keithtyser,/goal win silver medal,/submissions/54002379/54002379.raw
54002719,587439,2026-06-24T06:41:07.793Z,probe 7167 task204 micro pred 7167.308,submission.zip,7167.31,7167.31,COMPLETE,keithtyser,keithtyser,/goal win silver medal,/submissions/54002719/54002719.raw
54002946,579263,2026-06-24T06:48:43.337Z,probe 7167 task002 pred 7167.360,submission.zip,7167.36,7167.36,COMPLETE,keithtyser,keithtyser,/goal win silver medal,/submissions/54002946/54002946.raw
54003357,578712,2026-06-24T07:02:57.817Z,probe 7167 task340 pred 7167.373,submission.zip,7167.38,7167.38,COMPLETE,keithtyser,keithtyser,/goal win silver medal,/submissions/54003357/54003357.raw
54003441,578743,2026-06-24T07:05:56.390Z,probe 7167 task055 pred 7167.462,submission.zip,7167.46,7167.46,COMPLETE,keithtyser,keithtyser,/goal win silver medal,/submissions/54003441/54003441.raw
54003504,578790,2026-06-24T07:08:45.360Z,probe 7167 task222 pred 7167.530,submission.zip,7167.53,7167.53,COMPLETE,keithtyser,keithtyser,/goal win silver medal,/submissions/54003504/54003504.raw
54003581,577274,2026-06-24T07:12:04.460Z,probe 7167 bundle 174 044 074 096 pred 7167.550,submission.zip,7167.55,7167.55,COMPLETE,keithtyser,keithtyser,/goal win silver medal,/submissions/54003581/54003581.raw
54003898,577840,2026-06-24T07:24:01.277Z,probe 7167 bundle 092 383 278 pred 7167.560,submission.zip,7167.56,7167.56,COMPLETE,keithtyser,keithtyser,/goal win silver medal,/submissions/54003898/54003898.raw
54004303,577668,2026-06-24T07:35:57.940Z,probe 7167 bundle 368 208 182 328 pred 7167.581,submission.zip,7167.58,7167.58,COMPLETE,keithtyser,keithtyser,/goal win silver medal,/submissions/54004303/54004303.raw
54004580,577726,2026-06-24T07:45:06.940Z,probe 7167 bundle 286 382 251 pred 7167.616,submission.zip,7167.61,7167.61,COMPLETE,keithtyser,keithtyser,/goal win silver medal,/submissions/54004580/54004580.raw
54004676,575337,2026-06-24T07:48:43.207Z,probe 7167 bundle 018 280 004 pred 7167.627,submission.zip,7153.33,7153.33,COMPLETE,keithtyser,keithtyser,/goal win silver medal,/submissions/54004676/54004676.raw
54004823,577715,2026-06-24T07:54:17.787Z,probe 7167 task396 pred 7167.632,submission.zip,7167.64,7167.64,COMPLETE,keithtyser,keithtyser,/goal win silver medal,/submissions/54004823/54004823.raw
54005071,573125,2026-06-24T08:04:00.643Z,probe 7167 task118 219 205 133 pred 7167.824,submission.zip,7167.82,7167.82,COMPLETE,keithtyser,keithtyser,/goal win silver medal,/submissions/54005071/54005071.raw
54005194,574390,2026-06-24T08:07:45.300Z,probe 7167 task255 187 366 pred 7167.969,submission.zip,7167.97,7167.97,COMPLETE,keithtyser,keithtyser,/goal win silver medal,/submissions/54005194/54005194.raw
54005282,574675,2026-06-24T08:10:56.253Z,probe 7167 task280 004 pred 7167.978,submission.zip,7167.98,7167.98,COMPLETE,keithtyser,keithtyser,/goal win silver medal,/submissions/54005282/54005282.raw
54005487,573904,2026-06-24T08:18:22.477Z,probe 7168 task233 W145 isolated pred 7168.170 cc-risk,submission.zip,7154.17,7154.17,COMPLETE,keithtyser,keithtyser,/goal win silver medal,/submissions/54005487/54005487.raw
54005568,574495,2026-06-24T08:21:42.720Z,probe 7168 task191 158 pred 7168.059,submission.zip,7168.06,7168.06,COMPLETE,keithtyser,keithtyser,/goal win silver medal,/submissions/54005568/54005568.raw
54005844,574496,2026-06-24T08:33:00.390Z,probe 7168 task285 pred 7168.071,submission.zip,7168.07,7168.07,COMPLETE,keithtyser,keithtyser,/goal win silver medal,/submissions/54005844/54005844.raw
54006332,572039,2026-06-24T08:56:07.640Z,probe 7168 task002 livefloor pred 7168.138,submission.zip,7168.14,7168.14,COMPLETE,keithtyser,keithtyser,/goal win silver medal,/submissions/54006332/54006332.raw
54006634,573581,2026-06-24T09:09:33.943Z,probe 7168 micro task209 319 pred 7168.160,submission.zip,7168.16,7168.16,COMPLETE,keithtyser,keithtyser,/goal win silver medal,/submissions/54006634/54006634.raw
54006753,576678,2026-06-24T09:14:17.710Z,probe 7168 task118 219 pred 7168.615,submission.zip,7153.59,7153.59,COMPLETE,keithtyser,keithtyser,/goal win silver medal,/submissions/54006753/54006753.raw
54006808,573107,2026-06-24T09:16:35.353Z,probe 7168 task219 isolate pred 7168.271,submission.zip,7168.27,7168.27,COMPLETE,keithtyser,keithtyser,/goal win silver medal,/submissions/54006808/54006808.raw
54006878,573340,2026-06-24T09:19:17.350Z,probe 7168 task187 pred 7168.325,submission.zip,7168.32,7168.32,COMPLETE,keithtyser,keithtyser,/goal win silver medal,/submissions/54006878/54006878.raw
54007096,573394,2026-06-24T09:29:18.033Z,probe 7168 task023 uint8 tail pred 7168.378,submission.zip,7168.38,7168.38,COMPLETE,keithtyser,keithtyser,/goal win silver medal,/submissions/54007096/54007096.raw
54023399,572998,2026-06-24T22:37:34.133Z,probe 7168 micro bundle 148 198 285 pred 7168.443,submission.zip,7168.44,7168.44,COMPLETE,keithtyser,keithtyser,/goal win silver medal,/submissions/54023399/54023399.raw
54024034,573378,2026-06-24T23:21:27.117Z,probe 7168 task174 lastindex pred 7168.493,submission.zip,7168.50,7168.50,COMPLETE,keithtyser,keithtyser,/goal win silver medal,/submissions/54024034/54024034.raw
54125734,535997,2026-06-28T02:27:40.963Z,public harvest bundle over 7168.50 pred 7174.06,submission.zip,7174.05,7174.05,COMPLETE,keithtyser,keithtyser,/goal win silver medal,/submissions/54125734/54125734.raw
54128810,535156,2026-06-28T05:16:41.433Z,probe 7174 frank isolated task233 pred 7174.177,submission.zip,7174.18,7174.18,COMPLETE,keithtyser,keithtyser,/goal win silver medal,/submissions/54128810/54128810.raw
54128823,531806,2026-06-28T05:17:13.873Z,probe 7174 frank isolated task076 pred 7174.104,submission.zip,7174.11,7174.11,COMPLETE,keithtyser,keithtyser,/goal win silver medal,/submissions/54128823/54128823.raw
54128854,524655,2026-06-28T05:18:45.107Z,probe 7174 frank quarantine bundle pred 7174.285,submission.zip,7174.29,7174.29,COMPLETE,keithtyser,keithtyser,/goal win silver medal,/submissions/54128854/54128854.raw
54129324,524636,2026-06-28T05:39:04.187Z,probe 7174.29 task255 micro pred 7174.291,submission.zip,7174.29,7174.29,COMPLETE,keithtyser,keithtyser,/goal win silver medal,/submissions/54129324/54129324.raw
54129935,523058,2026-06-28T06:02:59.020Z,probe 7174.29 task018 best pred 7174.418,submission.zip,,,ERROR,keithtyser,keithtyser,/goal win silver medal,/submissions/54129935/54129935.raw
54129952,519044,2026-06-28T06:03:51.733Z,probe 7174.29 task018 alt pred 7174.405,submission.zip,,,ERROR,keithtyser,keithtyser,/goal win silver medal,/submissions/54129952/54129952.raw
54130331,567310,2026-06-28T06:14:20.030Z,probe 7174.29 fresh frank safe bundle pred 7176.68,submission.zip,7176.68,7176.68,COMPLETE,keithtyser,keithtyser,/goal win silver medal,/submissions/54130331/54130331.raw
54130419,570886,2026-06-28T06:16:57.393Z,probe 7174.29 fresh frank all bundle pred 7176.81,submission.zip,7176.81,7176.81,COMPLETE,keithtyser,keithtyser,/goal win silver medal,/submissions/54130419/54130419.raw
54130751,568212,2026-06-28T06:27:25.027Z,probe 7176.81 task018 w478 hardened pred 7176.819,submission.zip,7162.52,7162.52,COMPLETE,keithtyser,keithtyser,/goal win silver medal,/submissions/54130751/54130751.raw
54131601,571753,2026-06-28T06:55:01.360Z,probe 7176.81 task285 reprobe pred 7176.863,submission.zip,,,ERROR,keithtyser,keithtyser,/goal win silver medal,/submissions/54131601/54131601.raw
54131629,574825,2026-06-28T06:55:42.427Z,probe 7176.81 task076 reprobe pred 7176.930,submission.zip,7161.87,7161.87,COMPLETE,keithtyser,keithtyser,/goal win silver medal,/submissions/54131629/54131629.raw
54132426,570619,2026-06-28T07:23:04.080Z,probe 7176.81 lucifer task216 static pred 7176.840,submission.zip,7176.85,7176.85,COMPLETE,keithtyser,keithtyser,/goal win silver medal,/submissions/54132426/54132426.raw
54132812,571258,2026-06-28T07:38:26.707Z,probe 7176.85 task173 cc06 pred 7176.94,submission.zip,,,ERROR,keithtyser,keithtyser,/goal win silver medal,/submissions/54132812/54132812.raw
54132903,575746,2026-06-28T07:41:12.603Z,probe 7176.85 task023 public pred 7177.65,submission.zip,7161.34,7161.34,COMPLETE,keithtyser,keithtyser,/goal win silver medal,/submissions/54132903/54132903.raw
54132968,573559,2026-06-28T07:43:42.480Z,probe 7176.85 task233 scatterfree24 pred 7177.07,submission.zip,7162.86,7162.86,COMPLETE,keithtyser,keithtyser,/goal win silver medal,/submissions/54132968/54132968.raw
54132984,569916,2026-06-28T07:44:18.217Z,probe 7176.85 task319 afr1ste pred 7176.99,submission.zip,7161.86,7161.86,COMPLETE,keithtyser,keithtyser,/goal win silver medal,/submissions/54132984/54132984.raw
54133015,590969,2026-06-28T07:45:20.137Z,probe 7176.85 task077 w109 pred 7177.17,submission.zip,7161.46,7161.46,COMPLETE,keithtyser,keithtyser,/goal win silver medal,/submissions/54133015/54133015.raw
54133037,571818,2026-06-28T07:46:13.073Z,probe 7176.85 task110 w66 pred 7177.08,submission.zip,7161.22,7161.22,COMPLETE,keithtyser,keithtyser,/goal win silver medal,/submissions/54133037/54133037.raw
54133652,572732,2026-06-28T08:11:27.910Z,probe 7176.85 safe micro 338 191 101 396 pred 7176.89,submission.zip,,,ERROR,keithtyser,keithtyser,/goal win silver medal,/submissions/54133652/54133652.raw
54133705,570667,2026-06-28T08:13:43.950Z,probe 7176.85 task338 micro pred 7176.88,submission.zip,,,ERROR,keithtyser,keithtyser,/goal win silver medal,/submissions/54133705/54133705.raw
54133941,570633,2026-06-28T08:24:10.130Z,probe 7176.85 task094 hoang micro pred 7176.85,submission.zip,7176.86,7176.86,COMPLETE,keithtyser,keithtyser,/goal win silver medal,/submissions/54133941/54133941.raw
54143316,573148,2026-06-28T14:45:24.247Z,probe 7176.86 public micro 101 014 363 pred 7176.86,submission.zip,7176.86,7176.86,COMPLETE,keithtyser,keithtyser,/goal win silver medal,/submissions/54143316/54143316.raw
54143431,568385,2026-06-28T14:48:24.547Z,probe 7176.86 task233 public_o isolated pred 7176.87,submission.zip,7176.86,7176.86,COMPLETE,keithtyser,keithtyser,/goal win silver medal,/submissions/54143431/54143431.raw
54143500,570615,2026-06-28T14:50:20.620Z,probe 7176.86 task206 frank1445 isolated pred 7176.86,submission.zip,7176.86,7176.86,COMPLETE,keithtyser,keithtyser,/goal win silver medal,/submissions/54143500/54143500.raw
54144004,570564,2026-06-28T15:08:22.257Z,probe 7176.86 safe optimizer 187 191 396 280 014 pred 7176.86,submission.zip,7176.86,7176.86,COMPLETE,keithtyser,keithtyser,/goal win silver medal,/submissions/54144004/54144004.raw
54144024,570534,2026-06-28T15:08:54.460Z,probe 7176.86 task076 optimizer isolated pred 7176.86,submission.zip,7176.86,7176.86,COMPLETE,keithtyser,keithtyser,/goal win silver medal,/submissions/54144024/54144024.raw
54144075,570391,2026-06-28T15:10:34.530Z,probe 7176.86 all noncrater micro bundle pred 7176.87,submission.zip,7176.87,7176.87,COMPLETE,keithtyser,keithtyser,/goal win silver medal,/submissions/54144075/54144075.raw
54144109,570292,2026-06-28T15:11:45.637Z,probe 7176.86 all micro plus076 pred 7176.87,submission.zip,7176.87,7176.87,COMPLETE,keithtyser,keithtyser,/goal win silver medal,/submissions/54144109/54144109.raw
54144504,570479,2026-06-28T15:25:44.987Z,probe 7176.87 task264 qlinear_hash pred 7176.97,submission.zip,7176.96,7176.96,COMPLETE,keithtyser,keithtyser,/goal win silver medal,/submissions/54144504/54144504.raw
54145255,570352,2026-06-28T15:51:48.400Z,probe 7176.96 task264 task076 optimizer pred 7176.96,submission.zip,7176.96,7176.96,COMPLETE,keithtyser,keithtyser,/goal win silver medal,/submissions/54145255/54145255.raw
54145296,570336,2026-06-28T15:53:00.127Z,probe 7176.96 task264 axis0 fp16rank plus076 pred 7176.97,submission.zip,7176.97,7176.97,COMPLETE,keithtyser,keithtyser,/goal win silver medal,/submissions/54145296/54145296.raw
54145708,574374,2026-06-28T16:09:22.873Z,probe 7176.97 task076 local128 isolated pred 7177.10,submission.zip,7162.04,7162.04,COMPLETE,keithtyser,keithtyser,/goal win silver medal,/submissions/54145708/54145708.raw
54145726,568739,2026-06-28T16:10:11.577Z,probe 7176.97 task018 7b90 local128 isolated pred 7177.10,submission.zip,,,ERROR,keithtyser,keithtyser,/goal win silver medal,/submissions/54145726/54145726.raw
54145740,571203,2026-06-28T16:10:31.210Z,probe 7176.97 task285 local052 isolated pred 7177.02,submission.zip,,,ERROR,keithtyser,keithtyser,/goal win silver medal,/submissions/54145740/54145740.raw
54145791,570318,2026-06-28T16:12:07.373Z,probe 7176.97 task264 axis0 opt local00055 isolated pred 7176.97,submission.zip,7176.98,7176.98,COMPLETE,keithtyser,keithtyser,/goal win silver medal,/submissions/54145791/54145791.raw
54146098,570311,2026-06-28T16:26:07.740Z,probe 7176.98 task206 seddik4186 isolated pred 7176.98,submission.zip,7176.98,7176.98,COMPLETE,keithtyser,keithtyser,/goal win silver medal,/submissions/54146098/54146098.raw
54146099,570277,2026-06-28T16:26:11.310Z,probe 7176.98 task233 frank59407 isolated pred 7176.99,submission.zip,7176.98,7176.98,COMPLETE,keithtyser,keithtyser,/goal win silver medal,/submissions/54146099/54146099.raw
54146158,570270,2026-06-28T16:29:05.530Z,probe 7176.98 task206 task233 combo pred 7176.99,submission.zip,7176.98,7176.98,COMPLETE,keithtyser,keithtyser,/goal win silver medal,/submissions/54146158/54146158.raw
54146695,570314,2026-06-28T16:50:00.707Z,probe 7176.98 task368 cse local0013 isolated pred 7176.98,submission.zip,7176.98,7176.98,COMPLETE,keithtyser,keithtyser,/goal win silver medal,/submissions/54146695/54146695.raw
54146707,570266,2026-06-28T16:50:43.530Z,probe 7176.98 task206 task233 task368 combo pred 7176.99,submission.zip,7176.98,7176.98,COMPLETE,keithtyser,keithtyser,/goal win silver medal,/submissions/54146707/54146707.raw
54147723,569666,2026-06-28T17:40:04.323Z,probe 7176.98 task319 boristown3a20 isolated pred 7177.16 risky,submission.zip,7161.98,7161.98,COMPLETE,keithtyser,keithtyser,/goal win silver medal,/submissions/54147723/54147723.raw
54147756,573889,2026-06-28T17:41:56.220Z,probe 7176.98 task118 20dab6 isolated pred 7177.32 risky scatter,submission.zip,7162.29,7162.29,COMPLETE,keithtyser,keithtyser,/goal win silver medal,/submissions/54147756/54147756.raw
54148818,570241,2026-06-28T18:38:04.830Z,probe 7176.98 task233 boristown3a81 isolated pred 7176.99 inherited audit144257,submission.zip,7176.98,7176.98,COMPLETE,keithtyser,keithtyser,/goal win silver medal,/submissions/54148818/54148818.raw
54148997,569915,2026-06-28T18:51:05.867Z,probe 7176.98 task017 d7a793 isolated pred 7177.04 inherited audit144257,submission.zip,7161.43,7161.43,COMPLETE,keithtyser,keithtyser,/goal win silver medal,/submissions/54148997/54148997.raw
54149364,570300,2026-06-28T19:17:15.587Z,probe 7176.98 task018 onnxoptimizer all isolated pred 7177.00 inherited audit144257,submission.zip,7177.00,7177.00,COMPLETE,keithtyser,keithtyser,/goal win silver medal,/submissions/54149364/54149364.raw
54149795,570256,2026-06-28T19:41:02.847Z,probe 7177.00 task366 equiv c1c1 gap isolated pred 7177.00074 inherited audit144257,submission.zip,7162.50,7162.50,COMPLETE,keithtyser,keithtyser,/goal win silver medal,/submissions/54149795/54149795.raw
54149907,570289,2026-06-28T19:46:29.020Z,probe 7177.00 task054 equiv seed0row isolated pred 7177.00030 inherited audit144257,submission.zip,7177.00,7177.00,COMPLETE,keithtyser,keithtyser,/goal win silver medal,/submissions/54149907/54149907.raw
54150181,570064,2026-06-28T20:08:31.507Z,probe 7177.00 micro equiv stack task101 task209 task054 task158 task133 task368 pred 7177.004 inherited audit144257,submission.zip,7177.00,7177.00,COMPLETE,keithtyser,keithtyser,/goal win silver medal,/submissions/54150181/54150181.raw
54150220,568665,2026-06-28T20:12:27.783Z,probe 7177.00 greedy equiv stack task101 task209 task054 task158 task133 task368 pred 7177.016 inherited audit144257,submission.zip,7161.79,7161.79,COMPLETE,keithtyser,keithtyser,/goal win silver medal,/submissions/54150220/54150220.raw
54150253,568570,2026-06-28T20:15:22.313Z,probe 7177.00 greedy stack plus task023 pred 7177.095 inherited audit144257,submission.zip,7161.87,7161.87,COMPLETE,keithtyser,keithtyser,/goal win silver medal,/submissions/54150253/54150253.raw
54150298,570205,2026-06-28T20:18:55.550Z,probe 7177.00 task023 greedy isolated pred 7177.080 inherited audit144257,submission.zip,7177.08,7177.08,COMPLETE,keithtyser,keithtyser,/goal win silver medal,/submissions/54150298/54150298.raw
54150492,545379,2026-06-28T20:31:31.417Z,probe 7177.08 task002 greedy isolated pred 7177.239 risky inherited audit144257,submission.zip,7161.83,7161.83,COMPLETE,keithtyser,keithtyser,/goal win silver medal,/submissions/54150492/54150492.raw
54150569,570174,2026-06-28T20:36:20.920Z,probe 7177.08 task349 greedy isolated pred 7177.151 inherited audit144257,submission.zip,7177.15,7177.15,COMPLETE,keithtyser,keithtyser,/goal win silver medal,/submissions/54150569/54150569.raw
54150582,560369,2026-06-28T20:37:27.583Z,probe 7177.08 task286 greedy isolated pred 7177.147 inherited audit144257,submission.zip,7162.83,7162.83,COMPLETE,keithtyser,keithtyser,/goal win silver medal,/submissions/54150582/54150582.raw
54150605,567678,2026-06-28T20:39:58.890Z,probe 7177.15 task018 greedy isolated pred 7177.175 inherited audit144257,submission.zip,7177.17,7177.17,COMPLETE,keithtyser,keithtyser,/goal win silver medal,/submissions/54150605/54150605.raw
54150653,567540,2026-06-28T20:43:31.153Z,probe 7177.17 task174 greedy isolated pred 7177.208 inherited audit144257,submission.zip,7177.21,7177.21,COMPLETE,keithtyser,keithtyser,/goal win silver medal,/submissions/54150653/54150653.raw
54150658,567090,2026-06-28T20:43:59.387Z,probe 7177.17 task005 greedy isolated pred 7177.203 inherited audit144257,submission.zip,7177.20,7177.20,COMPLETE,keithtyser,keithtyser,/goal win silver medal,/submissions/54150658/54150658.raw
54150709,567521,2026-06-28T20:47:39.057Z,probe 7177.21 task277 greedy isolated pred 7177.307 inherited audit144257,submission.zip,7177.31,7177.31,COMPLETE,keithtyser,keithtyser,/goal win silver medal,/submissions/54150709/54150709.raw
54150716,566952,2026-06-28T20:47:58.357Z,probe 7177.21 task005 greedy restack pred 7177.243 inherited audit144257,submission.zip,7177.24,7177.24,COMPLETE,keithtyser,keithtyser,/goal win silver medal,/submissions/54150716/54150716.raw
54150766,566933,2026-06-28T20:52:46.120Z,probe 7177.31 task005 greedy restack pred 7177.343 inherited audit144257,submission.zip,7177.34,7177.34,COMPLETE,keithtyser,keithtyser,/goal win silver medal,/submissions/54150766/54150766.raw
54150997,567021,2026-06-28T21:10:45.213Z,probe 7177.34 task233 W124 qmatmul risky pred 7177.409 processor-risk inherited audit144257,submission.zip,,,ERROR,keithtyser,keithtyser,/goal win silver medal,/submissions/54150997/54150997.raw
54151009,567084,2026-06-28T21:11:56.080Z,probe 7177.34 task233 W145 argmax risky pred 7177.392 processor-risk inherited audit144257,submission.zip,,,ERROR,keithtyser,keithtyser,/goal win silver medal,/submissions/54151009/54151009.raw
54151199,566813,2026-06-28T21:23:32.547Z,probe 7177.34 public task233 task206 crumbs pred 7177.349 inherited audit144257,submission.zip,7177.35,7177.35,COMPLETE,keithtyser,keithtyser,/goal win silver medal,/submissions/54151199/54151199.raw
54151352,566431,2026-06-28T21:34:23.913Z,probe 7177.35 greedy small7 pred 7177.369 tasks090096191213234368397 inherited audit144257,submission.zip,7177.37,7177.37,COMPLETE,keithtyser,keithtyser,/goal win silver medal,/submissions/54151352/54151352.raw
54151388,565109,2026-06-28T21:36:57.210Z,probe 7177.35 greedy rest10 pred 7177.378 tasks055157280328370054133158209255 inherited audit144257,submission.zip,7177.38,7177.38,COMPLETE,keithtyser,keithtyser,/goal win silver medal,/submissions/54151388/54151388.raw
54151415,564727,2026-06-28T21:39:52.370Z,probe 7177.37 greedy small7 plus rest10 pred 7177.398 inherited audit144257,submission.zip,7177.39,7177.39,COMPLETE,keithtyser,keithtyser,/goal win silver medal,/submissions/54151415/54151415.raw
54151799,564728,2026-06-28T22:09:41.080Z,probe 7177.39 surgery task173 intdowncast pred 7177.429 risky isolated inherited audit144257,submission.zip,,,ERROR,keithtyser,keithtyser,/goal win silver medal,/submissions/54151799/54151799.raw
54151800,564728,2026-06-28T22:09:45.567Z,probe 7177.39 surgery 368 161 319 intdowncast pred 7177.414 inherited audit144257,submission.zip,,,ERROR,keithtyser,keithtyser,/goal win silver medal,/submissions/54151800/54151800.raw
54152257,564727,2026-06-28T22:36:47.017Z,probe 7177.39 surgery task368 intdowncast isolated pred 7177.407 after bundle error inherited audit144257,submission.zip,,,ERROR,keithtyser,keithtyser,/goal win silver medal,/submissions/54152257/54152257.raw
54152267,564728,2026-06-28T22:37:37.377Z,probe 7177.39 surgery task161 intdowncast isolated pred 7177.397 after bundle error inherited audit144257,submission.zip,7177.40,7177.40,COMPLETE,keithtyser,keithtyser,/goal win silver medal,/submissions/54152267/54152267.raw
54152973,483287,2026-06-28T23:38:20.157Z,probe full public boristown rogii lb7295 xr recovery against 7177.40 floor,submission.zip,7174.20,7174.20,COMPLETE,keithtyser,keithtyser,/goal win silver medal,/submissions/54152973/54152973.raw
54153123,564314,2026-06-28T23:54:06.090Z,probe 7177.40 task101 greedy equiv isolated pred 7177.408 sha c54d4dd2 scatterelements warning,submission.zip,7162.19,7162.19,COMPLETE,keithtyser,keithtyser,/goal win silver medal,/submissions/54153123/54153123.raw
54153130,564646,2026-06-28T23:54:44.520Z,probe 7177.40 task076 greedy equiv isolated pred 7177.410 sha 877010cf scatterelements warning,submission.zip,7177.41,7177.41,COMPLETE,keithtyser,keithtyser,/goal win silver medal,/submissions/54153130/54153130.raw
54153138,564516,2026-06-28T23:55:22.820Z,probe 7177.40 task319 greedy equiv isolated pred 7177.402 sha 68fe1640 cheap signal,submission.zip,7177.40,7177.40,COMPLETE,keithtyser,keithtyser,/goal win silver medal,/submissions/54153138/54153138.raw
54154164,564646,2026-06-29T00:37:14.200Z,probe 7177.41 task316 int8topk risky isolated pred 7177.456 sha b459f194 inherited audit144257,submission.zip,,,ERROR,keithtyser,keithtyser,/goal win silver medal,/submissions/54154164/54154164.raw
54154572,564358,2026-06-29T00:59:31.673Z,probe 7177.41 micro 233 319 366 286 pred 7177.415 sha a09519a rounding inherited audit144257,submission.zip,7162.92,7162.92,COMPLETE,keithtyser,keithtyser,/goal win silver medal,/submissions/54154572/54154572.raw
54154704,565375,2026-06-29T01:10:01.607Z,probe 7177.41 task173 cc01 known plus001 pred 7177.419 sha 3d970f5 inherited audit144257,submission.zip,7177.42,7177.42,COMPLETE,keithtyser,keithtyser,/goal win silver medal,/submissions/54154704/54154704.raw
54155117,525136,2026-06-29T01:36:55.907Z,risky LB-only probe 7177.42 task286 direct parity all_open iso pred 7178.663 sha 05f3125 inherited audit144257,submission.zip,7163.18,7163.18,COMPLETE,keithtyser,keithtyser,/goal win silver medal,/submissions/54155117/54155117.raw
54155357,565386,2026-06-29T01:49:49.557Z,probe 7177.42 task233 frank tiny isolated pred 7177.422 sha 2beacb5 inherited audit144257,submission.zip,7177.42,7177.42,COMPLETE,keithtyser,keithtyser,/goal win silver medal,/submissions/54155357/54155357.raw
54156021,565963,2026-06-29T02:26:22.563Z,risky LB-only probe 7177.42 task076 tail_union scatterelements pred 7177.485 sha 77dcba8 transformfail inherited audit144257,submission.zip,7177.39,7177.39,COMPLETE,keithtyser,keithtyser,/goal win silver medal,/submissions/54156021/54156021.raw
54156043,569409,2026-06-29T02:27:07.017Z,risky LB-only TRUE task076 tail_union scatterelements pred 7177.485 sha 77dcba8 transformfail isolated,submission.zip,7162.48,7162.48,COMPLETE,keithtyser,keithtyser,/goal win silver medal,/submissions/54156043/54156043.raw
54157158,568946,2026-06-29T03:20:52.597Z,risky isolated task118 bankable pred 7177.764 sha 20dab6b inherited audit144257 distinguishes prior task118+219 crater,submission.zip,7162.74,7162.74,COMPLETE,keithtyser,keithtyser,/goal win silver medal,/submissions/54157158/54157158.raw
54157506,570676,2026-06-29T03:39:13.337Z,probe 7177.42 task233 scatterfree where-chain24 pred 7177.647 sha d6908e1 warning-free distinct-from-toxic-6c09 inherited audit144257,submission.zip,7163.41,7163.41,COMPLETE,keithtyser,keithtyser,/goal win silver medal,/submissions/54157506/54157506.raw
54157729,564864,2026-06-29T03:53:17.730Z,risky isolated task319 zoli second-stage pred 7177.726 sha 259f0f1 distinct from 3a20 crater,submission.zip,7162.42,7162.42,COMPLETE,keithtyser,keithtyser,/goal win silver medal,/submissions/54157729/54157729.raw
54181591,537109,2026-06-29T21:46:01.277Z,public harvest seddik all graph surgeries local 7178.80 sha 98d0ed5d,submission.zip,7178.49,7178.49,COMPLETE,keithtyser,keithtyser,/goal win silver medal,/submissions/54181591/54181591.raw
54181757,528311,2026-06-29T21:57:25.223Z,probe 7178.49 public boristown micro4 066 110 191 349 pred 7178.491,submission.zip,7178.49,7178.49,COMPLETE,keithtyser,keithtyser,/goal win silver medal,/submissions/54181757/54181757.raw
54181823,592564,2026-06-29T22:02:46.423Z,probe 7178.49 relayer12 prior confirmed local +0.672 pred 7179.162,submission.zip,7179.16,7179.16,COMPLETE,keithtyser,keithtyser,/goal win silver medal,/submissions/54181823/54181823.raw
54181949,589003,2026-06-29T22:12:37.827Z,probe 7179.16 stale positive5 task110 118 018 138 077 pred 7179.369,submission.zip,7179.37,7179.37,COMPLETE,keithtyser,keithtyser,/goal win silver medal,/submissions/54181949/54181949.raw
54182546,589433,2026-06-29T22:53:55.557Z,probe 7179.37 bank task264 005 pred 7179.517 sha b47f8617,submission.zip,,,ERROR,keithtyser,keithtyser,/goal win silver medal,/submissions/54182546/54182546.raw
54182576,589356,2026-06-29T22:56:28.813Z,probe 7179.37 task005 safe tiny pred 7179.383 sha eeee1b9e,submission.zip,7179.39,7179.39,COMPLETE,keithtyser,keithtyser,/goal win silver medal,/submissions/54182576/54182576.raw
54182664,589189,2026-06-29T23:04:22.797Z,probe 7179.39 task264 rank_u8_only pred 7179.424 sha d50e98a5,submission.zip,,,ERROR,keithtyser,keithtyser,/goal win silver medal,/submissions/54182664/54182664.raw
54182824,579520,2026-06-29T23:16:58.567Z,probe 7179.39 task286 greedy equiv rewire pred 7179.457 sha b628439d,submission.zip,7165.15,7165.15,COMPLETE,keithtyser,keithtyser,/goal win silver medal,/submissions/54182824/54182824.raw
54183134,589489,2026-06-29T23:36:46.417Z,probe 7179.39 public franksunp task233 51068 pred 7179.414 sha 83d93226,submission.zip,7179.41,7179.41,COMPLETE,keithtyser,keithtyser,/goal win silver medal,/submissions/54183134/54183134.raw
54184314,589510,2026-06-30T00:21:29.233Z,probe 7179.41 public lucifer micros 066 191 349 pred +0.00097,submission.zip,7179.41,7179.41,COMPLETE,keithtyser,keithtyser,/goal win silver medal,/submissions/54184314/54184314.raw
54185292,594222,2026-06-30T01:12:28.287Z,probe 7179.41 public kojimar blend 16pos pred +0.091 sha pending,submission.zip,7179.50,7179.50,COMPLETE,keithtyser,keithtyser,/goal win silver medal,/submissions/54185292/54185292.raw
54187424,599350,2026-06-30T02:53:52.260Z,risky score probe 7179.50 task023 badboy5924 plus task319 pred 7180.30 sha 6b5ee380,submission.zip,7163.99,7163.99,COMPLETE,keithtyser,keithtyser,/goal win silver medal,/submissions/54187424/54187424.raw
54189034,591446,2026-06-30T04:01:09.473Z,probe 7179.50 alltask surgery 6pos pred 7179.612 sha 242badcd,submission.zip,,,ERROR,keithtyser,keithtyser,/goal win silver medal,/submissions/54189034/54189034.raw
54189270,594222,2026-06-30T04:10:20.463Z,isolate 7179.50 surgery task316 sha 022f9f75,submission.zip,,,ERROR,keithtyser,keithtyser,/goal win silver medal,/submissions/54189270/54189270.raw
54189273,591460,2026-06-30T04:10:23.443Z,isolate 7179.50 surgery task002 sha 3c2b19d1,submission.zip,7179.55,7179.55,COMPLETE,keithtyser,keithtyser,/goal win silver medal,/submissions/54189273/54189273.raw
54189276,594222,2026-06-30T04:10:26.447Z,isolate 7179.50 surgery task368 sha 6546753c,submission.zip,,,ERROR,keithtyser,keithtyser,/goal win silver medal,/submissions/54189276/54189276.raw
54189279,594223,2026-06-30T04:10:30.000Z,isolate 7179.50 surgery task161 sha 02ef990c,submission.zip,7179.51,7179.51,COMPLETE,keithtyser,keithtyser,/goal win silver medal,/submissions/54189279/54189279.raw
54189282,594223,2026-06-30T04:10:33.023Z,isolate 7179.50 surgery task319 sha 443a1302,submission.zip,7179.50,7179.50,COMPLETE,keithtyser,keithtyser,/goal win silver medal,/submissions/54189282/54189282.raw
54189286,594206,2026-06-30T04:10:36.090Z,isolate 7179.50 surgery task396 sha 72018001,submission.zip,7179.50,7179.50,COMPLETE,keithtyser,keithtyser,/goal win silver medal,/submissions/54189286/54189286.raw
54189627,591446,2026-06-30T04:21:46.643Z,probe 7179.50 safe surgery 002 161 319 396 pred 7179.550 sha d0959dae,submission.zip,7179.55,7179.55,COMPLETE,keithtyser,keithtyser,/goal win silver medal,/submissions/54189627/54189627.raw
54190054,591384,2026-06-30T04:42:26.963Z,probe 7179.55 public tranche8 micro 054 090 119 pred 7179.551 sha 4fa690d7 inherited audit144257,submission.zip,7179.55,7179.55,COMPLETE,keithtyser,keithtyser,/goal win silver medal,/submissions/54190054/54190054.raw
54190870,590820,2026-06-30T05:25:02.477Z,probe 7179.55 task209 onnxsim pred 7179.556 sha 7fab1674 inherited audit144257,submission.zip,7179.56,7179.56,COMPLETE,keithtyser,keithtyser,/goal win silver medal,/submissions/54190870/54190870.raw
54190927,591955,2026-06-30T05:28:22.680Z,probe 7179.55 task396 onnxsim pred 7179.572 sha 245ae4ef inherited audit144257,submission.zip,7179.57,7179.57,COMPLETE,keithtyser,keithtyser,/goal win silver medal,/submissions/54190927/54190927.raw
54190979,591329,2026-06-30T05:30:49.213Z,probe 7179.56 stack task396 onnxsim over209 pred 7179.582 sha 72e48470 inherited audit144257,submission.zip,7179.58,7179.58,COMPLETE,keithtyser,keithtyser,/goal win silver medal,/submissions/54190979/54190979.raw
54192391,591269,2026-06-30T06:36:43.427Z,probe 7179.58 restore task187 d289 pred 7179.638 sha 5ee78610 inherited audit144257,submission.zip,7179.64,7179.64,COMPLETE,keithtyser,keithtyser,/goal win silver medal,/submissions/54192391/54192391.raw
54192698,591686,2026-06-30T06:52:24.557Z,probe 7179.64 task187 safe_all 27e77 pred 7179.716 sha 45220cc3 inherited audit144257,submission.zip,7179.71,7179.71,COMPLETE,keithtyser,keithtyser,/goal win silver medal,/submissions/54192698/54192698.raw
54192777,591667,2026-06-30T06:56:20.660Z,probe 7179.71 task277 greedy 87e14 pred 7179.807 sha 4e9ee954 inherited audit144257,submission.zip,7179.81,7179.81,COMPLETE,keithtyser,keithtyser,/goal win silver medal,/submissions/54192777/54192777.raw
54192868,583732,2026-06-30T07:00:31.507Z,probe 7179.81 restore 002 349 055 pred 7180.058 sha 5abda23d inherited audit144257,submission.zip,7180.06,7180.06,COMPLETE,keithtyser,keithtyser,/goal win silver medal,/submissions/54192868/54192868.raw
54193241,582884,2026-06-30T07:15:01.600Z,probe 7180.06 task209 greedy 97971 pred 7180.137 sha b3914b21 inherited audit144257,submission.zip,7180.14,7180.14,COMPLETE,keithtyser,keithtyser,/goal win silver medal,/submissions/54193241/54193241.raw
54193315,582864,2026-06-30T07:19:11.073Z,probe 7180.14 task397 88d93 pred 7180.190 sha see_manifest inherited audit144257,submission.zip,,,ERROR,keithtyser,keithtyser,/goal win silver medal,/submissions/54193315/54193315.raw
54193474,582611,2026-06-30T07:25:29.487Z,probe 7180.14 task216 a728 pred 7180.170 sha bb9a74a1 inherited audit144257 prior54132426,submission.zip,7180.18,7180.18,COMPLETE,keithtyser,keithtyser,/goal win silver medal,/submissions/54193474/54193474.raw
54193545,575669,2026-06-30T07:28:37.757Z,probe 7180.18 task018 a79a pred 7180.209 sha 4c7b40fd inherited audit144257 prior54150605,submission.zip,7180.21,7180.21,COMPLETE,keithtyser,keithtyser,/goal win silver medal,/submissions/54193545/54193545.raw
54193613,576149,2026-06-30T07:32:02.223Z,probe 7180.21 task064 4c6c pred 7180.236 sha d255fac0 inherited audit144257 prior53999206,submission.zip,7180.24,7180.24,COMPLETE,keithtyser,keithtyser,/goal win silver medal,/submissions/54193613/54193613.raw
54193692,576419,2026-06-30T07:34:57.793Z,probe 7180.24 task054 8d63 pred 7180.245 sha ba010324 inherited audit144257 prior53999206,submission.zip,7180.25,7180.25,COMPLETE,keithtyser,keithtyser,/goal win silver medal,/submissions/54193692/54193692.raw
54193808,575831,2026-06-30T07:40:10.710Z,probe 7180.25 task005 87e3 pred 7180.283 sha 982802dc inherited audit144257,submission.zip,7180.28,7180.28,COMPLETE,keithtyser,keithtyser,/goal win silver medal,/submissions/54193808/54193808.raw
54193869,575280,2026-06-30T07:42:50.860Z,probe 7180.28 task340 2336 pred 7180.293 sha see_manifest inherited audit144257,submission.zip,7180.29,7180.29,COMPLETE,keithtyser,keithtyser,/goal win silver medal,/submissions/54193869/54193869.raw
54193945,575530,2026-06-30T07:45:40.783Z,probe 7180.29 task091 4370 pred 7180.302 sha 16d3b005 inherited audit144257 prior53999206,submission.zip,7180.30,7180.30,COMPLETE,keithtyser,keithtyser,/goal win silver medal,/submissions/54193945/54193945.raw
54194012,575082,2026-06-30T07:48:21.990Z,probe 7180.30 task148 189b pred 7180.309 sha a0ceaaa9 risky scatter inherited audit144257,submission.zip,7180.31,7180.31,COMPLETE,keithtyser,keithtyser,/goal win silver medal,/submissions/54194012/54194012.raw
54194102,574873,2026-06-30T07:51:15.307Z,probe 7180.31 task090 ba37 pred 7180.316 sha see_manifest inherited audit144257,submission.zip,7180.32,7180.32,COMPLETE,keithtyser,keithtyser,/goal win silver medal,/submissions/54194102/54194102.raw
54195792,574925,2026-06-30T08:59:05.230Z,probe 7180.32 task161 3b36 pred 7180.770 public harvest yuu inherited audit144257,submission.zip,7180.77,7180.77,COMPLETE,keithtyser,keithtyser,/goal win silver medal,/submissions/54195792/54195792.raw
54195867,574879,2026-06-30T09:02:20.890Z,probe 7180.77 yuu micro task397 task119 task237 pred 7180.794 inherited audit144257,submission.zip,7180.79,7180.79,COMPLETE,keithtyser,keithtyser,/goal win silver medal,/submissions/54195867/54195867.raw
54195958,574633,2026-06-30T09:07:00.427Z,probe 7180.79 task017 yuu 3ce8 pred 7181.279 isolated inherited audit144257,submission.zip,7181.28,7181.28,COMPLETE,keithtyser,keithtyser,/goal win silver medal,/submissions/54195958/54195958.raw
54196059,581185,2026-06-30T09:11:50.973Z,probe 7181.28 microbundle 8tasks pred 7181.299 inherited audit144257,submission.zip,7181.30,7181.30,COMPLETE,keithtyser,keithtyser,/goal win silver medal,/submissions/54196059/54196059.raw
54196701,580183,2026-06-30T09:41:18.987Z,probe 7181.30 task354 2f30 pred 7181.358 risky transformfail inherited audit144257,submission.zip,7181.36,7181.36,COMPLETE,keithtyser,keithtyser,/goal win silver medal,/submissions/54196701/54196701.raw
54197173,580165,2026-06-30T10:03:07.187Z,probe 7181.36 task368 dfe1 pred 7181.378 risky scatter-topk inherited audit144257,submission.zip,7181.37,7181.37,COMPLETE,keithtyser,keithtyser,/goal win silver medal,/submissions/54197173/54197173.raw
54199368,572722,2026-06-30T11:41:01.527Z,probe 7181.37 microbundle task319 task096 task234 task133 task158 task383 task157 predplus0.0033 risky trunc inherited audit144257,submission.zip,7181.38,7181.38,COMPLETE,keithtyser,keithtyser,/goal win silver medal,/submissions/54199368/54199368.raw
54200232,572683,2026-06-30T12:14:06.117Z,probe 7181.38 task233 frank refresh10 sha1b86857 pred 7181.3846 risky scatterND inherited audit144257,submission.zip,7181.38,7181.38,COMPLETE,keithtyser,keithtyser,/goal win silver medal,/submissions/54200232/54200232.raw
54200575,573453,2026-06-30T12:28:05.283Z,probe 7181.38 task173 e6dce pred 7181.413 risky scatterElements isolated inherited audit144257,submission.zip,,,ERROR,keithtyser,keithtyser,/goal win silver medal,/submissions/54200575/54200575.raw
54200746,570471,2026-06-30T12:34:25.767Z,probe 7181.38 cocoa r11 micro task205 255 219 233 198 191 pred 7181.436 risky task233Scatter inherited audit144257,submission.zip,7181.43,7181.43,COMPLETE,keithtyser,keithtyser,/goal win silver medal,/submissions/54200746/54200746.raw
54201092,570581,2026-06-30T12:47:04.043Z,probe 7181.43 task018 frank r12 b570 pred 7181.490 risky scatterND isolated inherited audit144257,submission.zip,7181.49,7181.49,COMPLETE,keithtyser,keithtyser,/goal win silver medal,/submissions/54201092/54201092.raw
54204468,570510,2026-06-30T14:47:08.927Z,probe 7181.49 micro task233 aa8e task255 1516 pred 7181.4902 inherited audit144257,submission.zip,7181.49,7181.49,COMPLETE,keithtyser,keithtyser,/goal win silver medal,/submissions/54204468/54204468.raw
54206047,570495,2026-06-30T15:44:00.273Z,probe 7181.49 task336 yuu d06a pred 7181.6545 risky qlinear transformfail inherited audit144257,submission.zip,7181.66,7181.66,COMPLETE,keithtyser,keithtyser,/goal win silver medal,/submissions/54206047/54206047.raw
54206297,572150,2026-06-30T15:53:51.120Z,probe 7181.66 public micro yuu/bore tasks260_181_319_189_119_237_255_133 pred7181.674 inherited audit144257,submission.zip,7181.67,7181.67,COMPLETE,keithtyser,keithtyser,/goal win silver medal,/submissions/54206297/54206297.raw
54206437,572311,2026-06-30T15:59:07.663Z,probe 7181.67 seddik micro task237 task161 pred7181.6794 inherited audit144257,submission.zip,7181.68,7181.68,COMPLETE,keithtyser,keithtyser,/goal win silver medal,/submissions/54206437/54206437.raw
54206856,572286,2026-06-30T16:15:05.057Z,probe 7181.68 frank refresh22 task255 cost22774 pred+0.000088 inherited audit144257,submission.zip,7181.68,7181.68,COMPLETE,keithtyser,keithtyser,/goal win silver medal,/submissions/54206856/54206856.raw
54207319,571697,2026-06-30T16:34:50.677Z,probe 7181.68 task285 108148 topk_u8_reuse cost24137 pred+0.0444 risky scatterElements not_db73 inherited audit144257,submission.zip,,,ERROR,keithtyser,keithtyser,/goal win silver medal,/submissions/54207319/54207319.raw
54208242,568915,2026-06-30T17:15:55.870Z,probe 7181.68 task118 02c5 restore_greedy cost30317 pred+0.2177 risky scatterElements inherited audit144257,submission.zip,7181.90,7181.90,COMPLETE,keithtyser,keithtyser,/goal win silver medal,/submissions/54208242/54208242.raw
54209261,570827,2026-06-30T18:06:05.290Z,probe 7181.90 task233 6c09 template27843 cost27843 pred+0.602 risky ScatterElements isolated LBonly inherited audit144257,submission.zip,7167.73,7167.73,COMPLETE,keithtyser,keithtyser,/goal win silver medal,/submissions/54209261/54209261.raw
54209809,568859,2026-06-30T18:34:08.520Z,probe 7181.90 frank consolidated task255 897b cost22772 pred+0.00018 inherited audit144257,submission.zip,7181.90,7181.90,COMPLETE,keithtyser,keithtyser,/goal win silver medal,/submissions/54209809/54209809.raw
54211456,567700,2026-06-30T20:02:15.013Z,probe 7181.90 yuu hint1 task233 7382 cost41780 pred+0.196 risky transformfail inherited audit144257,submission.zip,7182.09,7182.09,COMPLETE,keithtyser,keithtyser,/goal win silver medal,/submissions/54211456/54211456.raw
54212332,566481,2026-06-30T20:59:26.057Z,probe 7182.09 kojimar task286 48c4 cost46661 pred7182.097 inherited audit144257,submission.zip,7182.10,7182.10,COMPLETE,keithtyser,keithtyser,/goal win silver medal,/submissions/54212332/54212332.raw
54213501,567970,2026-06-30T22:20:39.667Z,probe 7182.10 public harvest micro task233 af9f task255 7d46 pred+0.00020 inherited audit144257,submission.zip,7182.10,7182.10,COMPLETE,keithtyser,keithtyser,/goal win silver medal,/submissions/54213501/54213501.raw
54213750,566856,2026-06-30T22:37:47.453Z,probe 7182.10 public refresh36 cocoa tasks044_092_205_218_233_255_319_359 pred+0.0678 inherited audit144257,submission.zip,7182.17,7182.17,COMPLETE,keithtyser,keithtyser,/goal win silver medal,/submissions/54213750/54213750.raw
54214673,566603,2026-06-30T23:40:21.950Z,probe 7182.17 public refresh38 kojimar tasks001_017_018_101_174_219_234_286_328 pred+0.0628 inherited audit144257,submission.zip,7182.23,7182.23,COMPLETE,keithtyser,keithtyser,/goal win silver medal,/submissions/54214673/54214673.raw
54218385,566560,2026-07-01T02:40:46.893Z,probe 7182.23 public refresh43 frank task076 551f cost19796 pred+0.00076 inherited audit144257,submission.zip,7182.23,7182.23,COMPLETE,keithtyser,keithtyser,/goal win silver medal,/submissions/54218385/54218385.raw
54220125,569730,2026-07-01T03:57:58.323Z,probe 7182.23 public refresh46 kojimar tasks035_066_198_205_233_255_277 pred+0.00191 inherited audit144257,submission.zip,7182.23,7182.23,COMPLETE,keithtyser,keithtyser,/goal win silver medal,/submissions/54220125/54220125.raw
54220216,569687,2026-07-01T04:03:05.200Z,probe 7182.23 public refresh46 kojimar7 plus prior076 threshold pred+0.00266 inherited audit144257,submission.zip,7182.23,7182.23,COMPLETE,keithtyser,keithtyser,/goal win silver medal,/submissions/54220216/54220216.raw
54221646,566657,2026-07-01T05:15:26.273Z,probe 7182.23 task285 bca1 cost25092 pred+0.00564 risky topk scatter isolated inherited audit144257,submission.zip,7182.24,7182.24,COMPLETE,keithtyser,keithtyser,/goal win silver medal,/submissions/54221646/54221646.raw
54221905,566478,2026-07-01T05:26:14.280Z,probe 7182.24 public refresh48 frank task018 2d3c cost39459 pred+0.01277 risky isolated inherited audit144257,submission.zip,7182.25,7182.25,COMPLETE,keithtyser,keithtyser,/goal win silver medal,/submissions/54221905/54221905.raw
54222036,569557,2026-07-01T05:32:29.893Z,probe 7182.25 public refresh48 microbundle tasks277_076_035_219_233_205_198_066_255 pred+0.00309 inherited audit144257,submission.zip,7182.25,7182.25,COMPLETE,keithtyser,keithtyser,/goal win silver medal,/submissions/54222036/54222036.raw
54222959,566504,2026-07-01T06:14:36.503Z,probe 7182.25 local rescreen task264 60e cost5435 pred+0.10786 isolated inherited audit144257,submission.zip,7182.36,7182.36,COMPLETE,keithtyser,keithtyser,/goal win silver medal,/submissions/54222959/54222959.raw
54223990,565849,2026-07-01T07:01:26.180Z,probe 7182.36 task338 1e2895 cost17629 pred+0.01743 risky isolated f16topk inherited audit144257,submission.zip,7182.38,7182.38,COMPLETE,keithtyser,keithtyser,/goal win silver medal,/submissions/54223990/54223990.raw
54225867,565978,2026-07-01T08:28:43.653Z,probe 7182.38 public penguin task191 7f0b cost13331 pred+0.11556 isolated inherited audit144257,submission.zip,7182.49,7182.49,COMPLETE,keithtyser,keithtyser,/goal win silver medal,/submissions/54225867/54225867.raw
54229128,565812,2026-07-01T10:49:16.927Z,probe 7182.49 public kunal task338 03ed cost16847 pred+0.04537 isolated f16topk inherited audit144257,submission.zip,7182.54,7182.54,COMPLETE,keithtyser,keithtyser,/goal win silver medal,/submissions/54229128/54229128.raw
54229885,568812,2026-07-01T11:17:46.620Z,probe 7182.54 public refresh53 microtail tasks277_076_035_233_205_198_066_255 pred+0.00271 inherited audit144257,submission.zip,7182.54,7182.54,COMPLETE,keithtyser,keithtyser,/goal win silver medal,/submissions/54229885/54229885.raw
54231868,569559,2026-07-01T12:32:08.240Z,probe 7182.54 public refresh57 combo tasks004_219_277_076_035_233_205_198_066_255_338_191 pred+0.00645 inherited audit144257,submission.zip,7182.54,7182.54,COMPLETE,keithtyser,keithtyser,/goal win silver medal,/submissions/54231868/54231868.raw
54238776,568202,2026-07-01T16:45:08.913Z,probe 7182.54 public refresh59 combo tasks313_358_370_219_233_004_277_076_035_255_066_198_205_101_338_191 pred+0.048 inherited audit144257,submission.zip,7182.58,7182.58,COMPLETE,keithtyser,keithtyser,/goal win silver medal,/submissions/54238776/54238776.raw
54241380,568189,2026-07-01T18:53:20.977Z,probe 7182.58 public refresh64 yuu task398 9962 cost5439 pred+0.03060 isolated inherited audit144257,submission.zip,7182.62,7182.62,COMPLETE,keithtyser,keithtyser,/goal win silver medal,/submissions/54241380/54241380.raw
54241919,567552,2026-07-01T19:22:05.523Z,probe 7182.62 task285 65b4 cost24402 pred+0.02788 risky isolated topk scatter avoids db73 108 inherited audit144257,submission.zip,,,ERROR,keithtyser,keithtyser,/goal win silver medal,/submissions/54241919/54241919.raw
54245613,568213,2026-07-01T22:34:14.540Z,probe 7182.62 task285 24ede cost23952 pred+0.04650 isolated topk33 conn4 avoids 65b4 six-expansion error inherited audit144257,submission.zip,,,ERROR,keithtyser,keithtyser,/goal win silver medal,/submissions/54245613/54245613.raw
54245795,568110,2026-07-01T22:44:41.307Z,probe 7182.62 public refresh77 frank micro tasks092_233 pred+0.00087 distinct inherited audit144257,submission.zip,7182.62,7182.62,COMPLETE,keithtyser,keithtyser,/goal win silver medal,/submissions/54245795/54245795.raw
54246070,568198,2026-07-01T22:59:00.163Z,probe 7182.62 public refresh78 kokinn task101 1d0c cost17694 pred+0.00322 isolated inherited audit144257,submission.zip,7182.62,7182.62,COMPLETE,keithtyser,keithtyser,/goal win silver medal,/submissions/54246070/54246070.raw
54247776,568175,2026-07-02T00:30:34.760Z,probe 7182.62 public refresh80 kokinn task101 16b4 cost17636 pred+0.00650 isolated inherited audit144257,submission.zip,7182.62,7182.62,COMPLETE,keithtyser,keithtyser,/goal win silver medal,/submissions/54247776/54247776.raw
54248326,567141,2026-07-02T01:06:01.123Z,probe 7182.62 micro task366 3ba5 task209 c2b9 pred+0.00332 exact dtype scalar inherited audit144257,submission.zip,7182.62,7182.62,COMPLETE,keithtyser,keithtyser,/goal win silver medal,/submissions/54248326/54248326.raw
54248757,568061,2026-07-02T01:28:03.190Z,probe 7182.62 public refresh82 frank task233 3c4f cost41512 pred+0.00043 isolated inherited audit144257,submission.zip,7182.62,7182.62,COMPLETE,keithtyser,keithtyser,/goal win silver medal,/submissions/54248757/54248757.raw
54249684,566994,2026-07-02T02:10:40.777Z,probe 7182.62 public refresh85 frank task219 9d2e plus micros101_233_366_209 pred+0.01097 inherited audit144257,submission.zip,7182.63,7182.63,COMPLETE,keithtyser,keithtyser,/goal win silver medal,/submissions/54249684/54249684.raw
54249846,567017,2026-07-02T02:17:38.643Z,probe 7182.63 public refresh86 akihiro task155 b382 cost142 pred+0.10677 isolated inherited audit144257,submission.zip,7182.73,7182.73,COMPLETE,keithtyser,keithtyser,/goal win silver medal,/submissions/54249846/54249846.raw
54250807,567101,2026-07-02T02:57:11.037Z,probe 7182.73 public refresh89 ryosuke7184 tasks014_029_031_108_303_350 pred+3.347 inherited audit144257,submission.zip,7186.09,7186.09,COMPLETE,keithtyser,keithtyser,/goal win silver medal,/submissions/54250807/54250807.raw
54251616,567102,2026-07-02T03:30:22.730Z,probe 7186.09 public refresh91 task092_338_366 pred+0.01516 lowrisk inherited audit144257,submission.zip,7186.10,7186.10,COMPLETE,keithtyser,keithtyser,/goal win silver medal,/submissions/54251616/54251616.raw
54252027,567096,2026-07-02T03:47:46.343Z,probe 7186.10 public refresh92 task101_338 pred+0.01055 lowrisk inherited audit144257,submission.zip,7186.11,7186.11,COMPLETE,keithtyser,keithtyser,/goal win silver medal,/submissions/54252027/54252027.raw
54256333,567186,2026-07-02T06:42:22.110Z,probe 7186.11 public refresh100 biohack task233 246f cost41460 pred+0.00125 inherited audit144257,submission.zip,7186.11,7186.11,COMPLETE,keithtyser,keithtyser,/goal win silver medal,/submissions/54256333/54256333.raw
54256765,570709,2026-07-02T06:59:09.283Z,probe 7186.11 local inventory task118 20dab cost21488 pred+0.344 isolated inherited audit144257,submission.zip,7171.43,7171.43,COMPLETE,keithtyser,keithtyser,/goal win silver medal,/submissions/54256765/54256765.raw
54256831,566419,2026-07-02T07:01:51.317Z,probe 7186.11 local inventory task319 3a20 cost18368 pred+0.178 isolated noScatter inherited audit144257,submission.zip,7171.11,7171.11,COMPLETE,keithtyser,keithtyser,/goal win silver medal,/submissions/54256831/54256831.raw
54258882,562138,2026-07-02T08:20:31.147Z,probe 7186.11 public refresh105 frank task219 55aef cost18512 pred+0.00043 inherited audit144257,submission.zip,7186.11,7186.11,COMPLETE,keithtyser,keithtyser,/goal win silver medal,/submissions/54258882/54258882.raw
54260690,563980,2026-07-02T09:32:49.807Z,probe 7186.11 task018 topk static13 7404 cost37653 pred+0.04685 isolated inherited audit144257,submission.zip,,,ERROR,keithtyser,keithtyser,/goal win silver medal,/submissions/54260690/54260690.raw
54261506,573466,2026-07-02T10:10:34.440Z,probe 7186.11 public refresh114 poby tasks023_029_233_397_090_157_133_096 pred+0.09806 distinct inherited audit144257,submission.zip,7186.21,7186.21,COMPLETE,keithtyser,keithtyser,/goal win silver medal,/submissions/54261506/54261506.raw
54261618,570826,2026-07-02T10:15:49.320Z,probe 7186.21 public refresh114 poby task018 84f933 cost38247 pred+0.03120 isolated notTopKStatic inherited audit144257,submission.zip,7186.24,7186.24,COMPLETE,keithtyser,keithtyser,/goal win silver medal,/submissions/54261618/54261618.raw
54262012,570962,2026-07-02T10:33:25.003Z,probe 7186.24 public refresh116 cocoa tasks054_367_349_243 pred+0.2030 excludes219repeat inherited audit144257,submission.zip,7186.45,7186.45,COMPLETE,keithtyser,keithtyser,/goal win silver medal,/submissions/54262012/54262012.raw
54262568,570861,2026-07-02T10:54:41.693Z,probe 7186.45 public refresh116 cocoa task319 ddbf cost21908 pred+0.00187 risky isolated prior319toxic inherited audit144257,submission.zip,7186.45,7186.45,COMPLETE,keithtyser,keithtyser,/goal win silver medal,/submissions/54262568/54262568.raw
54263672,570858,2026-07-02T11:45:46.777Z,probe 7186.45 public refresh131 biohack task219_319 pred+0.00249 distinct combo inherited audit144257,submission.zip,7186.45,7186.45,COMPLETE,keithtyser,keithtyser,/goal win silver medal,/submissions/54263672/54263672.raw
54264940,570269,2026-07-02T12:39:21.690Z,probe 7186.45 microbank task165_002_198 pred+0.00256 lowrisk inherited audit144257,submission.zip,7186.45,7186.45,COMPLETE,keithtyser,keithtyser,/goal win silver medal,/submissions/54264940/54264940.raw
54268527,570954,2026-07-02T14:44:23.820Z,probe 7186.45 public refresh161 frank task219 758528 cost18504 pred+0.00086 isolated inherited audit144257,submission.zip,7186.45,7186.45,COMPLETE,keithtyser,keithtyser,/goal win silver medal,/submissions/54268527/54268527.raw
54270056,570532,2026-07-02T15:41:44.917Z,probe 7186.45 public refresh164 ryosuke task021_106 pred local costsave575 distinct inherited audit144257,submission.zip,7187.48,7187.48,COMPLETE,keithtyser,keithtyser,/goal win silver medal,/submissions/54270056/54270056.raw
54271605,570493,2026-07-02T16:41:02.420Z,probe 7187.48 public refresh167 frank task219 5d98 cost18202 pred+0.0173 isolated inherited audit144257,submission.zip,7187.50,7187.50,COMPLETE,keithtyser,keithtyser,/goal win silver medal,/submissions/54271605/54271605.raw
54271733,570364,2026-07-02T16:46:08.070Z,probe 7187.50 public refresh167 luan task277 2e94 cost3745 pred+0.0469 isolated inherited audit144257,submission.zip,7187.54,7187.54,COMPLETE,keithtyser,keithtyser,/goal win silver medal,/submissions/54271733/54271733.raw
54271814,570555,2026-07-02T16:50:38.497Z,probe 7187.54 public refresh167 frank task233 9c7e cost41304 pred+0.00336 isolated inherited audit144257,submission.zip,7187.55,7187.55,COMPLETE,keithtyser,keithtyser,/goal win silver medal,/submissions/54271814/54271814.raw
54273086,572108,2026-07-02T17:47:54.973Z,probe 7187.55 public refresh174 seddik task233 03c461 cost41303 predmicro isolated inherited audit144257,submission.zip,7187.55,7187.55,COMPLETE,keithtyser,keithtyser,/goal win silver medal,/submissions/54273086/54273086.raw
54273972,570534,2026-07-02T18:32:00.383Z,probe 7187.55 public refresh181 frank task361 4edd88 cost4838 predmicro isolated inherited audit144257,submission.zip,7187.55,7187.55,COMPLETE,keithtyser,keithtyser,/goal win silver medal,/submissions/54273972/54273972.raw
54275822,570302,2026-07-02T20:19:30.667Z,probe 7187.55 task002 da6183 cost17140 pred+0.00117 isolated exact lint gen inherited audit144257,submission.zip,7187.55,7187.55,COMPLETE,keithtyser,keithtyser,/goal win silver medal,/submissions/54275822/54275822.raw
54276849,570168,2026-07-02T21:19:56.490Z,probe 7187.55 public refresh189 ryosuke task018 634ef cost33865 pred+0.12168 isolated TopKScatterND inherited audit144257,submission.zip,7187.67,7187.67,COMPLETE,keithtyser,keithtyser,/goal win silver medal,/submissions/54276849/54276849.raw
54278682,570457,2026-07-02T23:05:27.823Z,probe 7187.67 public lucifer task216 concrete1 cost8853 pred+0.00090 isolated symbolic-shape-repair inherited audit144257,submission.zip,7187.67,7187.67,COMPLETE,keithtyser,keithtyser,/goal win silver medal,/submissions/54278682/54278682.raw
54278905,569790,2026-07-02T23:15:00.887Z,probe 7187.67 public refresh192 bob task188 db0584 cost1018 pred+0.15190 isolated inherited audit144257,submission.zip,7187.82,7187.82,COMPLETE,keithtyser,keithtyser,/goal win silver medal,/submissions/54278905/54278905.raw
54279015,569727,2026-07-02T23:21:38.707Z,probe 7187.82 public refresh192 bob task177 9d1850 cost3621 pred+0.05402 isolated inherited audit144257,submission.zip,7187.87,7187.87,COMPLETE,keithtyser,keithtyser,/goal win silver medal,/submissions/54279015/54279015.raw
54279068,570181,2026-07-02T23:24:44.073Z,probe 7187.87 public refresh192 bob task023 65af5e cost11546 pred+0.04901 isolated risky prior-task023-toxic inherited audit144257,submission.zip,7187.92,7187.92,COMPLETE,keithtyser,keithtyser,/goal win silver medal,/submissions/54279068/54279068.raw
54279120,570243,2026-07-02T23:27:46.743Z,probe 7187.92 public refresh192 bob task184 2516c6 cost2403 pred+0.04754 isolated inherited audit144257,submission.zip,7187.97,7187.97,COMPLETE,keithtyser,keithtyser,/goal win silver medal,/submissions/54279120/54279120.raw
54279160,569466,2026-07-02T23:30:52.703Z,probe 7187.97 public refresh192 bob task066 92d93d cost17607 pred+0.04291 isolated prior066toxicdiffhash inherited audit144257,submission.zip,7188.01,7188.01,COMPLETE,keithtyser,keithtyser,/goal win silver medal,/submissions/54279160/54279160.raw
54279227,569448,2026-07-02T23:33:59.757Z,probe 7188.01 public refresh192 frank task219 f486aa cost17902 pred+0.01662 isolated inherited audit144257,submission.zip,7188.03,7188.03,COMPLETE,keithtyser,keithtyser,/goal win silver medal,/submissions/54279227/54279227.raw
54279278,569304,2026-07-02T23:36:57.350Z,probe 7188.03 public refresh192 bob task264 495f6b cost5408 pred+0.00498 isolated inherited audit144257,submission.zip,7188.04,7188.04,COMPLETE,keithtyser,keithtyser,/goal win silver medal,/submissions/54279278/54279278.raw
54279388,569294,2026-07-02T23:44:01.947Z,probe 7188.04 public refresh193 frank task293 018db9 cost1286 pred+0.00155 isolated inherited audit144257,submission.zip,7188.04,7188.04,COMPLETE,keithtyser,keithtyser,/goal win silver medal,/submissions/54279388/54279388.raw
54279735,570795,2026-07-02T23:57:39.197Z,probe 7188.04 public microbundle tasks293_018_165_361_233 pred+0.00337 excludes319toxic inherited audit144257,submission.zip,7188.04,7188.04,COMPLETE,keithtyser,keithtyser,/goal win silver medal,/submissions/54279735/54279735.raw
54281781,569290,2026-07-03T00:59:48.090Z,probe 7188.04 public refresh197 ryosuke task076 626e79 cost19782 pred+0.00071 isolated tiny ScatterElements inherited audit144257,submission.zip,7188.04,7188.04,COMPLETE,keithtyser,keithtyser,/goal win silver medal,/submissions/54281781/54281781.raw
54283238,569593,2026-07-03T02:14:14.250Z,probe 7188.04 public repair task216 d8997 cost8853 pred+0.00090 isolated tiny staticvalueinfo inherited audit144257,submission.zip,7188.04,7188.04,COMPLETE,keithtyser,keithtyser,/goal win silver medal,/submissions/54283238/54283238.raw
54283446,574076,2026-07-03T02:22:46.760Z,probe 7188.04 public tinystack no319 tasks293_018_165_361_233_101_076_216_014_363 pred+0.00787 inherited audit144257,submission.zip,7188.04,7188.04,COMPLETE,keithtyser,keithtyser,/goal win silver medal,/submissions/54283446/54283446.raw
54284175,570814,2026-07-03T02:51:35.553Z,probe 7188.04 public refresh200 bob safe4 tasks219_365_191_355 pred+0.08467 excludes319toxic inherited audit144257,submission.zip,7188.12,7188.12,COMPLETE,keithtyser,keithtyser,/goal win silver medal,/submissions/54284175/54284175.raw
54284274,572368,2026-07-03T02:55:28.463Z,probe 7188.12 public refresh200 bob task319 03fda cost21231 pred+0.03326 risky isolated prior319toxic inherited audit144257,submission.zip,7188.15,7188.15,COMPLETE,keithtyser,keithtyser,/goal win silver medal,/submissions/54284274/54284274.raw
54284699,568699,2026-07-03T03:12:44.640Z,probe 7188.15 public refresh202 hoang task319 d337 cost15607 pred+0.30774 risky isolated prior319toxic inherited audit144257,submission.zip,7173.12,7173.12,COMPLETE,keithtyser,keithtyser,/goal win silver medal,/submissions/54284699/54284699.raw
54284939,572358,2026-07-03T03:24:15.293Z,probe 7188.15 local task397_316 microcombo pred+0.07259 currentbase inherited audit144257,submission.zip,,,ERROR,keithtyser,keithtyser,/goal win silver medal,/submissions/54284939/54284939.raw
54285123,573856,2026-07-03T03:34:07.737Z,probe 7188.15 public refresh204 ryosuke tinystack5 tasks293_165_076_361_233 pred+0.00381 inherited audit144257,submission.zip,7188.16,7188.16,COMPLETE,keithtyser,keithtyser,/goal win silver medal,/submissions/54285123/54285123.raw
54285758,575659,2026-07-03T04:02:04.263Z,probe 7188.16 local microstack tasks216_018_101_014_363 pred+0.00406 inherited audit144257,submission.zip,7188.16,7188.16,COMPLETE,keithtyser,keithtyser,/goal win silver medal,/submissions/54285758/54285758.raw
54285959,573716,2026-07-03T04:12:04.440Z,probe 7188.16 public refresh205 frank task105 6faf cost2943 pred+0.00576 isolated inherited audit144257,submission.zip,7188.16,7188.16,COMPLETE,keithtyser,keithtyser,/goal win silver medal,/submissions/54285959/54285959.raw
54286553,575519,2026-07-03T04:37:49.137Z,probe 7188.16 combo task105 plus local microstack tasks014_018_101_105_216_363 pred+0.00982 inherited audit144257,submission.zip,7188.17,7188.17,COMPLETE,keithtyser,keithtyser,/goal win silver medal,/submissions/54286553/54286553.raw
54288435,575099,2026-07-03T06:14:58.850Z,probe 7188.17 task198 dedupe initializer 319b cost13565 pred+0.00007 risky isolated inherited audit144257,submission.zip,7188.17,7188.17,COMPLETE,keithtyser,keithtyser,/goal win silver medal,/submissions/54288435/54288435.raw
54288892,575474,2026-07-03T06:34:26.423Z,probe 7188.17 public refresh212 frank v119 task233 12bd cost41302 pred+0.000024 inherited audit144257,submission.zip,7188.17,7188.17,COMPLETE,keithtyser,keithtyser,/goal win silver medal,/submissions/54288892/54288892.raw
54292250,575648,2026-07-03T08:43:51.563Z,probe 7188.17 public refresh233 frank tasks014_233_259 costsave4 includes233-repeat-rounding inherited audit144257,submission.zip,7188.17,7188.17,COMPLETE,keithtyser,keithtyser,/goal win silver medal,/submissions/54292250/54292250.raw
54293352,573001,2026-07-03T09:27:03.773Z,probe 7188.17 task018 no_value_info cost32842 save1014 risky LB-only validfalse-unscorable inherited audit144257,submission.zip,7173.60,7173.60,COMPLETE,keithtyser,keithtyser,/goal win silver medal,/submissions/54293352/54293352.raw
54297430,569909,2026-07-03T12:06:13.310Z,probe 7188.17 public refresh now2 kojimar task286_054 plus microtrio pred7189.356 inherited audit144257,submission.zip,7188.23,7188.23,COMPLETE,keithtyser,keithtyser,/goal win silver medal,/submissions/54297430/54297430.raw
54298006,569876,2026-07-03T12:30:58.893Z,probe 7188.23 mech task286_233 costsave7 pred7188.233 inherited audit144257,submission.zip,7188.23,7188.23,COMPLETE,keithtyser,keithtyser,/goal win silver medal,/submissions/54298006/54298006.raw
54298275,575175,2026-07-03T12:42:36.567Z,probe 7188.23 public poby7186 tasks018_255_233_173 pred7188.258 inherited audit144257,submission.zip,7188.26,7188.26,COMPLETE,keithtyser,keithtyser,/goal win silver medal,/submissions/54298275/54298275.raw
54298824,568526,2026-07-03T13:07:41.210Z,probe 7188.26 public poby7187.29 bundle 23pos pred7188.585 inherited audit144257 includes319,submission.zip,7188.58,7188.58,COMPLETE,keithtyser,keithtyser,/goal win silver medal,/submissions/54298824/54298824.raw
54300196,573577,2026-07-03T13:59:23.010Z,risky LB-only probe 7188.58 task158 keep12 branch prune cost31485 save3822 local-invalid exact212of266 isolated no-promote-unless-win,submission.zip,7174.05,7174.05,COMPLETE,keithtyser,keithtyser,/goal win silver medal,/submissions/54300196/54300196.raw
54413638,491697,2026-07-07T03:04:47.253Z,public refresh 20260706 franksunp/uradkr/coletti 186 tasks pred7242.49 base7188.58 audited gen-sweep inherited audit144257,submission.zip,7242.49,7242.49,COMPLETE,keithtyser,keithtyser,/goal win silver medal,/submissions/54413638/54413638.raw
54415049,491940,2026-07-07T04:11:10.117Z,wave1 CC22 task285 18158 + round2 micros 28 tasks pred7242.71 base7242.49,submission.zip,7242.71,7242.71,COMPLETE,keithtyser,keithtyser,/goal win silver medal,/submissions/54415049/54415049.raw
54416694,491265,2026-07-07T05:16:15.663Z,wave2 CC23-28 5 wins task367_12236 task064_9820 task173_10660 task349_12778 task101_11797 pred7243.82 base7242.71,submission.zip,7243.82,7243.82,COMPLETE,keithtyser,keithtyser,/goal win silver medal,/submissions/54416694/54416694.raw
54430339,480614,2026-07-07T13:39:00.117Z,wave3 CC29-34 5 wall wins 286_24074 018_21423 366_31620 158_24213 076_11886 pred7244.43 base7243.82,submission.zip,7214.89,7214.89,COMPLETE,keithtyser,keithtyser,/goal win silver medal,/submissions/54430339/54430339.raw
54430510,478669,2026-07-07T13:44:32.987Z,wave3fix keep 286_24074 018_21423 076_11886 revert 366+158 hidden-zero pred7244.18 base7243.82,submission.zip,7229.27,7229.27,COMPLETE,keithtyser,keithtyser,/goal win silver medal,/submissions/54430510/54430510.raw
54430645,487097,2026-07-07T13:48:49.060Z,wave3fix2 keep 018_21423 076_11886 revert 286 hidden-zero pred7244.06 base7243.82,submission.zip,7244.06,7244.06,COMPLETE,keithtyser,keithtyser,/goal win silver medal,/submissions/54430645/54430645.raw
54431882,475686,2026-07-07T14:27:01.737Z,wave4 5 gradeA wins 066 118 198 191 110 + 68 cross-harvest pred7245.61 base7244.06,submission.zip,7245.60,7245.60,COMPLETE,keithtyser,keithtyser,/goal win silver medal,/submissions/54431882/54431882.raw
54432884,475110,2026-07-07T15:00:56.643Z,wave5 5 gradeA wins 080_6727 219_6932 025_9061 054_23243 366_31427 pred7246.55 base7245.60,submission.zip,7246.54,7246.54,COMPLETE,keithtyser,keithtyser,/goal win silver medal,/submissions/54432884/54432884.raw
54433802,474458,2026-07-07T15:34:56.750Z,wave6 4 gradeA wins 379_7774 255_7794 324_8697 338_8786 pred7246.87 base7246.54,submission.zip,7246.87,7246.87,COMPLETE,keithtyser,keithtyser,/goal win silver medal,/submissions/54433802/54433802.raw
54433955,474444,2026-07-07T15:41:48.520Z,ISOLATED PROBE task255 QLinearMatMul 6563 pred7247.04 base7246.87 risky-family-test no-promote-unless-match,submission.zip,7247.04,7247.04,COMPLETE,keithtyser,keithtyser,/goal win silver medal,/submissions/54433955/54433955.raw
54435114,472678,2026-07-07T16:33:21.587Z,wave7 5 gradeA wins 023_6688 157_6296 096_7075 209_7342 202_7711 pred7247.50 base7247.04,submission.zip,7247.50,7247.50,COMPLETE,keithtyser,keithtyser,/goal win silver medal,/submissions/54435114/54435114.raw
54435222,481016,2026-07-07T16:38:51.203Z,ISOLATED PROBE task286 serpentine rebuild 26146 GradeB generator-family pred7247.53 base7247.50 no-promote-unless-match,submission.zip,7247.53,7247.53,COMPLETE,keithtyser,keithtyser,/goal win silver medal,/submissions/54435222/54435222.raw
54438130,479784,2026-07-07T19:05:20.090Z,evening cross-harvest 35 tasks qurore/prvsiyan/franksunp pred7249.64 base7247.53,submission.zip,7249.64,7249.64,COMPLETE,keithtyser,keithtyser,/goal win silver medal,/submissions/54438130/54438130.raw
54440422,479808,2026-07-07T20:30:16.010Z,tick20 CC65 task192_5602 + 2 micros pred7249.84 base7249.64,submission.zip,7249.84,7249.84,COMPLETE,keithtyser,keithtyser,/goal win silver medal,/submissions/54440422/54440422.raw
54444172,479787,2026-07-08T00:21:31.793Z,wave9 task005_6493 gradeA pred7249.85 base7249.84,submission.zip,7249.85,7249.85,COMPLETE,keithtyser,keithtyser,/goal win silver medal,/submissions/54444172/54444172.raw
54444726,479646,2026-07-08T00:44:39.803Z,reattack 2 gradeA task158_28032 task366_31361 pred7249.86 base7249.85,submission.zip,7249.87,7249.87,COMPLETE,keithtyser,keithtyser,/goal win silver medal,/submissions/54444726/54444726.raw
54444857,479732,2026-07-08T00:50:29.577Z,ISOLATED PROBE task286 tail-golf 25349 GradeB generator-family pred7249.90 base7249.87,submission.zip,7249.90,7249.90,COMPLETE,keithtyser,keithtyser,/goal win silver medal,/submissions/54444857/54444857.raw
54446092,493143,2026-07-08T01:49:59.237Z,harvest-a 58 per-task micros from 7246 bundles pred7250.06 base7249.90,submission.zip,7250.06,7250.06,COMPLETE,keithtyser,keithtyser,/goal win silver medal,/submissions/54446092/54446092.raw
54447406,493247,2026-07-08T02:54:49.833Z,from-scratch task158_24170 task364_20801 pred7250.21 base7250.06,submission.zip,7250.21,7250.21,COMPLETE,keithtyser,keithtyser,/goal win silver medal,/submissions/54447406/54447406.raw
54447661,490674,2026-07-08T03:05:49.953Z,harvest-b 26 per-task wins from qurore/kaggloop 7249.19 (task011+1.52) pred7253.57 base7250.21,submission.zip,7253.57,7253.57,COMPLETE,keithtyser,keithtyser,/goal win silver medal,/submissions/54447661/54447661.raw
54448433,490231,2026-07-08T03:43:58.793Z,ISOLATED PROBE task171 border-8 759->435 GradeB pred7254.13 base7253.57,submission.zip,7254.13,7254.13,COMPLETE,keithtyser,keithtyser,/goal win silver medal,/submissions/54448433/54448433.raw
54448511,490151,2026-07-08T03:48:14.737Z,ISOLATED PROBE task078 gravity 1293->1083 GradeC pred7254.31 base7254.13,submission.zip,7254.31,7254.31,COMPLETE,keithtyser,keithtyser,/goal win silver medal,/submissions/54448511/54448511.raw
54449140,490142,2026-07-08T04:14:41.840Z,closed-form wave: task031 637->596 GradeA + task280 6018->6008 pred7254.39 base7254.31,submission.zip,7254.36,7254.36,COMPLETE,keithtyser,keithtyser,/goal win silver medal,/submissions/54449140/54449140.raw
54449459,490018,2026-07-08T04:29:25.780Z,harvest-c 9 per-task wins (task001+0.44) from uradkr7250/jackelysia/franksunp pred7254.82 base7254.36,submission.zip,7254.82,7254.82,COMPLETE,keithtyser,keithtyser,/goal win silver medal,/submissions/54449459/54449459.raw
54449983,489325,2026-07-08T04:53:55.157Z,seddik surgery passes: 11 Grade-A micro-cuts (index/broadcast) pred7254.86 base7254.82,submission.zip,7254.86,7254.86,COMPLETE,keithtyser,keithtyser,/goal win silver medal,/submissions/54449983/54449983.raw
54450984,489129,2026-07-08T05:38:09.867Z,volume wave: task351 1229->1043 GradeA + task346 1254->1071 GradeB pred7255.18 base7254.86,submission.zip,7255.18,7255.18,COMPLETE,keithtyser,keithtyser,/goal win silver medal,/submissions/54450984/54450984.raw
54452366,489463,2026-07-08T06:32:42.633Z,"LOCAL-RULE lever: task192 5602->910 GradeA singleConv +1.82, task118+task222 pred7257.03 base7255.18",submission.zip,7238.85,7238.85,COMPLETE,keithtyser,keithtyser,/goal win silver medal,/submissions/54452366/54452366.raw
54452579,489034,2026-07-08T06:39:54.913Z,corrected: task118+task222 only (task192 fitted-Conv failed hidden) pred7255.22 base7255.18,submission.zip,7255.22,7255.22,COMPLETE,keithtyser,keithtyser,/goal win silver medal,/submissions/54452579/54452579.raw
54454044,488920,2026-07-08T07:34:58.860Z,mid-band task398 2834->2634 GradeA structural-surgery pred7255.29 base7255.22,submission.zip,7255.29,7255.29,COMPLETE,keithtyser,keithtyser,/goal win silver medal,/submissions/54454044/54454044.raw
54454636,488754,2026-07-08T07:59:54.463Z,ref-rule task161 2131->1712 count-threshold pred7255.51 base7255.29,submission.zip,7255.51,7255.51,COMPLETE,keithtyser,keithtyser,/goal win silver medal,/submissions/54454636/54454636.raw
54455389,488730,2026-07-08T08:26:42.687Z,cross-harvest 6 tasks (task148 5956->4887 dedup +5 micro) pred7255.71 base7255.51,submission.zip,7255.71,7255.71,COMPLETE,keithtyser,keithtyser,/goal win silver medal,/submissions/54455389/54455389.raw
54455970,485637,2026-07-08T08:47:16.990Z,cross-harvest2 11 micro tasks pred7255.73 base7255.71,submission.zip,7255.73,7255.73,COMPLETE,keithtyser,keithtyser,/goal win silver medal,/submissions/54455970/54455970.raw
54457092,485746,2026-07-08T09:30:34.530Z,champion-surgery task205 fp16 4891->3359 +task383+task267 pred7256.12 base7255.73,submission.zip,7256.12,7256.12,COMPLETE,keithtyser,keithtyser,/goal win silver medal,/submissions/54457092/54457092.raw
54457449,486303,2026-07-08T09:42:43.240Z,champion-surgery2 task002+task216+task138 pred7256.16 base7256.12,submission.zip,7256.16,7256.16,COMPLETE,keithtyser,keithtyser,/goal win silver medal,/submissions/54457449/54457449.raw
54458265,486389,2026-07-08T10:12:55.370Z,mid-fat surgery micro task396+task361+task202 pred7256.17 base7256.16,submission.zip,7256.17,7256.17,COMPLETE,keithtyser,keithtyser,/goal win silver medal,/submissions/54458265/54458265.raw
54459613,487210,2026-07-08T11:06:07.107Z,fp32-screen surgery task377+task234+task208 pred7256.49 base7256.17,submission.zip,7256.48,7256.48,COMPLETE,keithtyser,keithtyser,/goal win silver medal,/submissions/54459613/54459613.raw
54460278,487407,2026-07-08T11:34:51.223Z,surgery micro task310+task378 pred7256.50 base7256.48,submission.zip,7256.51,7256.51,COMPLETE,keithtyser,keithtyser,/goal win silver medal,/submissions/54460278/54460278.raw
54460623,487570,2026-07-08T11:49:06.590Z,harvest3 updated-frontier task281/243/189/020 pred7256.52 base7256.51,submission.zip,7256.51,7256.51,COMPLETE,keithtyser,keithtyser,/goal win silver medal,/submissions/54460623/54460623.raw
54462009,488162,2026-07-08T12:45:01.627Z,harvest4 uradkr-7250.28 7tasks pred7256.54 base7256.51,submission.zip,7256.54,7256.54,COMPLETE,keithtyser,keithtyser,/goal win silver medal,/submissions/54462009/54462009.raw
54464725,487956,2026-07-08T14:29:37.753Z,harvest5 uradkr-7250.30 task030/243/133 pred7256.56 base7256.54,submission.zip,7256.57,7256.57,COMPLETE,keithtyser,keithtyser,/goal win silver medal,/submissions/54464725/54464725.raw
54467561,477719,2026-07-08T16:15:46.797Z,harvest6 uradkr-7262.89 91tasks pred7267.99 base7256.57,submission.zip,7267.99,7267.99,COMPLETE,keithtyser,keithtyser,/goal win silver medal,/submissions/54467561/54467561.raw
54468215,478788,2026-07-08T16:45:36.890Z,surgery7 task255+task209 pred7268.01 base7267.99,submission.zip,7268.01,7268.01,COMPLETE,keithtyser,keithtyser,/goal win silver medal,/submissions/54468215/54468215.raw
54470305,477951,2026-07-08T18:21:48.577Z,bundle9 ryosuke7265.65(12)+surgery(2) pred7270.76 base7268.01,submission.zip,7270.76,7270.76,COMPLETE,keithtyser,keithtyser,/goal win silver medal,/submissions/54470305/54470305.raw
54470692,476347,2026-07-08T18:39:22.667Z,bundle10 ryosuke7266.48(4)+kutenk(2) pred7271.59 base7270.76,submission.zip,7271.59,7271.59,COMPLETE,keithtyser,keithtyser,/goal win silver medal,/submissions/54470692/54470692.raw
54471786,475494,2026-07-08T19:35:58.887Z,bundle11 merged76 task243 pred7271.61 base7271.59,submission.zip,7271.61,7271.61,COMPLETE,keithtyser,keithtyser,/goal win silver medal,/submissions/54471786/54471786.raw
54472274,475055,2026-07-08T20:03:03.857Z,surgery12 task174+task131 pred7271.64 base7271.61,submission.zip,7271.64,7271.64,COMPLETE,keithtyser,keithtyser,/goal win silver medal,/submissions/54472274/54472274.raw
54472567,475158,2026-07-08T20:21:25.093Z,surgery13 task080 negpad pred7271.68 base7271.64,submission.zip,7271.69,7271.69,COMPLETE,keithtyser,keithtyser,/goal win silver medal,/submissions/54472567/54472567.raw
54472774,475314,2026-07-08T20:36:16.670Z,surgery14 task256+task019 pred7271.71 base7271.69,submission.zip,7271.70,7271.70,COMPLETE,keithtyser,keithtyser,/goal win silver medal,/submissions/54472774/54472774.raw
54483395,479772,2026-07-09T05:28:56.133Z,bundle15 merged91 15tasks pred7271.91 base7271.70,submission.zip,7271.91,7271.91,COMPLETE,keithtyser,keithtyser,/goal win silver medal,/submissions/54483395/54483395.raw
54483816,479875,2026-07-09T05:47:49.223Z,surgery15 task184+task117 pred7271.94 base7271.91,submission.zip,7272.01,7272.01,COMPLETE,keithtyser,keithtyser,/goal win silver medal,/submissions/54483816/54483816.raw
54484268,480104,2026-07-09T06:04:24.240Z,surgery16 task260+task134 pred7272.08 base7272.01,submission.zip,7272.07,7272.07,COMPLETE,keithtyser,keithtyser,/goal win silver medal,/submissions/54484268/54484268.raw
54485063,479975,2026-07-09T06:41:31.227Z,surgery17 task036+task008+task378 pred7272.11 base7272.07,submission.zip,7272.12,7272.12,COMPLETE,keithtyser,keithtyser,/goal win silver medal,/submissions/54485063/54485063.raw
54485403,480072,2026-07-09T06:56:48.893Z,surgery18 task348+task238 pred7272.14 base7272.12,submission.zip,7272.14,7272.14,COMPLETE,keithtyser,keithtyser,/goal win silver medal,/submissions/54485403/54485403.raw
54485837,480036,2026-07-09T07:13:37.543Z,surgery19 task377+task310 pred7272.19 base7272.14,submission.zip,7272.19,7272.19,COMPLETE,keithtyser,keithtyser,/goal win silver medal,/submissions/54485837/54485837.raw
54486191,480076,2026-07-09T07:28:34.743Z,surgery20 task396 pred7272.20 base7272.19,submission.zip,7272.20,7272.20,COMPLETE,keithtyser,keithtyser,/goal win silver medal,/submissions/54486191/54486191.raw
54486676,480064,2026-07-09T07:49:11.453Z,surgery21 task370+task112 pred7272.22 base7272.20,submission.zip,7272.21,7272.21,COMPLETE,keithtyser,keithtyser,/goal win silver medal,/submissions/54486676/54486676.raw
54490990,479086,2026-07-09T10:43:04.613Z,nikita harvest 6 tasks pred7272.37 base7272.21,submission.zip,7272.36,7272.36,COMPLETE,keithtyser,keithtyser,/goal win silver medal,/submissions/54490990/54490990.raw
54492972,478756,2026-07-09T11:55:29.783Z,regolf13 task177+task237+task333 pred7272.39 base7272.36,submission.zip,7272.39,7272.39,COMPLETE,keithtyser,keithtyser,/goal win silver medal,/submissions/54492972/54492972.raw
54493571,478504,2026-07-09T12:18:34.327Z,regolf14 task388+task398 pred7272.43 base7272.39,submission.zip,7272.45,7272.45,COMPLETE,keithtyser,keithtyser,/goal win silver medal,/submissions/54493571/54493571.raw
54494066,478272,2026-07-09T12:38:30.623Z,regolf15 task246(-475B)+task381 pred7272.69 base7272.45,submission.zip,7272.72,7272.72,COMPLETE,keithtyser,keithtyser,/goal win silver medal,/submissions/54494066/54494066.raw
54497569,478159,2026-07-09T14:43:08.347Z,regolf16: task303/215/362 mid-low-band re-golf +0.21 -> ~7272.93,submission.zip,7272.92,7272.92,COMPLETE,keithtyser,keithtyser,/goal win silver medal,/submissions/54497569/54497569.raw
54498487,477769,2026-07-09T15:11:29.193Z,regolf17: task254/269/221 separable re-golf +0.10 -> ~7273.02,submission.zip,7273.02,7273.02,COMPLETE,keithtyser,keithtyser,/goal win silver medal,/submissions/54498487/54498487.raw
54499364,477647,2026-07-09T15:38:57.190Z,regolf18: task305 diagonal uint32 bitpack +0.22 -> ~7273.24,submission.zip,7273.24,7273.24,COMPLETE,keithtyser,keithtyser,/goal win silver medal,/submissions/54499364/54499364.raw
54499997,477857,2026-07-09T15:59:40.767Z,regolf19: task289/197/060 separable re-golf +0.49 -> ~7273.73,submission.zip,7273.73,7273.73,COMPLETE,keithtyser,keithtyser,/goal win silver medal,/submissions/54499997/54499997.raw
54500769,477800,2026-07-09T16:28:46.537Z,regolf20: task043/239/384 separable re-golf +0.09 -> ~7273.82,submission.zip,,,ERROR,keithtyser,keithtyser,/goal win silver medal,/submissions/54500769/54500769.raw
54500868,477800,2026-07-09T16:32:28.817Z,regolf20 resubmit: task043/239/384 +0.09 -> ~7273.82,submission.zip,,,ERROR,keithtyser,keithtyser,/goal win silver medal,/submissions/54500868/54500868.raw
54500974,477759,2026-07-09T16:36:41.440Z,regolf20b bisect: task043+task239 only (dropped 384),submission.zip,,,ERROR,keithtyser,keithtyser,/goal win silver medal,/submissions/54500974/54500974.raw
54501096,477854,2026-07-09T16:41:25.173Z,bisect t239 only,submission.zip,,,ERROR,keithtyser,keithtyser,/goal win silver medal,/submissions/54501096/54501096.raw
54501181,477762,2026-07-09T16:45:05.283Z,bisect t043 only,submission.zip,7273.80,7273.80,COMPLETE,keithtyser,keithtyser,/goal win silver medal,/submissions/54501181/54501181.raw
54501340,477742,2026-07-09T16:52:05.063Z,regolf21: task356/020/010/384 (parity-gated) +0.10 -> ~7273.90,submission.zip,7273.90,7273.90,COMPLETE,keithtyser,keithtyser,/goal win silver medal,/submissions/54501340/54501340.raw
54502600,477836,2026-07-09T17:45:00.580Z,regolf22: task267(-458!)/300/057 parity-gated +1.07 -> ~7274.97,submission.zip,7274.97,7274.97,COMPLETE,keithtyser,keithtyser,/goal win silver medal,/submissions/54502600/54502600.raw
54503319,477756,2026-07-09T18:19:19.360Z,regolf23: task332/078 parity-gated +0.13 -> ~7275.10,submission.zip,7275.10,7275.10,COMPLETE,keithtyser,keithtyser,/goal win silver medal,/submissions/54503319/54503319.raw
54504026,477543,2026-07-09T18:52:35.363Z,regolf24: task136/320/065 claude+codex parity-gated +0.14 -> ~7275.24,submission.zip,7275.24,7275.24,COMPLETE,keithtyser,keithtyser,/goal win silver medal,/submissions/54504026/54504026.raw
54504595,477575,2026-07-09T19:22:31.173Z,regolf25: task228/200/342 dual-pool parity-gated +0.05 -> ~7275.29,submission.zip,7275.29,7275.29,COMPLETE,keithtyser,keithtyser,/goal win silver medal,/submissions/54504595/54504595.raw
54505521,477598,2026-07-09T20:12:43.613Z,regolf26: 5-task dual-pool wave3 +0.26 -> ~7275.55,submission.zip,7275.55,7275.55,COMPLETE,keithtyser,keithtyser,/goal win silver medal,/submissions/54505521/54505521.raw
54506041,477337,2026-07-09T20:45:34.363Z,regolf27: 5-task dual-pool wave4 +0.12 -> ~7275.67,submission.zip,7275.67,7275.67,COMPLETE,keithtyser,keithtyser,/goal win silver medal,/submissions/54506041/54506041.raw
54507140,477293,2026-07-09T21:54:19.787Z,regolf28: 5-task dual-pool wave5 +0.09 -> ~7275.76,submission.zip,7275.76,7275.76,COMPLETE,keithtyser,keithtyser,/goal win silver medal,/submissions/54507140/54507140.raw
54507497,477231,2026-07-09T22:18:41.363Z,regolf29: 4-task wave6 +0.11 -> ~7275.87,submission.zip,7275.88,7275.88,COMPLETE,keithtyser,keithtyser,/goal win silver medal,/submissions/54507497/54507497.raw
54507893,477224,2026-07-09T22:40:46.173Z,regolf30: 3-task codex wave7 +0.05 -> ~7275.93,submission.zip,7275.93,7275.93,COMPLETE,keithtyser,keithtyser,/goal win silver medal,/submissions/54507893/54507893.raw
54508241,477257,2026-07-09T23:00:44.850Z,regolf31: 5-task wave8 +0.06 -> ~7275.99,submission.zip,7275.99,7275.99,COMPLETE,keithtyser,keithtyser,/goal win silver medal,/submissions/54508241/54508241.raw
54509126,478117,2026-07-09T23:40:37.153Z,regolf32: 5-task incl bridge sol-pro wins +0.63 -> ~7276.62,submission.zip,7276.62,7276.62,COMPLETE,keithtyser,keithtyser,/goal win silver medal,/submissions/54509126/54509126.raw
54509233,477807,2026-07-09T23:46:34.873Z,regolf33: task396/093 +0.07 -> ~7276.69,submission.zip,7276.65,7276.65,COMPLETE,keithtyser,keithtyser,/goal win silver medal,/submissions/54509233/54509233.raw
54509429,477785,2026-07-09T23:59:35.790Z,regolf34: task131/132/044/201 +0.04 -> ~7276.69,submission.zip,7276.67,7276.67,COMPLETE,keithtyser,keithtyser,/goal win silver medal,/submissions/54509429/54509429.raw
54510350,477824,2026-07-10T00:28:12.127Z,regolf35: task368/365/079/378 +0.15 -> ~7276.82,submission.zip,7276.85,7276.85,COMPLETE,keithtyser,keithtyser,/goal win silver medal,/submissions/54510350/54510350.raw
54510467,477993,2026-07-10T00:33:39.027Z,regolf36: sol-pro round2 task213/088/035 +1.1 -> ~7277.9,submission.zip,7277.94,7277.94,COMPLETE,keithtyser,keithtyser,/goal win silver medal,/submissions/54510467/54510467.raw
54510577,477986,2026-07-10T00:38:54.720Z,regolf37: task174/107/086 +0.02 -> ~7277.96,submission.zip,7277.96,7277.96,COMPLETE,keithtyser,keithtyser,/goal win silver medal,/submissions/54510577/54510577.raw
54511225,478058,2026-07-10T01:02:59.483Z,regolf38: task277 fromscratch +0.03 -> ~7278.00,submission.zip,7277.99,7277.99,COMPLETE,keithtyser,keithtyser,/goal win silver medal,/submissions/54511225/54511225.raw
54513268,478634,2026-07-10T02:38:13.453Z,regolf39: solpro task102/062 +0.15 -> ~7278.14,submission.zip,7278.13,7278.13,COMPLETE,keithtyser,keithtyser,/goal win silver medal,/submissions/54513268/54513268.raw
54513383,479017,2026-07-10T02:44:02.920Z,regolf40: solpro task034/019/184 +0.5 -> ~7278.6,submission.zip,7278.88,7278.88,COMPLETE,keithtyser,keithtyser,/goal win silver medal,/submissions/54513383/54513383.raw
54513721,479859,2026-07-10T02:58:25.187Z,regolf41: solpro task124 -592 -> ~7279.24,submission.zip,7279.24,7279.24,COMPLETE,keithtyser,keithtyser,/goal win silver medal,/submissions/54513721/54513721.raw
54513989,480064,2026-07-10T03:11:18.603Z,regolf42: solpro task148 -909 -> ~7279.45,submission.zip,7279.44,7279.44,COMPLETE,keithtyser,keithtyser,/goal win silver medal,/submissions/54513989/54513989.raw
54514506,480846,2026-07-10T03:34:24.347Z,regolf43: solpro task190 -51 -> ~7279.47,submission.zip,7279.47,7279.47,COMPLETE,keithtyser,keithtyser,/goal win silver medal,/submissions/54514506/54514506.raw
54514892,481022,2026-07-10T03:53:53.420Z,regolf44: solpro task196 -63 -> ~7279.49,submission.zip,7279.48,7279.48,COMPLETE,keithtyser,keithtyser,/goal win silver medal,/submissions/54514892/54514892.raw
54515803,480302,2026-07-10T04:40:26.300Z,regolf45 probe: task002/251 (parity-risky combos) -> ~7279.54,submission.zip,7279.54,7279.54,COMPLETE,keithtyser,keithtyser,/goal win silver medal,/submissions/54515803/54515803.raw
54515894,480891,2026-07-10T04:45:16.277Z,regolf46: solpro task361 -620 -> ~7279.70,submission.zip,7279.68,7279.68,COMPLETE,keithtyser,keithtyser,/goal win silver medal,/submissions/54515894/54515894.raw
54519544,474397,2026-07-10T07:23:02.160Z,regolf47: harvest hanif/nikita 6 tasks +0.25 -> ~7279.93,submission.zip,7279.93,7279.93,COMPLETE,keithtyser,keithtyser,/goal win silver medal,/submissions/54519544/54519544.raw
54532367,474417,2026-07-10T15:33:07.327Z,auto: task217 +0.68 -> ~7280.61,submission.zip,7280.62,7280.62,COMPLETE,keithtyser,keithtyser,/goal win silver medal,/submissions/54532367/54532367.raw
54532369,474417,2026-07-10T15:33:10.867Z,auto: task217 +0.68 -> ~7280.61,submission.zip,7280.62,7280.62,COMPLETE,keithtyser,keithtyser,/goal win silver medal,/submissions/54532369/54532369.raw
54532744,474600,2026-07-10T15:47:44.237Z,auto: task301 +0.55 -> ~7281.17,submission.zip,7281.17,7281.17,COMPLETE,keithtyser,keithtyser,/goal win silver medal,/submissions/54532744/54532744.raw
54533283,473759,2026-07-10T16:05:29.587Z,auto: task392 +0.00 -> ~7281.17,submission.zip,7281.17,7281.17,COMPLETE,keithtyser,keithtyser,/goal win silver medal,/submissions/54533283/54533283.raw
54534031,473779,2026-07-10T16:35:26.163Z,auto: task188 +0.82 -> ~7281.99,submission.zip,7281.99,7281.99,COMPLETE,keithtyser,keithtyser,/goal win silver medal,/submissions/54534031/54534031.raw
54536816,473335,2026-07-10T18:35:40.333Z,auto: task244 +0.11 -> ~7282.10,submission.zip,7282.10,7282.10,COMPLETE,keithtyser,keithtyser,/goal win silver medal,/submissions/54536816/54536816.raw
54537111,474020,2026-07-10T18:50:42.883Z,auto: task084 +0.04 -> ~7282.14,submission.zip,7282.15,7282.15,COMPLETE,keithtyser,keithtyser,/goal win silver medal,/submissions/54537111/54537111.raw
54537496,474261,2026-07-10T19:11:40.380Z,auto: task194 +0.15 -> ~7282.30,submission.zip,7282.30,7282.30,COMPLETE,keithtyser,keithtyser,/goal win silver medal,/submissions/54537496/54537496.raw
54538429,474399,2026-07-10T20:12:14.583Z,auto: task106 +0.05 -> ~7282.35,submission.zip,7282.35,7282.35,COMPLETE,keithtyser,keithtyser,/goal win silver medal,/submissions/54538429/54538429.raw
54539481,474122,2026-07-10T21:15:33.583Z,auto: task263 +0.01 -> ~7282.36,submission.zip,7282.36,7282.36,COMPLETE,keithtyser,keithtyser,/goal win silver medal,/submissions/54539481/54539481.raw
54539765,474131,2026-07-10T21:34:32.487Z,auto: task304 +0.16 -> ~7282.52,submission.zip,7282.52,7282.52,COMPLETE,keithtyser,keithtyser,/goal win silver medal,/submissions/54539765/54539765.raw
54540219,474068,2026-07-10T22:06:14.960Z,auto: task033 +0.14 -> ~7282.66,submission.zip,7282.66,7282.66,COMPLETE,keithtyser,keithtyser,/goal win silver medal,/submissions/54540219/54540219.raw
54540337,474240,2026-07-10T22:14:41.553Z,auto: task222 +0.01 -> ~7282.67,submission.zip,7282.66,7282.66,COMPLETE,keithtyser,keithtyser,/goal win silver medal,/submissions/54540337/54540337.raw
54540595,473971,2026-07-10T22:31:28.583Z,auto: task041 +0.58 -> ~7283.24,submission.zip,7283.24,7283.24,COMPLETE,keithtyser,keithtyser,/goal win silver medal,/submissions/54540595/54540595.raw
54540946,473674,2026-07-10T22:51:38.817Z,auto: task045 +0.06 -> ~7283.30,submission.zip,7283.31,7283.31,COMPLETE,keithtyser,keithtyser,/goal win silver medal,/submissions/54540946/54540946.raw
54553610,473798,2026-07-10T23:24:19.380Z,auto: task354 +0.17 -> ~7283.48,submission.zip,7283.48,7283.48,COMPLETE,keithtyser,keithtyser,/goal win silver medal,/submissions/54553610/54553610.raw
54554199,473913,2026-07-11T00:00:30.420Z,auto: task139 +0.78 -> ~7284.26,submission.zip,7284.26,7284.26,COMPLETE,keithtyser,keithtyser,/goal win silver medal,/submissions/54554199/54554199.raw
54554680,474270,2026-07-11T00:14:43.167Z,auto: task214 +0.06 -> ~7284.32,submission.zip,7284.32,7284.32,COMPLETE,keithtyser,keithtyser,/goal win silver medal,/submissions/54554680/54554680.raw
54555028,474136,2026-07-11T00:29:52.567Z,auto: task346 +0.08 -> ~7284.40,submission.zip,7284.39,7284.39,COMPLETE,keithtyser,keithtyser,/goal win silver medal,/submissions/54555028/54555028.raw
54556102,474096,2026-07-11T01:19:25.680Z,auto: task199 +0.16 -> ~7284.55,submission.zip,7284.55,7284.55,COMPLETE,keithtyser,keithtyser,/goal win silver medal,/submissions/54556102/54556102.raw
54556959,474677,2026-07-11T02:02:43.707Z,auto: task118 +0.04 -> ~7284.59,submission.zip,7284.59,7284.59,COMPLETE,keithtyser,keithtyser,/goal win silver medal,/submissions/54556959/54556959.raw
54557339,475334,2026-07-11T02:23:20.633Z,auto: task070 +0.21 -> ~7284.80,submission.zip,7284.80,7284.80,COMPLETE,keithtyser,keithtyser,/goal win silver medal,/submissions/54557339/54557339.raw
54559449,476726,2026-07-11T04:16:11.087Z,auto: task110/task017 +0.18 -> ~7284.98,submission.zip,7269.11,7269.11,COMPLETE,keithtyser,keithtyser,/goal win silver medal,/submissions/54559449/54559449.raw
54559575,474521,2026-07-11T04:22:41.197Z,recover: revert task110 + task017/029/271 wins -> ~7285.1,submission.zip,7285.13,7285.13,COMPLETE,keithtyser,keithtyser,/goal win silver medal,/submissions/54559575/54559575.raw
54559681,474634,2026-07-11T04:27:26.600Z,auto: task008/task036 +0.19 -> ~7285.32,submission.zip,7285.32,7285.32,COMPLETE,keithtyser,keithtyser,/goal win silver medal,/submissions/54559681/54559681.raw
54559801,475456,2026-07-11T04:34:13.797Z,auto: task091 +0.19 -> ~7285.51,submission.zip,7285.50,7285.50,COMPLETE,keithtyser,keithtyser,/goal win silver medal,/submissions/54559801/54559801.raw
54559943,475455,2026-07-11T04:41:30.430Z,auto: task115 +0.04 -> ~7285.54,submission.zip,7285.54,7285.54,COMPLETE,keithtyser,keithtyser,/goal win silver medal,/submissions/54559943/54559943.raw
54560314,476186,2026-07-11T04:58:17.570Z,auto: task359/task061 +0.15 -> ~7285.69,submission.zip,7285.69,7285.69,COMPLETE,keithtyser,keithtyser,/goal win silver medal,/submissions/54560314/54560314.raw
54560897,476200,2026-07-11T05:21:16.363Z,auto: task147 +0.08 -> ~7285.77,submission.zip,7285.78,7285.78,COMPLETE,keithtyser,keithtyser,/goal win silver medal,/submissions/54560897/54560897.raw
54561155,471867,2026-07-11T05:30:19.407Z,auto: task286 +0.15 -> ~7285.93,submission.zip,7285.92,7285.92,COMPLETE,keithtyser,keithtyser,/goal win silver medal,/submissions/54561155/54561155.raw
54561269,472095,2026-07-11T05:36:00.757Z,auto: task285 +0.05 -> ~7285.97,submission.zip,7285.97,7285.97,COMPLETE,keithtyser,keithtyser,/goal win silver medal,/submissions/54561269/54561269.raw
54561447,468974,2026-07-11T05:43:13.377Z,auto: task183/task018 +0.20 -> ~7286.17,submission.zip,7286.17,7286.17,COMPLETE,keithtyser,keithtyser,/goal win silver medal,/submissions/54561447/54561447.raw
54561857,467823,2026-07-11T06:01:15.653Z,auto: task112/task054 +0.98 -> ~7287.15,submission.zip,7287.15,7287.15,COMPLETE,keithtyser,keithtyser,/goal win silver medal,/submissions/54561857/54561857.raw
54562300,467587,2026-07-11T06:22:11.657Z,auto: task259 +0.24 -> ~7287.39,submission.zip,7287.39,7287.39,COMPLETE,keithtyser,keithtyser,/goal win silver medal,/submissions/54562300/54562300.raw
54562480,466850,2026-07-11T06:32:00.277Z,auto: task233 +0.05 -> ~7287.44,submission.zip,7287.44,7287.44,COMPLETE,keithtyser,keithtyser,/goal win silver medal,/submissions/54562480/54562480.raw
54562730,465202,2026-07-11T06:41:00.100Z,auto: task366 +0.11 -> ~7287.55,submission.zip,7287.55,7287.55,COMPLETE,keithtyser,keithtyser,/goal win silver medal,/submissions/54562730/54562730.raw
54563156,465302,2026-07-11T06:57:59.010Z,auto: task367 +0.06 -> ~7287.61,submission.zip,7287.61,7287.61,COMPLETE,keithtyser,keithtyser,/goal win silver medal,/submissions/54563156/54563156.raw
54563451,465095,2026-07-11T07:08:49.513Z,auto: task158/task349 +0.06 -> ~7287.67,submission.zip,7287.67,7287.67,COMPLETE,keithtyser,keithtyser,/goal win silver medal,/submissions/54563451/54563451.raw
54563680,464492,2026-07-11T07:18:05.353Z,auto: task145/task364/task187 +0.07 -> ~7287.74,submission.zip,7287.74,7287.74,COMPLETE,keithtyser,keithtyser,/goal win silver medal,/submissions/54563680/54563680.raw
54564334,465253,2026-07-11T07:45:13.363Z,auto: task076/task173/task101/task138 +0.25 -> ~7287.99,submission.zip,7287.99,7287.99,COMPLETE,keithtyser,keithtyser,/goal win silver medal,/submissions/54564334/54564334.raw
54564529,466181,2026-07-11T07:54:18.750Z,auto: task191/task066 +0.34 -> ~7288.33,submission.zip,7288.33,7288.33,COMPLETE,keithtyser,keithtyser,/goal win silver medal,/submissions/54564529/54564529.raw
54565055,465086,2026-07-11T08:16:01.677Z,auto: task397 +0.76 -> ~7289.09,submission.zip,7289.10,7289.10,COMPLETE,keithtyser,keithtyser,/goal win silver medal,/submissions/54565055/54565055.raw
54565351,465187,2026-07-11T08:27:58.660Z,auto: task198 +0.03 -> ~7289.13,submission.zip,7289.13,7289.13,COMPLETE,keithtyser,keithtyser,/goal win silver medal,/submissions/54565351/54565351.raw
54567169,465427,2026-07-11T09:38:22.327Z,auto: task325 +1.12 -> ~7290.25,submission.zip,7290.24,7290.24,COMPLETE,keithtyser,keithtyser,/goal win silver medal,/submissions/54567169/54567169.raw
54567441,464853,2026-07-11T09:49:35.293Z,auto: task225 +0.45 -> ~7290.69,submission.zip,7290.69,7290.69,COMPLETE,keithtyser,keithtyser,/goal win silver medal,/submissions/54567441/54567441.raw
54568661,465133,2026-07-11T10:41:40.780Z,auto: task030 +0.02 -> ~7290.71,submission.zip,7290.71,7290.71,COMPLETE,keithtyser,keithtyser,/goal win silver medal,/submissions/54568661/54568661.raw
54569774,465523,2026-07-11T11:25:07.497Z,auto: task369/task063 +0.05 -> ~7290.76,submission.zip,7290.76,7290.76,COMPLETE,keithtyser,keithtyser,/goal win silver medal,/submissions/54569774/54569774.raw
54570913,465621,2026-07-11T12:10:07.670Z,auto: task295 +1.98 -> ~7292.74,submission.zip,7292.74,7292.74,COMPLETE,keithtyser,keithtyser,/goal win silver medal,/submissions/54570913/54570913.raw
54571953,465276,2026-07-11T12:47:40.480Z,auto: task189 +0.05 -> ~7292.79,submission.zip,7292.79,7292.79,COMPLETE,keithtyser,keithtyser,/goal win silver medal,/submissions/54571953/54571953.raw
54572601,465291,2026-07-11T13:09:17.163Z,auto: task160 +0.21 -> ~7293.00,submission.zip,7293.00,7293.00,COMPLETE,keithtyser,keithtyser,/goal win silver medal,/submissions/54572601/54572601.raw
54572909,471344,2026-07-11T13:20:56.067Z,auto: task023 +0.17 -> ~7293.17,submission.zip,7276.81,7276.81,COMPLETE,keithtyser,keithtyser,/goal win silver medal,/submissions/54572909/54572909.raw
54573199,471484,2026-07-11T13:31:28.390Z,auto: task350 +1.56 -> ~7278.37,submission.zip,7278.37,7278.37,COMPLETE,keithtyser,keithtyser,/goal win silver medal,/submissions/54573199/54573199.raw
54573856,470956,2026-07-11T13:54:41.827Z,auto: task163 +0.54 -> ~7278.91,submission.zip,7278.92,7278.92,COMPLETE,keithtyser,keithtyser,/goal win silver medal,/submissions/54573856/54573856.raw
54574287,471194,2026-07-11T14:10:54.080Z,auto: task094 +0.14 -> ~7279.06,submission.zip,7279.06,7279.06,COMPLETE,keithtyser,keithtyser,/goal win silver medal,/submissions/54574287/54574287.raw
54574630,471870,2026-07-11T14:22:05.343Z,auto: task273 +0.07 -> ~7279.13,submission.zip,7279.13,7279.13,COMPLETE,keithtyser,keithtyser,/goal win silver medal,/submissions/54574630/54574630.raw
54575124,472107,2026-07-11T14:38:45.497Z,auto: task195 +0.32 -> ~7279.45,submission.zip,7279.45,7279.45,COMPLETE,keithtyser,keithtyser,/goal win silver medal,/submissions/54575124/54575124.raw
54576264,471983,2026-07-11T15:16:05.500Z,auto: task109 +0.39 -> ~7279.84,submission.zip,7279.85,7279.85,COMPLETE,keithtyser,keithtyser,/goal win silver medal,/submissions/54576264/54576264.raw
54576433,465291,2026-07-11T15:21:09.927Z,RESTORE clean 7293 base (revert task023 hidden-regression poison),submission.zip,7293.00,7293.00,COMPLETE,keithtyser,keithtyser,/goal win silver medal,/submissions/54576433/54576433.raw
54576733,465914,2026-07-11T15:31:30.990Z,recover: task163/094/273/195 on clean 7293 base (post-poison good wins),submission.zip,7294.08,7294.08,COMPLETE,keithtyser,keithtyser,/goal win silver medal,/submissions/54576733/54576733.raw
54576753,465431,2026-07-11T15:32:00.590Z,test: task350 solo on 7293 base (isolate 9036->1892 overfit risk),submission.zip,7294.57,7294.57,COMPLETE,keithtyser,keithtyser,/goal win silver medal,/submissions/54576753/54576753.raw
54577048,466054,2026-07-11T15:41:02.547Z,recover_all: 5 clean post-poison wins on 7293 base -> ~7295.6,submission.zip,7295.65,7295.65,COMPLETE,keithtyser,keithtyser,/goal win silver medal,/submissions/54577048/54577048.raw
54577298,465719,2026-07-11T15:49:53.943Z,test: task204 solo 9153 on 7295.65 base (fat rebuild -1079),submission.zip,7295.76,7295.76,COMPLETE,keithtyser,keithtyser,/goal win silver medal,/submissions/54577298/54577298.raw
54577625,465595,2026-07-11T15:59:49.540Z,auto: task109 +0.39 -> ~7296.15,submission.zip,7296.15,7296.15,COMPLETE,keithtyser,keithtyser,/goal win silver medal,/submissions/54577625/54577625.raw
54578172,466229,2026-07-11T16:17:36.223Z,auto: task351/task377/task400 +0.16 -> ~7296.31,submission.zip,7296.31,7296.31,COMPLETE,keithtyser,keithtyser,/goal win silver medal,/submissions/54578172/54578172.raw
54580673,465362,2026-07-11T17:39:30.290Z,"fast: task132 3637->3402 (reduction-Einsum, fuzz 500/500)",submission.zip,7296.38,7296.38,COMPLETE,keithtyser,keithtyser,/goal win silver medal,/submissions/54580673/54580673.raw
54580695,465362,2026-07-11T17:40:17.660Z,auto: task132 +0.07 -> ~7296.38,submission.zip,7296.38,7296.38,COMPLETE,keithtyser,keithtyser,/goal win silver medal,/submissions/54580695/54580695.raw
54581152,465328,2026-07-11T17:57:34.590Z,"fast: task329 1050->873 (fused Einsum, fuzz 300/300)",submission.zip,7296.56,7296.56,COMPLETE,keithtyser,keithtyser,/goal win silver medal,/submissions/54581152/54581152.raw
54581418,465109,2026-07-11T18:08:29.110Z,"fast: task123 1342->1102 (fused Einsum, fuzz 300/300)",submission.zip,7296.76,7296.76,COMPLETE,keithtyser,keithtyser,/goal win silver medal,/submissions/54581418/54581418.raw
54581682,465274,2026-07-11T18:18:20.840Z,auto: task303 +0.08 -> ~7296.84,submission.zip,7296.84,7296.84,COMPLETE,keithtyser,keithtyser,/goal win silver medal,/submissions/54581682/54581682.raw
54582647,469637,2026-07-11T18:55:50.637Z,auto: task185/task175/task342 +0.06 -> ~7296.90,submission.zip,7296.89,7296.89,COMPLETE,keithtyser,keithtyser,/goal win silver medal,/submissions/54582647/54582647.raw
54582915,469365,2026-07-11T19:09:32.220Z,auto: task046/task388 +0.02 -> ~7296.91,submission.zip,7296.91,7296.91,COMPLETE,keithtyser,keithtyser,/goal win silver medal,/submissions/54582915/54582915.raw
54583289,469598,2026-07-11T19:26:05.567Z,auto: task064 +0.00 -> ~7296.91,submission.zip,7296.92,7296.92,COMPLETE,keithtyser,keithtyser,/goal win silver medal,/submissions/54583289/54583289.raw
54583457,469598,2026-07-11T19:34:20.563Z,auto: task064 +0.00 -> ~7296.91,submission.zip,7296.92,7296.92,COMPLETE,keithtyser,keithtyser,/goal win silver medal,/submissions/54583457/54583457.raw
54584404,468419,2026-07-11T20:25:12.433Z,auto: task037/task361 +0.42 -> ~7297.34,submission.zip,7297.34,7297.34,COMPLETE,keithtyser,keithtyser,/goal win silver medal,/submissions/54584404/54584404.raw
54584698,469235,2026-07-11T20:41:05.557Z,auto: task131 +0.28 -> ~7297.62,submission.zip,7297.62,7297.62,COMPLETE,keithtyser,keithtyser,/goal win silver medal,/submissions/54584698/54584698.raw
54585609,467564,2026-07-11T21:25:56.053Z,auto: task092/task009 +1.26 -> ~7298.88,submission.zip,7298.88,7298.88,COMPLETE,keithtyser,keithtyser,/goal win silver medal,/submissions/54585609/54585609.raw
54586726,468211,2026-07-11T22:30:11.140Z,auto: task379 +0.02 -> ~7298.90,submission.zip,7298.90,7298.90,COMPLETE,keithtyser,keithtyser,/goal win silver medal,/submissions/54586726/54586726.raw
54586853,468211,2026-07-11T22:38:41.450Z,auto: task379 +0.02 -> ~7298.90,submission.zip,7298.90,7298.90,COMPLETE,keithtyser,keithtyser,/goal win silver medal,/submissions/54586853/54586853.raw
54587372,468475,2026-07-11T23:10:26.830Z,auto: task202 +0.24 -> ~7299.14,submission.zip,7299.14,7299.14,COMPLETE,keithtyser,keithtyser,/goal win silver medal,/submissions/54587372/54587372.raw
54587612,468642,2026-07-11T23:23:11.840Z,auto: task192 +0.01 -> ~7299.15,submission.zip,7299.15,7299.15,COMPLETE,keithtyser,keithtyser,/goal win silver medal,/submissions/54587612/54587612.raw
54588225,464020,2026-07-11T23:58:18.090Z,EXPLOIT TEST: task233 cheap-incorrect (cost1) - does LB count incorrect cost-based score?,submission.zip,7284.47,7284.47,COMPLETE,keithtyser,keithtyser,/goal win silver medal,/submissions/54588225/54588225.raw
54588637,468642,2026-07-12T00:08:41.583Z,RESTORE clean 7299.15 base (exploit test falsified - correctness IS gated),submission.zip,7299.15,7299.15,COMPLETE,keithtyser,keithtyser,/goal win silver medal,/submissions/54588637/54588637.raw
54589384,468196,2026-07-12T00:38:21.267Z,auto: task202 +0.00 -> ~7299.15,submission.zip,7299.15,7299.15,COMPLETE,keithtyser,keithtyser,/goal win silver medal,/submissions/54589384/54589384.raw
54592797,467479,2026-07-12T02:59:39.763Z,auto: task148 +0.26 -> ~7299.41,submission.zip,7299.41,7299.41,COMPLETE,keithtyser,keithtyser,/goal win silver medal,/submissions/54592797/54592797.raw
54593087,467375,2026-07-12T03:13:24.123Z,auto: task125 +1.03 -> ~7300.44,submission.zip,7300.45,7300.45,COMPLETE,keithtyser,keithtyser,/goal win silver medal,/submissions/54593087/54593087.raw
54593404,467613,2026-07-12T03:26:54.287Z,auto: task358 +0.04 -> ~7300.49,submission.zip,7300.49,7300.49,COMPLETE,keithtyser,keithtyser,/goal win silver medal,/submissions/54593404/54593404.raw
54594138,467547,2026-07-12T03:57:53.483Z,auto: task340 +0.34 -> ~7300.83,submission.zip,7300.83,7300.83,COMPLETE,keithtyser,keithtyser,/goal win silver medal,/submissions/54594138/54594138.raw
54594581,467879,2026-07-12T04:17:09.563Z,auto: task093 +0.13 -> ~7300.96,submission.zip,7300.96,7300.96,COMPLETE,keithtyser,keithtyser,/goal win silver medal,/submissions/54594581/54594581.raw
54594944,468195,2026-07-12T04:32:11.520Z,auto: task162 +0.19 -> ~7301.15,submission.zip,7301.15,7301.15,COMPLETE,keithtyser,keithtyser,/goal win silver medal,/submissions/54594944/54594944.raw
54595277,468103,2026-07-12T04:47:01.233Z,auto: task042 +0.25 -> ~7301.40,submission.zip,7301.40,7301.40,COMPLETE,keithtyser,keithtyser,/goal win silver medal,/submissions/54595277/54595277.raw
54595604,469065,2026-07-12T05:01:07.020Z,auto: task137 +0.08 -> ~7301.48,submission.zip,7301.48,7301.48,COMPLETE,keithtyser,keithtyser,/goal win silver medal,/submissions/54595604/54595604.raw
54596015,468720,2026-07-12T05:16:19.267Z,auto: task270 +0.17 -> ~7301.65,submission.zip,7301.65,7301.65,COMPLETE,keithtyser,keithtyser,/goal win silver medal,/submissions/54596015/54596015.raw
54596545,468649,2026-07-12T05:37:11.470Z,auto: task310 +0.03 -> ~7301.68,submission.zip,7301.68,7301.68,COMPLETE,keithtyser,keithtyser,/goal win silver medal,/submissions/54596545/54596545.raw
54597935,468806,2026-07-12T06:27:47.223Z,auto: task069 +0.12 -> ~7301.80,submission.zip,7301.81,7301.81,COMPLETE,keithtyser,keithtyser,/goal win silver medal,/submissions/54597935/54597935.raw
54598285,468781,2026-07-12T06:42:31.423Z,auto: task333 +0.23 -> ~7302.04,submission.zip,7302.03,7302.03,COMPLETE,keithtyser,keithtyser,/goal win silver medal,/submissions/54598285/54598285.raw
54598804,468665,2026-07-12T07:03:33.620Z,auto: task190 +0.29 -> ~7302.32,submission.zip,7302.33,7302.33,COMPLETE,keithtyser,keithtyser,/goal win silver medal,/submissions/54598804/54598804.raw
54600214,468335,2026-07-12T07:59:35.977Z,auto: task264/task168 +0.71 -> ~7303.04,submission.zip,7303.03,7303.03,COMPLETE,keithtyser,keithtyser,/goal win silver medal,/submissions/54600214/54600214.raw
54601927,468862,2026-07-12T08:58:07.280Z,auto: task245 +0.41 -> ~7303.44,submission.zip,7303.44,7303.44,COMPLETE,keithtyser,keithtyser,/goal win silver medal,/submissions/54601927/54601927.raw
54602359,468788,2026-07-12T09:14:08.657Z,auto: task212 +0.85 -> ~7304.29,submission.zip,7304.29,7304.29,COMPLETE,keithtyser,keithtyser,/goal win silver medal,/submissions/54602359/54602359.raw
54603071,470078,2026-07-12T09:39:21.417Z,auto: task398 +0.07 -> ~7304.36,submission.zip,7304.36,7304.36,COMPLETE,keithtyser,keithtyser,/goal win silver medal,/submissions/54603071/54603071.raw
54603583,469236,2026-07-12T09:56:59.763Z,auto: task250/task212 +0.37 -> ~7304.73,submission.zip,7304.73,7304.73,COMPLETE,keithtyser,keithtyser,/goal win silver medal,/submissions/54603583/54603583.raw
54603972,468278,2026-07-12T10:12:26.193Z,auto: task062 +0.07 -> ~7304.80,submission.zip,7304.80,7304.80,COMPLETE,keithtyser,keithtyser,/goal win silver medal,/submissions/54603972/54603972.raw
54604595,468227,2026-07-12T10:33:40.520Z,auto: task381 +0.33 -> ~7305.13,submission.zip,7305.13,7305.13,COMPLETE,keithtyser,keithtyser,/goal win silver medal,/submissions/54604595/54604595.raw
54605034,468606,2026-07-12T10:49:08.483Z,auto: task170 +0.06 -> ~7305.19,submission.zip,7305.19,7305.19,COMPLETE,keithtyser,keithtyser,/goal win silver medal,/submissions/54605034/54605034.raw
54605543,468159,2026-07-12T11:08:56.060Z,auto: task237 +0.01 -> ~7305.20,submission.zip,7305.19,7305.19,COMPLETE,keithtyser,keithtyser,/goal win silver medal,/submissions/54605543/54605543.raw
54606385,468261,2026-07-12T11:41:01.727Z,auto: task348 +0.31 -> ~7305.50,submission.zip,7305.51,7305.51,COMPLETE,keithtyser,keithtyser,/goal win silver medal,/submissions/54606385/54606385.raw
54606803,468055,2026-07-12T11:56:34.607Z,auto: task348 +0.44 -> ~7305.95,submission.zip,7305.95,7305.95,COMPLETE,keithtyser,keithtyser,/goal win silver medal,/submissions/54606803/54606803.raw
54607205,467880,2026-07-12T12:10:06.780Z,auto: task019 +0.13 -> ~7306.08,submission.zip,7306.08,7306.08,COMPLETE,keithtyser,keithtyser,/goal win silver medal,/submissions/54607205/54607205.raw
54607626,469189,2026-07-12T12:26:00.380Z,auto: task161 +0.09 -> ~7306.17,submission.zip,7306.17,7306.17,COMPLETE,keithtyser,keithtyser,/goal win silver medal,/submissions/54607626/54607626.raw
54608103,469206,2026-07-12T12:42:26.023Z,auto: task184/task246 +0.55 -> ~7306.72,submission.zip,7306.72,7306.72,COMPLETE,keithtyser,keithtyser,/goal win silver medal,/submissions/54608103/54608103.raw
54608516,468781,2026-07-12T12:57:21.487Z,auto: task044 +0.04 -> ~7306.76,submission.zip,7306.76,7306.76,COMPLETE,keithtyser,keithtyser,/goal win silver medal,/submissions/54608516/54608516.raw
54611485,468639,2026-07-12T14:27:11.960Z,auto: task075 +0.12 -> ~7306.88,submission.zip,7306.88,7306.88,COMPLETE,keithtyser,keithtyser,/goal win silver medal,/submissions/54611485/54611485.raw
54611949,468929,2026-07-12T14:43:18.883Z,auto: task156 +0.09 -> ~7306.97,submission.zip,7306.97,7306.97,COMPLETE,keithtyser,keithtyser,/goal win silver medal,/submissions/54611949/54611949.raw
54612475,468577,2026-07-12T14:59:11.260Z,auto: task055 +0.19 -> ~7307.16,submission.zip,7307.16,7307.16,COMPLETE,keithtyser,keithtyser,/goal win silver medal,/submissions/54612475/54612475.raw
54613203,468715,2026-07-12T15:21:47.873Z,auto: task341 +0.02 -> ~7307.18,submission.zip,7307.18,7307.18,COMPLETE,keithtyser,keithtyser,/goal win silver medal,/submissions/54613203/54613203.raw
54613676,468905,2026-07-12T15:37:22.253Z,auto: task335 +0.22 -> ~7307.40,submission.zip,7307.40,7307.40,COMPLETE,keithtyser,keithtyser,/goal win silver medal,/submissions/54613676/54613676.raw
54614533,439976,2026-07-12T16:03:56.403Z,HARVEST ng7300 x134 overlay -> pred ~7396.05 (+88.65),submission.zip,7396.05,7396.05,COMPLETE,keithtyser,keithtyser,/goal win silver medal,/submissions/54614533/54614533.raw
54616909,439842,2026-07-12T17:18:27.560Z,auto: task275 +0.49 -> ~7396.54,submission.zip,7396.55,7396.55,COMPLETE,keithtyser,keithtyser,/goal win silver medal,/submissions/54616909/54616909.raw
54618719,439895,2026-07-12T18:26:38.343Z,auto: task145 +0.10 -> ~7396.65,submission.zip,7396.64,7396.64,COMPLETE,keithtyser,keithtyser,/goal win silver medal,/submissions/54618719/54618719.raw
54618775,439895,2026-07-12T18:29:50.943Z,auto: task145 +0.10 -> ~7396.65,submission.zip,7396.64,7396.64,COMPLETE,keithtyser,keithtyser,/goal win silver medal,/submissions/54618775/54618775.raw
54619649,439814,2026-07-12T19:08:50.230Z,auto: task110 +0.03 -> ~7396.67,submission.zip,7396.68,7396.68,COMPLETE,keithtyser,keithtyser,/goal win silver medal,/submissions/54619649/54619649.raw
54620156,439849,2026-07-12T19:33:26.160Z,auto: task173 +0.01 -> ~7396.69,submission.zip,7396.69,7396.69,COMPLETE,keithtyser,keithtyser,/goal win silver medal,/submissions/54620156/54620156.raw
54620559,439170,2026-07-12T19:54:16.250Z,auto: task213 +0.25 -> ~7396.94,submission.zip,7396.94,7396.94,COMPLETE,keithtyser,keithtyser,/goal win silver medal,/submissions/54620559/54620559.raw
54620787,438991,2026-07-12T20:06:52.697Z,auto: task123 +1.04 -> ~7397.98,submission.zip,7397.98,7397.98,COMPLETE,keithtyser,keithtyser,/goal win silver medal,/submissions/54620787/54620787.raw
54621080,438434,2026-07-12T20:20:51.940Z,auto: task035 +0.27 -> ~7398.25,submission.zip,7398.26,7398.26,COMPLETE,keithtyser,keithtyser,/goal win silver medal,/submissions/54621080/54621080.raw
54621407,438265,2026-07-12T20:38:15.357Z,auto: task356/task222/task319/task323/task206/task363 +0.91 -> ~7399.17,submission.zip,7399.17,7399.17,COMPLETE,keithtyser,keithtyser,/goal win silver medal,/submissions/54621407/54621407.raw
54622628,438232,2026-07-12T21:38:55.060Z,auto: task338 +0.20 -> ~7399.37,submission.zip,7399.37,7399.37,COMPLETE,keithtyser,keithtyser,/goal win silver medal,/submissions/54622628/54622628.raw
54622747,438232,2026-07-12T21:45:10.587Z,auto: task338 +0.20 -> ~7399.37,submission.zip,7399.37,7399.37,COMPLETE,keithtyser,keithtyser,/goal win silver medal,/submissions/54622747/54622747.raw
54627205,438581,2026-07-13T00:54:43.170Z,auto: task032 +0.16 -> ~7399.53,submission.zip,7399.52,7399.52,COMPLETE,keithtyser,keithtyser,/goal win silver medal,/submissions/54627205/54627205.raw
54627227,438581,2026-07-13T00:55:51.730Z,auto: task032 +0.16 -> ~7399.53,submission.zip,7399.52,7399.52,COMPLETE,keithtyser,keithtyser,/goal win silver medal,/submissions/54627227/54627227.raw
54628241,438510,2026-07-13T01:36:53.573Z,auto: task074 +0.11 -> ~7399.63,submission.zip,7399.64,7399.64,COMPLETE,keithtyser,keithtyser,/goal win silver medal,/submissions/54628241/54628241.raw
54628525,438536,2026-07-13T01:46:49.170Z,auto: task366/task279/task338 +0.30 -> ~7399.94,submission.zip,7399.93,7399.93,COMPLETE,keithtyser,keithtyser,/goal win silver medal,/submissions/54628525/54628525.raw
54628859,438413,2026-07-13T01:59:24.600Z,auto: task285/task367 +0.12 -> ~7400.05,submission.zip,7400.05,7400.05,COMPLETE,keithtyser,keithtyser,/goal win silver medal,/submissions/54628859/54628859.raw
54629266,440691,2026-07-13T02:13:48.477Z,auto: task233/task286 +0.03 -> ~7400.08,submission.zip,7400.08,7400.08,COMPLETE,keithtyser,keithtyser,/goal win silver medal,/submissions/54629266/54629266.raw
54629652,440685,2026-07-13T02:27:43.013Z,auto: task191 +0.05 -> ~7400.13,submission.zip,7400.14,7400.14,COMPLETE,keithtyser,keithtyser,/goal win silver medal,/submissions/54629652/54629652.raw
54631599,439460,2026-07-13T03:46:54.730Z,selfgen task110 rowpair 842b9567 +0.190 base7400.14,submission.zip,7400.33,7400.33,COMPLETE,keithtyser,keithtyser,/goal win silver medal,/submissions/54631599/54631599.raw
54631630,440979,2026-07-13T03:48:31.410Z,selfgen task118 nms e348b631 +0.042 base7400.14,submission.zip,7384.21,7384.21,COMPLETE,keithtyser,keithtyser,/goal win silver medal,/submissions/54631630/54631630.raw
54631686,441057,2026-07-13T03:50:52.763Z,selfgen task138 bounds 4ef7e155 +0.009 base7400.14,submission.zip,7400.15,7400.15,COMPLETE,keithtyser,keithtyser,/goal win silver medal,/submissions/54631686/54631686.raw
54631817,440915,2026-07-13T03:56:39.933Z,selfgen task118 raw 0b769977 +0.102 base7400.14,submission.zip,7384.21,7384.21,COMPLETE,keithtyser,keithtyser,/goal win silver medal,/submissions/54631817/54631817.raw
54631960,440647,2026-07-13T04:02:15.190Z,selfgen task076 thresholds 57909adf +0.021 base7400.14,submission.zip,7400.16,7400.16,COMPLETE,keithtyser,keithtyser,/goal win silver medal,/submissions/54631960/54631960.raw
54632011,439832,2026-07-13T04:04:30.130Z,selfgen stack task138+task110 a550437a +0.190 base7400.15,submission.zip,7400.34,7400.34,COMPLETE,keithtyser,keithtyser,/goal win silver medal,/submissions/54632011/54632011.raw
54632211,439794,2026-07-13T04:14:03.090Z,selfgen stack 138+110+076 2671d56e +0.211 base7400.15,submission.zip,7400.36,7400.36,COMPLETE,keithtyser,keithtyser,/goal win silver medal,/submissions/54632211/54632211.raw
54632684,439829,2026-07-13T04:32:21.343Z,selfgen task076 exact 186588fb +0.004 base7400.36,submission.zip,7400.36,7400.36,COMPLETE,keithtyser,keithtyser,/goal win silver medal,/submissions/54632684/54632684.raw
54632901,439814,2026-07-13T04:40:34.980Z,selfgen stack task076 task204 8bcf8063 +0.027 base7400.36,submission.zip,7400.39,7400.39,COMPLETE,keithtyser,keithtyser,/goal win silver medal,/submissions/54632901/54632901.raw
54633575,439241,2026-07-13T05:01:06.837Z,selfgen stack task018 task054 af03e0c6 +0.078 base7400.39,submission.zip,7400.46,7400.46,COMPLETE,keithtyser,keithtyser,/goal win silver medal,/submissions/54633575/54633575.raw
54634041,439097,2026-07-13T05:17:16.793Z,selfgen task018 selector f1113b04 +0.026 base7400.46,submission.zip,7400.49,7400.49,COMPLETE,keithtyser,keithtyser,/goal win silver medal,/submissions/54634041/54634041.raw
54634250,440066,2026-07-13T05:25:34.653Z,selfgen stack task018 task054 c594ecde +0.045 base7400.46,submission.zip,7400.51,7400.51,COMPLETE,keithtyser,keithtyser,/goal win silver medal,/submissions/54634250/54634250.raw
54634506,440019,2026-07-13T05:35:48.630Z,selfgen stack task324 task054 2598edac +0.028 base7400.51,submission.zip,7400.54,7400.54,COMPLETE,keithtyser,keithtyser,/goal win silver medal,/submissions/54634506/54634506.raw
54634895,440013,2026-07-13T05:49:43.427Z,selfgen rebase task324 task054 task370 491f8914 +0.080 base7400.54,submission.zip,7400.62,7400.62,COMPLETE,keithtyser,keithtyser,/goal win silver medal,/submissions/54634895/54634895.raw
54635541,440173,2026-07-13T06:12:49.040Z,selfgen stack task349 task054 task324 347231d9 +0.035 base7400.62,submission.zip,7400.65,7400.65,COMPLETE,keithtyser,keithtyser,/goal win silver medal,/submissions/54635541/54635541.raw
54635962,440164,2026-07-13T06:29:58.950Z,selfgen task366 mpad109 4a880b28 +0.011 base7400.65,submission.zip,7400.66,7400.66,COMPLETE,keithtyser,keithtyser,/goal win silver medal,/submissions/54635962/54635962.raw
54651982,1038,2026-07-13T15:29:31.497Z,v9 CC0 isolated task382 cost4206 expected16.65573 sha6eab7bda,submission.zip,16.65,16.65,COMPLETE,keithtyser,keithtyser,/goal win silver medal,/submissions/54651982/54651982.raw
54651985,1196,2026-07-13T15:29:34.370Z,v9 CC0 isolated task185 cost1682 expected17.57226 sha93cd5d7c,submission.zip,17.57,17.57,COMPLETE,keithtyser,keithtyser,/goal win silver medal,/submissions/54651985/54651985.raw
54652384,1150,2026-07-13T15:39:32.423Z,v9-derived task185 u8 argmax cost1542 expected17.65916 sha4f428952,submission.zip,17.65,17.65,COMPLETE,keithtyser,keithtyser,/goal win silver medal,/submissions/54652384/54652384.raw
54652415,2413,2026-07-13T15:40:17.343Z,v9 CC0 isolated task085+216 expected33.09258 sha8ec3cf1c,submission.zip,33.11,33.11,COMPLETE,keithtyser,keithtyser,/goal win silver medal,/submissions/54652415/54652415.raw
54652477,1588,2026-07-13T15:42:03.533Z,v9 CC0 isolated task216 local8783 expected15.91943 sha90e2c764,submission.zip,15.93,15.93,COMPLETE,keithtyser,keithtyser,/goal win silver medal,/submissions/54652477/54652477.raw
54652535,2710,2026-07-13T15:43:28.977Z,incumbent control task085+216 sha-check,submission.zip,33.10,33.10,COMPLETE,keithtyser,keithtyser,/goal win silver medal,/submissions/54652535/54652535.raw
54652742,1013,2026-07-13T15:49:47.310Z,v9-derived task382 cleanup cost4164 expected16.66577 sha3958eb15,submission.zip,16.66,16.66,COMPLETE,keithtyser,keithtyser,/goal win silver medal,/submissions/54652742/54652742.raw
54653543,41354,2026-07-13T16:16:02.073Z,Jul13 public lowrisk13 expected220.71496 gain0.341998 sha0dc0c562,submission.zip,220.71,220.71,COMPLETE,keithtyser,keithtyser,/goal win silver medal,/submissions/54653543/54653543.raw
54653544,1299,2026-07-13T16:16:05.080Z,Jul13 public task363 QLinearConv probe expected16.74365 gain0.103490 sha6067973a,submission.zip,16.74,16.74,COMPLETE,keithtyser,keithtyser,/goal win silver medal,/submissions/54653544/54653544.raw
54653547,7622,2026-07-13T16:16:08.500Z,exact dedup safe6 expected103.94778 gain0.010989 shaab8ac3f9,submission.zip,103.94,103.94,COMPLETE,keithtyser,keithtyser,/goal win silver medal,/submissions/54653547/54653547.raw
54653708,32649,2026-07-13T16:21:24.587Z,novel task286 parity colors cost21158 exp15.04023 gain0.013567 sha57e4ccb3,submission.zip,15.04,15.04,COMPLETE,keithtyser,keithtyser,/goal win silver medal,/submissions/54653708/54653708.raw
54653712,5766,2026-07-13T16:21:27.810Z,novel task366 direct topk cost25369 exp14.85872 repogain0.036687 sha38d8b75a,submission.zip,14.85,14.85,COMPLETE,keithtyser,keithtyser,/goal win silver medal,/submissions/54653712/54653712.raw
54653834,2071,2026-07-13T16:24:58.067Z,public ng7300 task370 cost3607 exp16.80937 repogain0.597962 shac5a03117,submission.zip,16.80,16.80,COMPLETE,keithtyser,keithtyser,/goal win silver medal,/submissions/54653834/54653834.raw
54653835,408,2026-07-13T16:25:00.953Z,public ng7300 task313 cost174 exp19.84094 gain0.077387 sha6f3c3b26,submission.zip,19.84,19.84,COMPLETE,keithtyser,keithtyser,/goal win silver medal,/submissions/54653835/54653835.raw
54653839,1294,2026-07-13T16:25:04.120Z,public kevali task281 cost1304 exp17.82681 gain0.018990 shad831f323,submission.zip,17.82,17.82,COMPLETE,keithtyser,keithtyser,/goal win silver medal,/submissions/54653839/54653839.raw
54653996,23450,2026-07-13T16:30:23.487Z,GitHub accepted-parent safe21 exp383.71993 gain5.265867 shae88efe9e,submission.zip,383.73,383.73,COMPLETE,keithtyser,keithtyser,/goal win silver medal,/submissions/54653996/54653996.raw
54654020,1892,2026-07-13T16:30:57.440Z,GitHub exact task328 cost5189 exp16.44570 gain_vs6296 0.193374 shabfc90184,submission.zip,16.44,16.44,COMPLETE,keithtyser,keithtyser,/goal win silver medal,/submissions/54654020/54654020.raw
54654022,390,2026-07-13T16:31:00.210Z,GitHub exact task011 cost282 exp19.35809 gain0.120144 shaf08e5d70,submission.zip,19.35,19.35,COMPLETE,keithtyser,keithtyser,/goal win silver medal,/submissions/54654022/54654022.raw
54654026,4447,2026-07-13T16:31:09.703Z,GitHub exact micros163+208+209 exp52.08916 gain0.044509 shaeb86362b,submission.zip,52.08,52.08,COMPLETE,keithtyser,keithtyser,/goal win silver medal,/submissions/54654026/54654026.raw
54654184,3016,2026-07-13T16:36:56.997Z,GitHub branchA task319 cost4066 exp16.68959 gain0.353127 sha8742bab5,submission.zip,16.68,16.68,COMPLETE,keithtyser,keithtyser,/goal win silver medal,/submissions/54654184/54654184.raw
54654185,1888,2026-07-13T16:36:59.540Z,GitHub branchA task017 cost5841 exp16.32734 gain0.026691 sha311620c4,submission.zip,0.00,0.00,COMPLETE,keithtyser,keithtyser,/goal win silver medal,/submissions/54654185/54654185.raw
54654231,427487,2026-07-13T16:38:30.083Z,full exact7400.14 + verified53 gain7.317360 exp~7407.47 shaf19ba97e,submission.zip,7407.46,7407.46,COMPLETE,keithtyser,keithtyser,/goal win silver medal,/submissions/54654231/54654231.raw
54654253,428240,2026-07-13T16:39:19.400Z,full exact7400.14 + verified53 incl319 gain7.663030 exp~7407.82 sha5f4b394a,submission.zip,7407.80,7407.80,COMPLETE,keithtyser,keithtyser,/goal win silver medal,/submissions/54654253/54654253.raw
54654615,6820,2026-07-13T16:51:56.830Z,exact current task101+124 exp33.50912 gain0.005993 shad63db46e,submission.zip,33.50,33.50,COMPLETE,keithtyser,keithtyser,/goal win silver medal,/submissions/54654615/54654615.raw
54654888,999,2026-07-13T17:01:26.033Z,probe task222 exact public rewrite cost2301 exp17.25890 sha2010b12b,submission.zip,17.25,17.25,COMPLETE,keithtyser,keithtyser,/goal win silver medal,/submissions/54654888/54654888.raw
54654920,11230,2026-07-13T17:02:41.013Z,probe accepted-parent six exact exp94.00708 gain0.082858 sha82bc786f,submission.zip,94.00,94.00,COMPLETE,keithtyser,keithtyser,/goal win silver medal,/submissions/54654920/54654920.raw
54654928,1159,2026-07-13T17:02:58.013Z,probe task341 exact bool rewrite cost1340 exp17.79958 sha3f416816,submission.zip,17.79,17.79,COMPLETE,keithtyser,keithtyser,/goal win silver medal,/submissions/54654928/54654928.raw
54654997,982,2026-07-13T17:05:03.667Z,probe task062 exact concat-cast cost1950 exp17.42442 sha8eaa7fea,submission.zip,17.42,17.42,COMPLETE,keithtyser,keithtyser,/goal win silver medal,/submissions/54654997/54654997.raw
54655045,429939,2026-07-13T17:06:40.327Z,full 7407.80 + verified exact11 gain0.18870 exp7407.99 shafff5cedf,submission.zip,7407.99,7407.99,COMPLETE,keithtyser,keithtyser,/goal win silver medal,/submissions/54655045/54655045.raw
54655206,1857,2026-07-13T17:13:03.360Z,probe c61118f exact zero-crop t218+t338 exp34.88699 gain0.069075,submission.zip,34.88,34.88,COMPLETE,keithtyser,keithtyser,/goal win silver medal,/submissions/54655206/54655206.raw
54655405,3695,2026-07-13T17:19:29.000Z,probe c61118f task096 exact L1 projections cost6470 exp16.22507,submission.zip,16.22,16.22,COMPLETE,keithtyser,keithtyser,/goal win silver medal,/submissions/54655405/54655405.raw
54655411,1267,2026-07-13T17:19:46.717Z,probe c61118f task182 exact quantized-count cost6036 exp16.29450,submission.zip,16.29,16.29,COMPLETE,keithtyser,keithtyser,/goal win silver medal,/submissions/54655411/54655411.raw
54655466,429806,2026-07-13T17:21:23.550Z,full 7407.99 + c61118f exact4 gain0.13587 exp7408.13 sha8f7564c6,submission.zip,7408.13,7408.13,COMPLETE,keithtyser,keithtyser,/goal win silver medal,/submissions/54655466/54655466.raw
54658088,448052,2026-07-13T18:55:07.803Z,full exact stack pred7410.41 t092tt t333cp13 sha4de50f3e,submission.zip,7410.39,7410.39,COMPLETE,keithtyser,keithtyser,/goal win silver medal,/submissions/54658088/54658088.raw
54658583,448009,2026-07-13T19:15:50.397Z,full 7410.39 + exact t019 t192 pred7410.79 sha0c764b1d,submission.zip,7410.80,7410.80,COMPLETE,keithtyser,keithtyser,/goal win silver medal,/submissions/54658583/54658583.raw
54659014,447954,2026-07-13T19:35:05.870Z,full 7410.80 + exact t061 t270 t398 pred7411.12 shaeeb664dd,submission.zip,7411.11,7411.11,COMPLETE,keithtyser,keithtyser,/goal win silver medal,/submissions/54659014/54659014.raw
54659672,447717,2026-07-13T20:03:54.740Z,full 7411.11 + exact6 pred7411.34 t018t091t112t139t264t279 sha9cb90696,submission.zip,7411.36,7411.36,COMPLETE,keithtyser,keithtyser,/goal win silver medal,/submissions/54659672/54659672.raw
54660032,448787,2026-07-13T20:22:41.427Z,full 7411.36 + exact8 pred7411.52 sha95267ed9,submission.zip,7411.52,7411.52,COMPLETE,keithtyser,keithtyser,/goal win silver medal,/submissions/54660032/54660032.raw
54660534,447554,2026-07-13T20:49:31.127Z,full 7411.52 + exact7 pred7411.73 sha58b3dbf2,submission.zip,7411.71,7411.71,COMPLETE,keithtyser,keithtyser,/goal win silver medal,/submissions/54660534/54660534.raw
54660873,446588,2026-07-13T21:08:39.710Z,full 7411.71 + exact3 pred7411.77 shaadcca1ee,submission.zip,7411.77,7411.77,COMPLETE,keithtyser,keithtyser,/goal win silver medal,/submissions/54660873/54660873.raw
54661334,446419,2026-07-13T21:29:18.580Z,full 7411.77 + exact2 pred7411.82 sha073ca5d2,submission.zip,7411.82,7411.82,COMPLETE,keithtyser,keithtyser,/goal win silver medal,/submissions/54661334/54661334.raw
54662328,447478,2026-07-13T22:14:55.893Z,Full exact 7411.88: accepted 7411.82 + t138 t187 t285 t364,submission.zip,7411.88,7411.88,COMPLETE,keithtyser,keithtyser,/goal win silver medal,/submissions/54662328/54662328.raw
54662698,447316,2026-07-13T22:35:32.310Z,Full exact 7411.92: accepted 7411.88 + t158 t187 t366,submission.zip,7411.91,7411.91,COMPLETE,keithtyser,keithtyser,/goal win silver medal,/submissions/54662698/54662698.raw
54663244,447304,2026-07-13T22:58:59.897Z,Full exact 7413.04: confirmed 7411.91 + task009 occupancy fusion,submission.zip,7413.04,7413.04,COMPLETE,keithtyser,keithtyser,/goal win silver medal,/submissions/54663244/54663244.raw
54663852,447312,2026-07-13T23:25:12.510Z,Full exact 7414.03: confirmed 7413.04 + t106 t192 t351,submission.zip,7414.03,7414.03,COMPLETE,keithtyser,keithtyser,/goal win silver medal,/submissions/54663852/54663852.raw
54665629,447453,2026-07-14T00:26:31.063Z,full exact7 local 7415.72 tasks011 019 044 213 270 275 340,submission.zip,7415.73,7415.73,COMPLETE,keithtyser,keithtyser,/goal win silver medal,/submissions/54665629/54665629.raw
54667428,448026,2026-07-14T01:27:14.343Z,Full package: exact task187 serial decode + task364 structural rewrite; local 7415.75,submission.zip,7415.74,7415.74,COMPLETE,keithtyser,keithtyser,/goal win silver medal,/submissions/54667428/54667428.raw
54668079,448043,2026-07-14T01:50:51.657Z,Full 7415.75: task364 table shrink 14054 + exact task187 u32 top predicate 14069,submission.zip,7415.75,7415.75,COMPLETE,keithtyser,keithtyser,/goal win silver medal,/submissions/54668079/54668079.raw
54669256,438043,2026-07-14T02:34:23.023Z,Full 7416.31: task017 Fourier exact shift + task018 architectural compact rewrite,submission.zip,7416.31,7416.31,COMPLETE,keithtyser,keithtyser,/goal win silver medal,/submissions/54669256/54669256.raw
54669835,437625,2026-07-14T02:56:36.603Z,Full 7417.13: task002 exact walk Einsum + task017 Fourier + task018 compact,submission.zip,7417.13,7417.13,COMPLETE,keithtyser,keithtyser,/goal win silver medal,/submissions/54669835/54669835.raw
54669922,416803,2026-07-14T03:00:08.923Z,Full 7418.74: exact source wins 002 110 187 243 + 017 018,submission.zip,7418.74,7418.74,COMPLETE,keithtyser,keithtyser,/goal win silver medal,/submissions/54669922/54669922.raw
54669978,416381,2026-07-14T03:02:39.770Z,Full 7419.19: nine exact processor-clean architecture wins,submission.zip,7419.19,7419.19,COMPLETE,keithtyser,keithtyser,/goal win silver medal,/submissions/54669978/54669978.raw
54670048,416953,2026-07-14T03:05:27.717Z,Full 7419.41: twelve exact grader-proven architecture wins,submission.zip,7419.41,7419.41,COMPLETE,keithtyser,keithtyser,/goal win silver medal,/submissions/54670048/54670048.raw
54671001,416232,2026-07-14T03:40:43.217Z,Full 7422.06: four exact public architecture transplants over 7419.41,submission.zip,7422.06,7422.06,COMPLETE,keithtyser,keithtyser,/goal win silver medal,/submissions/54671001/54671001.raw
54671077,411092,2026-07-14T03:44:17.027Z,Full 7423.49: 30 exact public transplants over validated 7419.41,submission.zip,7423.50,7423.50,COMPLETE,keithtyser,keithtyser,/goal win silver medal,/submissions/54671077/54671077.raw
54671926,411048,2026-07-14T04:19:40.333Z,Full 7423.75: exact task367 bg-only detector fusion over validated 7423.49,submission.zip,7423.75,7423.75,COMPLETE,keithtyser,keithtyser,/goal win silver medal,/submissions/54671926/54671926.raw
54672669,423091,2026-07-14T04:47:38.583Z,Full 7423.94: exact task074 rankpreserve + task023 override over 7423.75,submission.zip,7407.63,7407.63,COMPLETE,keithtyser,keithtyser,/goal win silver medal,/submissions/54672669/54672669.raw
54672969,410994,2026-07-14T04:58:47.233Z,Full 7423.88: exact task074 rank-preserving orbit fusion over validated 7423.75,submission.zip,7423.88,7423.88,COMPLETE,keithtyser,keithtyser,/goal win silver medal,/submissions/54672969/54672969.raw
54673313,411538,2026-07-14T05:10:49.423Z,Full 7424.03: exact task216 dynamic-extrema rewrite plus validated task074/task367,submission.zip,7424.07,7424.07,COMPLETE,keithtyser,keithtyser,/goal win silver medal,/submissions/54673313/54673313.raw
54673729,423124,2026-07-14T05:28:14.497Z,Full 7424.36: exact task216 ROI cost5738 plus task018 fused grouping and tail,submission.zip,7424.42,7424.42,COMPLETE,keithtyser,keithtyser,/goal win silver medal,/submissions/54673729/54673729.raw
54674355,421799,2026-07-14T05:49:58.620Z,"Full 400: accepted 7424.42 plus task054 exact XOR direct-paint, pred 7424.63",submission.zip,7424.64,7424.64,COMPLETE,keithtyser,keithtyser,/goal win silver medal,/submissions/54674355/54674355.raw
54675521,421809,2026-07-14T06:37:00.080Z,own task092 factorized Einsum + task187 exact dilated conv; full 400,submission.zip,7425.25,7425.25,COMPLETE,keithtyser,keithtyser,/goal win silver medal,/submissions/54675521/54675521.raw
54676822,421901,2026-07-14T07:23:07.300Z,own task092 exact P3 rank4 decoder two-state cost506 + task349 channel merge; full 400,submission.zip,7425.81,7425.81,COMPLETE,keithtyser,keithtyser,/goal win silver medal,/submissions/54676822/54676822.raw
54677801,421941,2026-07-14T07:55:12.007Z,own exact task351 tensor factors cost612 + task340 shared map factors cost901; full 400,submission.zip,7426.43,7426.43,COMPLETE,keithtyser,keithtyser,/goal win silver medal,/submissions/54677801/54677801.raw
54677920,422470,2026-07-14T08:01:05.043Z,own exact stack: task351 factors + task340 shared maps + task037 rank factors; full 400,submission.zip,7426.81,7426.81,COMPLETE,keithtyser,keithtyser,/goal win silver medal,/submissions/54677920/54677920.raw
54678633,422487,2026-07-14T08:24:39.893Z,own exact full stack + task009 canvas factor + task397 dead-state trim; full 400,submission.zip,7427.10,7427.10,COMPLETE,keithtyser,keithtyser,/goal win silver medal,/submissions/54678633/54678633.raw
54679943,422512,2026-07-14T09:05:41.670Z,own exact task148 live-domain rank12 factor; full 400 pred 7427.51,submission.zip,7427.51,7427.51,COMPLETE,keithtyser,keithtyser,/goal win silver medal,/submissions/54679943/54679943.raw
54680697,423472,2026-07-14T09:32:38.850Z,own exact task069 modulo factor + task270 polynomial rewrite; full 400 pred 7428.01,submission.zip,7428.01,7428.01,COMPLETE,keithtyser,keithtyser,/goal win silver medal,/submissions/54680697/54680697.raw
54681223,423671,2026-07-14T09:51:56.780Z,own exact full stack + task062 TT + task109 trim reuse + task110 modular CP; pred 7429.20,submission.zip,7429.20,7429.20,COMPLETE,keithtyser,keithtyser,/goal win silver medal,/submissions/54681223/54681223.raw
54682123,423496,2026-07-14T10:25:55.370Z,own full stack + task148 shared basis + task187 state collapse + task243 saturated horizon; pred 7430.19,submission.zip,7430.19,7430.19,COMPLETE,keithtyser,keithtyser,/goal win silver medal,/submissions/54682123/54682123.raw
54683161,401868,2026-07-14T11:06:17.180Z,own full stack + task204 shared quantized detector + task286 compact propagation; pred 7430.68,submission.zip,7414.51,7414.51,COMPLETE,keithtyser,keithtyser,/goal win silver medal,/submissions/54683161/54683161.raw
54683575,413514,2026-07-14T11:24:36.367Z,safe full stack + task204 shared quantized detector; pred 7430.46; task286 audit-rejected,submission.zip,7414.29,7414.29,COMPLETE,keithtyser,keithtyser,/goal win silver medal,/submissions/54683575/54683575.raw
54684772,401380,2026-07-14T12:09:15.867Z,trusted 7430.19 + Kaggle A/B-confirmed task286 propagation compact; pred 7430.41; excludes failed task204,submission.zip,7430.41,7430.41,COMPLETE,keithtyser,keithtyser,/goal win silver medal,/submissions/54684772/54684772.raw
54685821,401424,2026-07-14T12:44:45.347Z,trusted 7430.41 + own exact task025 structural rewrite; pred 7430.66; full gates and 3724 transform-mode checks clean,submission.zip,7430.67,7430.67,COMPLETE,keithtyser,keithtyser,/goal win silver medal,/submissions/54685821/54685821.raw
54687515,401116,2026-07-14T13:37:47.380Z,full accepted 7430.67 + own task366 direct-bounds exact rewrite; pred 7430.87; D4/color/CC/processor/package gates clean,submission.zip,7430.87,7430.87,COMPLETE,keithtyser,keithtyser,/goal win silver medal,/submissions/54687515/54687515.raw
54692196,406453,2026-07-14T16:11:52.520Z,full 7431.23: task209 sampled u8 + task270 exact dedup + task379 moments,submission.zip,7431.23,7431.23,COMPLETE,keithtyser,keithtyser,/goal win silver medal,/submissions/54692196/54692196.raw
54694212,406378,2026-07-14T17:20:16.467Z,full 7431.41: task076 safe transform priority + task002 exact rank2; full official/reARC/metamorphic/processor gates,submission.zip,7431.41,7431.41,COMPLETE,keithtyser,keithtyser,/goal win silver medal,/submissions/54694212/54694212.raw
54694899,406608,2026-07-14T17:46:15.607Z,full 7431.57: own task080 structural row/select fusion + dynamic stamp kernel; official/reARC/metamorphic/processor/package gates,submission.zip,7431.57,7431.57,COMPLETE,keithtyser,keithtyser,/goal win silver medal,/submissions/54694899/54694899.raw
54695788,406632,2026-07-14T18:23:45.933Z,full 7431.93: own task255 rank3 selection + task338 fused quantized pad; official/reARC/metamorphic/processor/package gates,submission.zip,7431.94,7431.94,COMPLETE,keithtyser,keithtyser,/goal win silver medal,/submissions/54695788/54695788.raw
54695800,406712,2026-07-14T18:24:02.900Z,full probe: task001 runtime-exact 37-cost sparse factor + validated task255/task338; distinct current-factor sparse compatibility test,submission.zip,,,ERROR,keithtyser,keithtyser,/goal win silver medal,/submissions/54695800/54695800.raw
54696443,406728,2026-07-14T18:50:44.993Z,full probe B: task001 current sparse37 with pre-sanitized sparse value/index names + validated task255/task338,submission.zip,,,ERROR,keithtyser,keithtyser,/goal win silver medal,/submissions/54696443/54696443.raw
54697747,406701,2026-07-14T19:57:20.863Z,isolated probe C: task001 runtime/exhaustive-exact cost37 linear-index sparse encoding + accepted task255/task338 base,submission.zip,,,ERROR,keithtyser,keithtyser,/goal win silver medal,/submissions/54697747/54697747.raw
54697955,406936,2026-07-14T20:07:28.653Z,isolated probe: task097 exact sparse-Conv weight cost173 vs910; distinct checker path; accepted task255/task338 base,submission.zip,,,ERROR,keithtyser,keithtyser,/goal win silver medal,/submissions/54697955/54697955.raw
54700123,419472,2026-07-14T21:12:41.783Z,full exact +1.19 task110 task054 task285 task286 task366,submission.zip,7431.74,7431.74,COMPLETE,keithtyser,keithtyser,/goal win silver medal,/submissions/54700123/54700123.raw
54700580,419477,2026-07-14T21:35:52.207Z,full isolate no110: task054 285 286 366,submission.zip,7431.74,7431.74,COMPLETE,keithtyser,keithtyser,/goal win silver medal,/submissions/54700580/54700580.raw
54700582,406627,2026-07-14T21:35:55.943Z,isolated task110 Kaggle cost reconciliation,submission.zip,7431.94,7431.94,COMPLETE,keithtyser,keithtyser,/goal win silver medal,/submissions/54700582/54700582.raw
54700584,407031,2026-07-14T21:35:59.390Z,isolated task054 exact candidate,submission.zip,7432.02,7432.02,COMPLETE,keithtyser,keithtyser,/goal win silver medal,/submissions/54700584/54700584.raw
54700585,406551,2026-07-14T21:36:02.653Z,isolated task285 exact candidate,submission.zip,7432.01,7432.01,COMPLETE,keithtyser,keithtyser,/goal win silver medal,/submissions/54700585/54700585.raw
54700587,418744,2026-07-14T21:36:06.307Z,isolated task286 exact candidate,submission.zip,7431.74,7431.74,COMPLETE,keithtyser,keithtyser,/goal win silver medal,/submissions/54700587/54700587.raw
54700589,407047,2026-07-14T21:36:09.740Z,isolated task366 exact candidate,submission.zip,7431.78,7431.78,COMPLETE,keithtyser,keithtyser,/goal win silver medal,/submissions/54700589/54700589.raw
54701547,408603,2026-07-14T21:50:07.033Z,isolated task233 hardened +0.258,submission.zip,7432.20,7432.20,COMPLETE,keithtyser,keithtyser,/goal win silver medal,/submissions/54701547/54701547.raw
54701555,406602,2026-07-14T21:50:21.940Z,isolated task101 +0.507 hidden-risk probe,submission.zip,7416.22,7416.22,COMPLETE,keithtyser,keithtyser,/goal win silver medal,/submissions/54701555/54701555.raw
54701765,406950,2026-07-14T22:01:42.217Z,confirmed Kaggle positives task054 +0.08 task285 +0.07; accepted 7431.94 base,submission.zip,7432.10,7432.10,COMPLETE,keithtyser,keithtyser,/goal win silver medal,/submissions/54701765/54701765.raw
54701899,408921,2026-07-14T22:08:03.933Z,confirmed Kaggle-positive consolidation task054 task285 task233 expected +0.41 from 7431.94,submission.zip,7432.35,7432.35,COMPLETE,keithtyser,keithtyser,/goal win silver medal,/submissions/54701899/54701899.raw
54702077,405449,2026-07-14T22:18:20.783Z,isolated task017 residue-factor +0.753 hidden-rule probe; accepted 7431.94 base,submission.zip,7432.69,7432.69,COMPLETE,keithtyser,keithtyser,/goal win silver medal,/submissions/54702077/54702077.raw
54702105,406580,2026-07-14T22:19:27.600Z,isolated task002 one-Einsum +0.583 processor/generalization probe; accepted 7431.94 base,submission.zip,7432.50,7432.50,COMPLETE,keithtyser,keithtyser,/goal win silver medal,/submissions/54702105/54702105.raw
54702267,407759,2026-07-14T22:25:19.600Z,full confirmed stack task233 task054 task285 plus hardened task017 +0.547; expected 7432.90,submission.zip,7432.90,7432.90,COMPLETE,keithtyser,keithtyser,/goal win silver medal,/submissions/54702267/54702267.raw
54702276,407707,2026-07-14T22:26:07.253Z,full material stack confirmed 233 054 285 hardened017 plus generalization-tested task002; expected 7433.48,submission.zip,7433.46,7433.46,COMPLETE,keithtyser,keithtyser,/goal win silver medal,/submissions/54702276/54702276.raw
54702790,407557,2026-07-14T22:46:59.857Z,full 7433.46 production stack plus robust task076 +0.119 and task233 deep +0.020; expected 7433.60,submission.zip,7433.60,7433.60,COMPLETE,keithtyser,keithtyser,/goal win silver medal,/submissions/54702790/54702790.raw
54702871,407536,2026-07-14T22:51:40.337Z,full 7433.46 base plus Kaggle-confirmed task017 fast +0.206 task076 +0.119 task233 deep +0.020; expected 7433.81,submission.zip,7433.81,7433.81,COMPLETE,keithtyser,keithtyser,/goal win silver medal,/submissions/54702871/54702871.raw
54702961,407620,2026-07-14T22:56:32.640Z,full expected 7433.81 stack plus task200 fused quadratic cost607 to424 +0.359 exhaustive rule stress; expected 7434.17,submission.zip,7434.17,7434.17,COMPLETE,keithtyser,keithtyser,/goal win silver medal,/submissions/54702961/54702961.raw
54703163,407999,2026-07-14T23:06:25.337Z,full expected7434.17 stack plus robust task204 +0.250 and task278 +0.243; expected 7434.66,submission.zip,7434.66,7434.66,COMPLETE,keithtyser,keithtyser,/goal win silver medal,/submissions/54703163/54703163.raw
54703593,407230,2026-07-14T23:26:26.443Z,full latest 7434.66 stack plus robust task085 +0.501 task064 +0.364 task131 +0.260; expected 7435.78,submission.zip,7435.78,7435.78,COMPLETE,keithtyser,keithtyser,/goal win silver medal,/submissions/54703593/54703593.raw
54703814,408786,2026-07-14T23:35:37.823Z,full latest expected7435.78 stack plus robust task158 cost18536 to16800 +0.0983; expected7435.88,submission.zip,7435.88,7435.88,COMPLETE,keithtyser,keithtyser,/goal win silver medal,/submissions/54703814/54703814.raw
54704200,408643,2026-07-14T23:51:27.543Z,full latest expected7435.88 stack plus robust task198 output-direct cost7922 to3765 +0.744; expected7436.62,submission.zip,7436.63,7436.63,COMPLETE,keithtyser,keithtyser,/goal win silver medal,/submissions/54704200/54704200.raw
54706589,408712,2026-07-15T01:04:24.777Z,full live 7436.63 plus robust task145 +0.03689 and task324 +0.05626; official all-corpus/checker/generalization/processor gates; expected 7436.72,submission.zip,7436.72,7436.72,COMPLETE,keithtyser,keithtyser,/goal win silver medal,/submissions/54706589/54706589.raw
54707051,410179,2026-07-15T01:21:55.603Z,full live 7436.63 plus task122 +.00868 task145 +.03689 task187 +.03816 task219 +.10725 task324 +.05626; expected 7436.88; full local exact gates,submission.zip,7436.87,7436.87,COMPLETE,keithtyser,keithtyser,/goal win silver medal,/submissions/54707051/54707051.raw
54707074,409059,2026-07-15T01:22:30.557Z,probe: full expected7436.88 recovery plus task018 local 266 exact cost14216to12992 +.090; nonrobust metamorphic risk; expected7436.97 if hidden holds,submission.zip,7436.96,7436.96,COMPLETE,keithtyser,keithtyser,/goal win silver medal,/submissions/54707074/54707074.raw
54707520,407494,2026-07-15T01:37:53.667Z,isolated probe no task219: confirmed7436.72 plus robust task122 +.00868 task187 +.03816 and task018 local exact +.09003; expected7436.86 if hidden holds,submission.zip,7436.86,7436.86,COMPLETE,keithtyser,keithtyser,/goal win silver medal,/submissions/54707520/54707520.raw
54707732,409029,2026-07-15T01:44:29.950Z,HIGH RISK task101 fingerprint over production 7436.96; local expected 7437.47,submission.zip,7421.25,7421.25,COMPLETE,keithtyser,keithtyser,/goal win silver medal,/submissions/54707732/54707732.raw
54708478,408020,2026-07-15T02:11:10.350Z,full package 7436.96 base + validated task096 moment hash projected +0.48338,submission.zip,7420.74,7420.74,COMPLETE,keithtyser,keithtyser,/goal win silver medal,/submissions/54708478/54708478.raw
54708811,408056,2026-07-15T02:23:24.613Z,full package 7436.96 base + task096 +0.48338 + task077 +0.50521 validated exact; expected 7437.95,submission.zip,7421.24,7421.24,COMPLETE,keithtyser,keithtyser,/goal win silver medal,/submissions/54708811/54708811.raw
54709016,409095,2026-07-15T02:31:28.507Z,clean full package confirmed 7436.96 base + task077 direct branch +0.50521 exact; task096 reverted after hidden zero; expected 7437.47,submission.zip,7437.47,7437.47,COMPLETE,keithtyser,keithtyser,/goal win silver medal,/submissions/54709016/54709016.raw
54709083,408992,2026-07-15T02:34:27.913Z,clean full package 7436.96 base + task077 +0.50521 + post-patch public-source task302 +0.24697 exact; task096 reverted; expected7437.71,submission.zip,7437.72,7437.72,COMPLETE,keithtyser,keithtyser,/goal win silver medal,/submissions/54709083/54709083.raw
54709267,408563,2026-07-15T02:41:22.330Z,SILVER RECOVERY clean 7436.96 base + public Kaggle-confirmed task017 cost10 +5.2386 + task077 +0.5052 + task302 +0.2470; task096 reverted; expected7442.95,submission.zip,7442.95,7442.95,COMPLETE,keithtyser,keithtyser,/goal win silver medal,/submissions/54709267/54709267.raw
54709312,408121,2026-07-15T02:43:05.867Z,RANK CUSHION clean full package: 7436.96 + task017 cost10 +5.2380 + task305 same cost10 +3.9357 + task077 +0.5052 + task302 +0.2470; task096 reverted; expected7446.89,submission.zip,7446.89,7446.89,COMPLETE,keithtyser,keithtyser,/goal win silver medal,/submissions/54709312/54709312.raw
54709375,406850,2026-07-15T02:45:44.273Z,"RANK130 PUSH clean full: 7436.96 + task017/task305 cost10 + task077/task302 + validated public source batch008,088,177,217,243,246,251,383; task096 reverted; expected7449.23",submission.zip,7449.23,7449.23,COMPLETE,keithtyser,keithtyser,/goal win silver medal,/submissions/54709375/54709375.raw
54709461,406625,2026-07-15T02:49:02.157Z,RANK130 PUSH cumulative clean: expected7450.05; + post-patch Jul15 public-source task010 cost379 full265 exact; prior task017/305/077/302 + validated batch; task096 reverted,submission.zip,7450.06,7450.06,COMPLETE,keithtyser,keithtyser,/goal win silver medal,/submissions/54709461/54709461.raw
54709610,406315,2026-07-15T02:54:44.160Z,"RANK130 BREAK cumulative clean expected7452.56: +Task050 cost448 full271 +Task303 cost700 full265, Jul15 reproducible public architectures; prior validated stack; task096 reverted",submission.zip,7452.56,7452.56,COMPLETE,keithtyser,keithtyser,/goal win silver medal,/submissions/54709610/54709610.raw
54709675,406085,2026-07-15T02:57:23.883Z,RANK130 CUSHION cumulative clean expected7453.00: +7 Jul15 public-source full-current validated tasks074/086/133/224/336/359/363 (+0.439); prior task050/303 stack; task096 reverted,submission.zip,7453.00,7453.00,COMPLETE,keithtyser,keithtyser,/goal win silver medal,/submissions/54709675/54709675.raw
54709786,405610,2026-07-15T03:00:52.200Z,"RANK124 CUSHION cumulative clean expected7454.35: +Task197 exact public cost130 full267 current checker (+1.351), Jul15 documented identity-vote reconstruction; prior7453 stack; task096 reverted",submission.zip,7454.35,7454.35,COMPLETE,keithtyser,keithtyser,/goal win silver medal,/submissions/54709786/54709786.raw
54709808,405617,2026-07-15T03:01:41.910Z,"RANK123 CUSHION cumulative clean expected7454.92: +Task077 public cost2160 full266 + adversarial6 exact (+0.570), honest Jul14 verified-package architecture; prior7454.35 stack; task096 reverted",submission.zip,7437.31,7437.31,COMPLETE,keithtyser,keithtyser,/goal win silver medal,/submissions/54709808/54709808.raw
54709869,405599,2026-07-15T03:03:46.657Z,"RANK122 CUSHION cumulative clean expected7455.21: +Task329 exact public cost468 full266 current checker (+0.288), honest Jul ledger regime reconstruction; prior7454.92 stack; task096 reverted",submission.zip,7455.21,7455.21,COMPLETE,keithtyser,keithtyser,/goal win silver medal,/submissions/54709869/54709869.raw
54710012,405104,2026-07-15T03:07:59.637Z,RANK121 CUSHION cumulative clean expected7456.16: +Task094 exact public SHA cost1128 full265 +Task356 cost448 full266 (+0.955); prior7455.21 stack; task096 reverted,submission.zip,7438.56,7438.56,COMPLETE,keithtyser,keithtyser,/goal win silver medal,/submissions/54710012/54710012.raw
54710187,405209,2026-07-15T03:14:41.057Z,GOLD PUSH cumulative expected7456.63: +Task239 Jul12 public rank-machine cost592 full267 strict/profile (+0.469); prior7456.16 validated stack; task096 reverted,submission.zip,7439.03,7439.03,COMPLETE,keithtyser,keithtyser,/goal win silver medal,/submissions/54710187/54710187.raw
54710594,405704,2026-07-15T03:33:00.710Z,GOLD CLEAN rebase on LIVE-confirmed 7455.21 ref54709869 only; +Task239 Jul12 current-checker rank-machine cost592 full267 profile validated (+0.469); excludes hidden-failing Task094/356 pair; task096 reverted,submission.zip,7438.07,7438.07,COMPLETE,keithtyser,keithtyser,/goal win silver medal,/submissions/54710594/54710594.raw
54710609,405638,2026-07-15T03:33:51.417Z,GOLD isolate on LIVE-confirmed 7455.21 ref54709869: +Task356 only cost448 full266 current-checker Jul public reconstruction (+0.2356); excludes Task094; task096 reverted,submission.zip,7455.45,7455.45,COMPLETE,keithtyser,keithtyser,/goal win silver medal,/submissions/54710609/54710609.raw
54710611,405065,2026-07-15T03:33:54.627Z,GOLD diagnostic on LIVE-confirmed 7455.21 ref54709869: +Task094 only exact public artifact cost1128 (+0.7194); isolates hidden failure from Task356; task096 reverted,submission.zip,7455.93,7455.93,COMPLETE,keithtyser,keithtyser,/goal win silver medal,/submissions/54710611/54710611.raw
54711194,413664,2026-07-15T03:59:19.610Z,"GOLD SAFE cumulative on LIVE 7455.21 ref54709869: +Task239 cost592 (+.469) +Task198 exact rank2 cost3181 (+.1686) +Task329 exact rank5 cost418 (+.1130); all current checker/full corpus, only 3 diffs, preserves confirmed zip order/task096; excludes094/356; expected7455.96",submission.zip,7455.96,7455.96,COMPLETE,keithtyser,keithtyser,/goal win silver medal,/submissions/54711194/54711194.raw
54711215,413149,2026-07-15T04:00:15.600Z,GOLD FULL retry A on LIVE7455.93 ref54710611: add individually Kaggle-positive Task356 + validated Task239/198/329; expected7456.92 if known stochastic Task077 completes; preserves successful Task094 zip order/task096; full package score submission,submission.zip,7456.92,7456.92,COMPLETE,keithtyser,keithtyser,/goal win silver medal,/submissions/54711215/54711215.raw
54711220,413149,2026-07-15T04:00:19.443Z,GOLD FULL retry B identical expected7456.92: runtime hedge for known stochastic Task077; all added tasks isolated/current-checker/full-corpus validated; preserves live-success zip order and task096,submission.zip,7456.92,7456.92,COMPLETE,keithtyser,keithtyser,/goal win silver medal,/submissions/54711220/54711220.raw
54711335,413354,2026-07-15T04:05:39.933Z,GOLD FULL 7457.20 retry A on LIVE7455.93: +individually-positive356 +validated239/198/329/270 +online-verified fuzz-clean174/118; preserves live zip order/task096; Task077 runtime hedge; full score package,submission.zip,7439.59,7439.59,COMPLETE,keithtyser,keithtyser,/goal win silver medal,/submissions/54711335/54711335.raw
54711336,413354,2026-07-15T04:05:43.677Z,"GOLD FULL 7457.20 retry B identical: full validated package, known Task077 stochastic-runtime hedge; preserves LIVE Task094 successful ordering/task096",submission.zip,7457.20,7457.20,COMPLETE,keithtyser,keithtyser,/goal win silver medal,/submissions/54711336/54711336.raw
54711339,414376,2026-07-15T04:05:47.773Z,"GOLD probe Task012 only on LIVE7455.93: post-cutoff public one-Conv cost820 vs2232 +1.001; 265/265 corpus but 69/500 permutation fuzz mismatch, isolated Kaggle hidden test; preserves live order/task096",submission.zip,7438.64,7438.64,COMPLETE,keithtyser,keithtyser,/goal win silver medal,/submissions/54711339/54711339.raw
54711473,413129,2026-07-15T04:12:44.047Z,"GOLD FULL 7458.20 retry A on LIVE7455.93: adds hardened Task012 cost820 265/265+5000/5000 fuzz, plus validated356/239/198/329/270/174/118; live zip order/task096; Task077 runtime hedge",submission.zip,7458.20,7458.20,COMPLETE,keithtyser,keithtyser,/goal win silver medal,/submissions/54711473/54711473.raw
54711475,413129,2026-07-15T04:12:48.143Z,"GOLD FULL 7458.20 retry B identical: full current-checker/corpus/fuzz validated package, known stochastic Task077 runtime hedge; preserves LIVE-success order and task096",submission.zip,7458.20,7458.20,COMPLETE,keithtyser,keithtyser,/goal win silver medal,/submissions/54711475/54711475.raw
54713080,413318,2026-07-15T05:15:32.867Z,gold material task101 6465 plus safe bank 270v15 050 356; expected 7458.79,submission.zip,7442.56,7442.56,COMPLETE,keithtyser,keithtyser,/goal win silver medal,/submissions/54713080/54713080.raw
54713382,413873,2026-07-15T05:24:17.273Z,gold cumulative material task138 6928 + task101 6465 + safe bank; expected 7459.31,submission.zip,7425.47,7425.47,COMPLETE,keithtyser,keithtyser,/goal win silver medal,/submissions/54713382/54713382.raw
54713585,413771,2026-07-15T05:32:41.873Z,GOLD isolate Task138 cost6928 plus safe bank on 7458.20; excludes Task101 hidden-risk; exact266/current checker/strict ORT; expected 7458.80,submission.zip,7458.80,7458.80,COMPLETE,keithtyser,keithtyser,/goal win silver medal,/submissions/54713585/54713585.raw
54714711,413818,2026-07-15T06:15:57.500Z,FULL 7458.85 Task077 exact factorization hedge A; 266/266; zip 5b79b5cf,submission.zip,7458.85,7458.85,COMPLETE,keithtyser,keithtyser,/goal win silver medal,/submissions/54714711/54714711.raw
54714716,413818,2026-07-15T06:16:05.007Z,FULL 7458.85 Task077 exact factorization hedge B; identical zip 5b79b5cf,submission.zip,7458.85,7458.85,COMPLETE,keithtyser,keithtyser,/goal win silver medal,/submissions/54714716/54714716.raw
54715103,413576,2026-07-15T06:30:33.957Z,"HIGH UPSIDE FULL 7458.85 + Task141 polynomial cost324; exact algebra, runtime gamble; zip eca2bd6f",submission.zip,,,ERROR,keithtyser,keithtyser,/goal win silver medal,/submissions/54715103/54715103.raw
54715235,413946,2026-07-15T06:35:37.477Z,FULL expected 7459.38: Task141 bounded polynomial cost811 exact 265/265 plus Task077 factor; zip a1d3f6a9,submission.zip,7459.38,7459.38,COMPLETE,keithtyser,keithtyser,/goal win silver medal,/submissions/54715235/54715235.raw
54715354,413646,2026-07-15T06:40:18.993Z,FULL high-risk current-checker probe: 7459.38 + Task260 exact266 Compress zero-dim static cost254 (~7461.17 if accepted); zip 4a88402d,submission.zip,7441.71,7441.71,COMPLETE,keithtyser,keithtyser,/goal win silver medal,/submissions/54715354/54715354.raw
54715484,414048,2026-07-15T06:45:13.933Z,FULL reliable expected 7460.24: Task141 cost811 + Task260 signed regime cost643; both exact full corpus official profiler; zip d4e16a9e,submission.zip,7460.24,7460.24,COMPLETE,keithtyser,keithtyser,/goal win silver medal,/submissions/54715484/54715484.raw
54715583,413920,2026-07-15T06:49:14.040Z,FULL reliable expected 7460.48: add Task051 free-output ray cost1282 exact full corpus to Task141+260 gains; zip df1c1cd9,submission.zip,7442.87,7442.87,COMPLETE,keithtyser,keithtyser,/goal win silver medal,/submissions/54715583/54715583.raw
54715676,414130,2026-07-15T06:52:48.880Z,FULL reliable expected 7461.03: Task141 degree4 cost469 exact + Task0511282 + Task260643; full profiler gates; zip fafe671b,submission.zip,7461.03,7461.03,COMPLETE,keithtyser,keithtyser,/goal win silver medal,/submissions/54715676/54715676.raw
54715964,414301,2026-07-15T07:03:29.533Z,FULL reliable expected 7461.48: add Task159 compact exact cost997 to Task141469+Task0511282+Task260643; full corpus 1-thread; zip 55d2b1bd,submission.zip,7443.87,7443.87,COMPLETE,keithtyser,keithtyser,/goal win silver medal,/submissions/54715964/54715964.raw
54716249,413030,2026-07-15T07:14:17.223Z,FULL reliable expected 7461.84: add Task398 CRT exact cost1176 to Task159997+Task141469+Task0511282+Task260643; ORT268/268; zip b7800496,submission.zip,7461.84,7461.84,COMPLETE,keithtyser,keithtyser,/goal win silver medal,/submissions/54716249/54716249.raw
54716688,412966,2026-07-15T07:30:36.340Z,FULL clean expected7461.83: confirmed7461.03 + Task297 exact898 + Task398 CRT exact1176; full ORT/static gates; zip4220f351,submission.zip,7461.82,7461.82,COMPLETE,keithtyser,keithtyser,/goal win silver medal,/submissions/54716688/54716688.raw
54716689,414237,2026-07-15T07:30:36.433Z,FULL clean on confirmed 7461.03: Task297 signed exact cost898; ref+ORT265/265 exhaustive56700; expected7461.47; zip52567a85,submission.zip,7461.47,7461.47,COMPLETE,keithtyser,keithtyser,/goal win silver medal,/submissions/54716689/54716689.raw
54716912,414428,2026-07-15T07:38:47.330Z,FULL hardening expected7461.88: confirmed7461.03 + Task297 exact898 + Task159 INT32 exact1033; Task159 83744 rule fuzz; zip7a46ef85,submission.zip,7444.27,7444.27,COMPLETE,keithtyser,keithtyser,/goal win silver medal,/submissions/54716912/54716912.raw
54716967,413137,2026-07-15T07:40:15.617Z,FULL highest-base push expected7462.28: live-confirmed7461.84 + Task297 signed exact cost898; ref+ORT265 exhaustive56700; zip79dc4102,submission.zip,7462.28,7462.28,COMPLETE,keithtyser,keithtyser,/goal win silver medal,/submissions/54716967/54716967.raw
54717095,413235,2026-07-15T07:44:47.063Z,FULL highest-base expected7463.02: live7461.84 + Task297 exact898 + Task343 exact441; strict+Ref+ORT full corpora; zipf1ed3d9b,submission.zip,7463.02,7463.02,COMPLETE,keithtyser,keithtyser,/goal win silver medal,/submissions/54717095/54717095.raw
54717163,412428,2026-07-15T07:46:32.913Z,FULL major push expected7464.26: live7461.84 + Task074 exact1814 + Task343 exact441 + Task297 exact898; all strict Ref ORT; zip3ff2f39d,submission.zip,7446.65,7446.65,COMPLETE,keithtyser,keithtyser,/goal win silver medal,/submissions/54717163/54717163.raw
54717542,412612,2026-07-15T08:01:35.070Z,RUNTIME GAMBLE full expected7464.36: latest cumulative 7464.26 + Task182 exact267 cost5462; strict/ORT-disable exact but optimized ORT native crash risk; zipc9c91567,submission.zip,7464.36,7464.36,COMPLETE,keithtyser,keithtyser,/goal win silver medal,/submissions/54717542/54717542.raw
54724489,412831,2026-07-15T12:06:55.920Z,FULL expected7465.89 from proven7464.36: Task074 isolated-LB-proven exact factor cost558 plus Task374 isolated-proven rank factor cost1071; exact winning order/base; zip74040081,submission.zip,7465.88,7465.88,COMPLETE,keithtyser,keithtyser,/goal win silver medal,/submissions/54724489/54724489.raw
54724624,411885,2026-07-15T12:11:51.613Z,FULL expected7466.33: proven074+374 on7464.36 plus Kaggle-positive public899 exact batch 080/133/215/251/356/388/400 and exact054 micro; pinned096/order; zip7522d43d,submission.zip,7466.32,7466.32,COMPLETE,keithtyser,keithtyser,/goal win silver medal,/submissions/54724624/54724624.raw
54724831,411817,2026-07-15T12:17:57.857Z,FULL expected7466.46: prior public899 stack plus reconstructed exact Task317 cost136 and Task265 free-output cost4068; both full corpus Ref/ORT; pinned096/order; zip6f09882c,submission.zip,7448.85,7448.85,COMPLETE,keithtyser,keithtyser,/goal win silver medal,/submissions/54724831/54724831.raw
54724896,411836,2026-07-15T12:20:11.873Z,"FULL expected7466.64: cumulative safe stack plus exact shared-basis Task215 cost414, official265/265; pinned096 and winning order; zip7af17b54",submission.zip,7466.64,7466.64,COMPLETE,keithtyser,keithtyser,/goal win silver medal,/submissions/54724896/54724896.raw
54725176,411703,2026-07-15T12:29:34.500Z,7467.05 cumulative: exact Task320 510 + Task341 1231,submission.zip,7467.05,7467.05,COMPLETE,keithtyser,keithtyser,/goal win silver medal,/submissions/54725176/54725176.raw
54725614,409424,2026-07-15T12:45:01.720Z,7467.14 cumulative: exact reconstructed Task219 TopK/QConv cost5690,submission.zip,7467.14,7467.14,COMPLETE,keithtyser,keithtyser,/goal win silver medal,/submissions/54725614/54725614.raw
54725642,409327,2026-07-15T12:45:40.483Z,7467.32 cumulative: exact Task174 argmax-ratio cost2759,submission.zip,7449.71,7449.71,COMPLETE,keithtyser,keithtyser,/goal win silver medal,/submissions/54725642/54725642.raw
54725759,409374,2026-07-15T12:50:29.180Z,7467.40 cumulative: Task219 public-target reconstruction improved to cost5252 official exact,submission.zip,7467.40,7467.40,COMPLETE,keithtyser,keithtyser,/goal win silver medal,/submissions/54725759/54725759.raw
54725884,409303,2026-07-15T12:54:57.190Z,7467.48 cumulative: exact Task145 public convbias target cost9350,submission.zip,7449.86,7449.86,COMPLETE,keithtyser,keithtyser,/goal win silver medal,/submissions/54725884/54725884.raw
54725918,409029,2026-07-15T12:55:45.387Z,7467.61 cumulative: exact Task107 kron-ray cost3085,submission.zip,7467.60,7467.60,COMPLETE,keithtyser,keithtyser,/goal win silver medal,/submissions/54725918/54725918.raw
54725975,408752,2026-07-15T12:57:44.733Z,7468.36 cumulative: exact Task061 uint64 bitset renderer cost636,submission.zip,7468.36,7468.36,COMPLETE,keithtyser,keithtyser,/goal win silver medal,/submissions/54725975/54725975.raw
54726468,404590,2026-07-15T13:13:24.037Z,"7468.61 cumulative bundle: Task023 cost5387 + Task141 cost435 + Task234 cost2884, exact validated",submission.zip,7468.61,7468.61,COMPLETE,keithtyser,keithtyser,/goal win silver medal,/submissions/54726468/54726468.raw
54726851,404447,2026-07-15T13:25:16.370Z,"7468.87 cumulative bundle: Task234 cost2378 + Task341 cost1155, exact validated",submission.zip,7468.87,7468.87,COMPLETE,keithtyser,keithtyser,/goal win silver medal,/submissions/54726851/54726851.raw
54728107,405020,2026-07-15T14:05:46.233Z,"7469.25 cumulative bundle: exact Tasks051 1240, 054 14725, 158 15729, 367 6389",submission.zip,7435.40,7435.40,COMPLETE,keithtyser,keithtyser,/goal win silver medal,/submissions/54728107/54728107.raw
54728580,405085,2026-07-15T14:20:03.063Z,7469.82 cumulative bundle: exact Task240 cost396 + Task250 cost1335; delta +0.56877,submission.zip,7453.58,7453.58,COMPLETE,keithtyser,keithtyser,/goal win silver medal,/submissions/54728580/54728580.raw
54729381,405211,2026-07-15T14:41:32.013Z,7470.27 cumulative bundle: exact Task002 cost2234 + Task050 cost415 + Task059 cost530; delta +0.44853; runtime hedge,submission.zip,7454.03,7454.03,COMPLETE,keithtyser,keithtyser,/goal win silver medal,/submissions/54729381/54729381.raw
54729488,405106,2026-07-15T14:44:37.860Z,"7470.56 cumulative bundle: Task002 cost1754 + Task133 cost17014, exact; delta +0.29053; runtime hedge",submission.zip,7454.32,7454.32,COMPLETE,keithtyser,keithtyser,/goal win silver medal,/submissions/54729488/54729488.raw
54729787,405057,2026-07-15T14:53:33.127Z,7470.94 cumulative bundle: Task002 cost1499 + Task320 cost416 + Task324 cost7895; exact; delta +0.38485; runtime hedge,submission.zip,7454.70,7454.70,COMPLETE,keithtyser,keithtyser,/goal win silver medal,/submissions/54729787/54729787.raw
54730133,405171,2026-07-15T15:02:14.273Z,7471.26 cumulative bundle: Task063 cost1391 + Task320 cost340; exact; delta +0.31384; runtime hedge,submission.zip,7455.02,7455.02,COMPLETE,keithtyser,keithtyser,/goal win silver medal,/submissions/54730133/54730133.raw
54730573,404801,2026-07-15T15:15:51.877Z,7471.00 reliable cumulative: all validated gains through Task063/320; revert deterministic-failing Task367 fused model to last live-stable cost8273,submission.zip,7471.00,7471.00,COMPLETE,keithtyser,keithtyser,/goal win silver medal,/submissions/54730573/54730573.raw
54732384,404658,2026-07-15T16:05:46.760Z,7471.258 cumulative bundle: 27 exact validated tasks; Task023 4814 + Task160 1030 + Task367 7969 + exact dedupe bank; delta +0.25893,submission.zip,7471.25,7471.25,COMPLETE,keithtyser,keithtyser,/goal win silver medal,/submissions/54732384/54732384.raw
54733108,397289,2026-07-15T16:26:21.647Z,7471.510 cumulative bundle: Task001 184 + Task019 1448 + Task160 994 + Task264 1480 + Task367 7617; validated delta +0.25148,submission.zip,7471.51,7471.51,COMPLETE,keithtyser,keithtyser,/goal win silver medal,/submissions/54733108/54733108.raw
54734024,404950,2026-07-15T16:54:20.570Z,7471.888 cumulative exact: T001 180 + T019 1249 + T125 1000; validated delta +0.378458,submission.zip,7454.27,7454.27,COMPLETE,keithtyser,keithtyser,/goal win silver medal,/submissions/54734024/54734024.raw
54734473,405531,2026-07-15T17:06:32.100Z,7478.700 cumulative: 24 strict public final-day wins + Task397 877; full gate delta +6.811558,submission.zip,7478.70,7478.70,COMPLETE,keithtyser,keithtyser,/goal win silver medal,/submissions/54734473/54734473.raw
54734705,405417,2026-07-15T17:12:53.627Z,7479.055 cumulative: Task037 1032 + Task162 2323; exact validated bundle delta +0.355144,submission.zip,7479.05,7479.05,COMPLETE,keithtyser,keithtyser,/goal win silver medal,/submissions/54734705/54734705.raw
54734869,405504,2026-07-15T17:18:04.297Z,7479.624 cumulative: T110 2236 + T243 3578 + T354 1314; validated delta +0.568876,submission.zip,7479.62,7479.62,COMPLETE,keithtyser,keithtyser,/goal win silver medal,/submissions/54734869/54734869.raw
54734984,405510,2026-07-15T17:21:42.663Z,CLEAN 7479.245: restore live T001/T019/T125; 30 independently validated wins; exact audit,submission.zip,7461.63,7461.63,COMPLETE,keithtyser,keithtyser,/goal win silver medal,/submissions/54734984/54734984.raw
54735775,406111,2026-07-15T17:48:07.557Z,7480.747 cumulative: T077 1856 + T192 947 + T361 2582; audited validated delta +1.123200,submission.zip,7480.74,7480.74,COMPLETE,keithtyser,keithtyser,/goal win silver medal,/submissions/54735775/54735775.raw
54736402,406389,2026-07-15T18:06:14.823Z,7481.393 cumulative: T198 1753 + T285 14443; audited validated delta +0.645965,submission.zip,7463.78,7463.78,COMPLETE,keithtyser,keithtyser,/goal win silver medal,/submissions/54736402/54736402.raw
54737218,396094,2026-07-15T18:33:21.027Z,7481.327 recovery: revert T198 strict fail; T182+204+209+233+285 validated bundle,submission.zip,7481.32,7481.32,COMPLETE,keithtyser,keithtyser,/goal win silver medal,/submissions/54737218/54737218.raw
54737700,398265,2026-07-15T18:52:30.660Z,7486.347 cumulative: public commit 361a857 exact 20-task +5.020534; source package online-proven; full corpus/hash audit,submission.zip,7486.34,7486.34,COMPLETE,keithtyser,keithtyser,/goal win silver medal,/submissions/54737700/54737700.raw
54738696,407335,2026-07-15T19:29:09.633Z,"7488.695 cumulative: 10 hardened tasks, +2.347235 over 7486.347",submission.zip,7472.59,7472.59,COMPLETE,keithtyser,keithtyser,/goal win silver medal,/submissions/54738696/54738696.raw
54739454,412813,2026-07-15T19:57:24.677Z,7488.789 corrected cumulative: revert hidden-failed Task118; add hardened Task279 +0.053620 and Task397 +0.180726; 400-entry hash audit,submission.zip,0.00,0.00,COMPLETE,keithtyser,keithtyser,/goal win silver medal,/submissions/54739454/54739454.raw
54739617,415220,2026-07-15T20:03:23.340Z,"7488.789 package-layout correction: identical audited payload, 400 root task files, Task118 restored to online-proven hash; Task279/397 hardened",submission.zip,7472.19,7472.19,COMPLETE,keithtyser,keithtyser,/goal win silver medal,/submissions/54739617/54739617.raw
54740516,415928,2026-07-15T20:34:17.983Z,"7488.87 repaired cumulative: revert hidden-failed T279; retain Kaggle-surviving 10-task stack; add hardened T054/T145/T286; 400 root entries, exact hash audit",submission.zip,7471.28,7471.28,COMPLETE,keithtyser,keithtyser,/goal win silver medal,/submissions/54740516/54740516.raw
54741615,416469,2026-07-15T21:16:00.567Z,7489.11 cumulative retry: proven T118/T279 restored; add hardened T157/T367 +0.269486; 400-root exact hash audit,submission.zip,7489.16,7489.16,COMPLETE,keithtyser,keithtyser,/goal win silver medal,/submissions/54741615/54741615.raw
54742223,405521,2026-07-15T21:38:59.077Z,"7489.72 cumulative: add T361 safe exact +0.104845; T198 conservative projected architecture +0.508523 (same proven max Einsum arity, 266x2 + 1747 stress); 400-root hash audit",submission.zip,7489.77,7489.77,COMPLETE,keithtyser,keithtyser,/goal win silver medal,/submissions/54742223/54742223.raw
54742405,405435,2026-07-15T21:44:35.090Z,7489.22 safe cutoff defense: T361 exact-source +0.104845 plus T018/T101/T328/T340 semantics-preserving prune +0.009750; all corpus/source parity; 400-root hash audit,submission.zip,7489.27,7489.27,COMPLETE,keithtyser,keithtyser,/goal win silver medal,/submissions/54742405/54742405.raw
54743038,405449,2026-07-15T22:08:52.963Z,"7494.27 cumulative five-task bank: T087/T140 strict zero-cost LpPool +3.218876; T303 exact fusion +1.157453; T297/T261 exact rank factors +0.167729; both ORT modes, full corpora, fresh stress, 400-root audit",submission.zip,7494.32,7494.32,COMPLETE,keithtyser,keithtyser,/goal win silver medal,/submissions/54743038/54743038.raw
54743971,416536,2026-07-15T22:37:41.960Z,"7494.83 cumulative robust: add 8 validated bank gains + T250 exact full inline +0.269129 + T243 packed state q=.025 +0.167562 + four online-proven prunes; 400-root hash audit, both ORT modes, full corpora",submission.zip,7494.88,7494.88,COMPLETE,keithtyser,keithtyser,/goal win silver medal,/submissions/54743971/54743971.raw
54745057,416498,2026-07-15T23:04:55.043Z,"7495.24 cumulative: robust 7494.88 + Sebastian verified T115/T196/T346 +0.355; official checker 267/267, both ORT modes, heldout stress, 400-root audit",submission.zip,7477.62,7477.62,COMPLETE,keithtyser,keithtyser,/goal win silver medal,/submissions/54745057/54745057.raw
54745087,415491,2026-07-15T23:05:30.813Z,"7495.72 isolated upside probe: safe 7495.24 + T096 moment-hash +0.483; exact 266x2 +453 translations, official static valid; isolated due historical hidden-risk family",submission.zip,7461.40,7461.40,COMPLETE,keithtyser,keithtyser,/goal win silver medal,/submissions/54745087/54745087.raw
54745178,416525,2026-07-15T23:07:34.980Z,"7495.21 conservative public fallback: robust 7494.88 + T115/T196 + no-Scatter T346 +0.325; full corpora both ORT modes + heldout, 400-root audit",submission.zip,7495.20,7495.20,COMPLETE,keithtyser,keithtyser,/goal win silver medal,/submissions/54745178/54745178.raw
54745227,416509,2026-07-15T23:08:48.340Z,"7495.37 isolated T279 hardened probe atop safe public bank: +0.133625, new SHA, 11556 D4/translation exact cases; isolated from known older failed family",submission.zip,7461.06,7461.06,COMPLETE,keithtyser,keithtyser,/goal win silver medal,/submissions/54745227/54745227.raw
54745575,416476,2026-07-15T23:16:37.847Z,"7496.22 Task162 algebraic p13 breakthrough provisional atop public bank: cost2323->876 +0.976; checker+strict pass, dual-ORT exact smoke; isolated while full corpus runs",submission.zip,7496.21,7496.21,COMPLETE,keithtyser,keithtyser,/goal win silver medal,/submissions/54745575/54745575.raw
54745706,416514,2026-07-15T23:19:17.923Z,7495.86 isolated Task162-only fallback on Kaggle-proven 7494.88: p13 algebraic fold cost2323->876 +0.976; checker/strict + dual-ORT smoke exact,submission.zip,7495.86,7495.86,COMPLETE,keithtyser,keithtyser,/goal win silver medal,/submissions/54745706/54745706.raw
54745800,416503,2026-07-15T23:21:03.980Z,7496.18 fully validated fallback: Task162 p13 +0.975249 (266/266 both ORT) + Sebastian T115/T196/no-Scatter T346 +0.325; 400-root audit,submission.zip,7478.57,7478.57,COMPLETE,keithtyser,keithtyser,/goal win silver medal,/submissions/54745800/54745800.raw
54745820,416487,2026-07-15T23:21:26.240Z,"7496.35 upside cumulative: fully validated T162 +0.975249 + Sebastian +0.355 + isolated hardened T279 +0.133625; exact hashes, 400-root audit",submission.zip,7479.64,7479.64,COMPLETE,keithtyser,keithtyser,/goal win silver medal,/submissions/54745820/54745820.raw
54745950,416494,2026-07-15T23:24:21.053Z,"7496.26 isolated Task162 P14 coverage probe atop public bank: cost838, +1.0196 vs robust; NumPy266 exact + dual-ORT smoke, narrower margin; P13 fallback queued",submission.zip,7496.25,7496.25,COMPLETE,keithtyser,keithtyser,/goal win silver medal,/submissions/54745950/54745950.raw
54745973,416574,2026-07-15T23:24:47.293Z,"7496.41 final upside: validated T162 P13 +0.975249 + public bank +0.355 + isolated T279 distilled +0.199656; T279 official266 exact, D4-risk isolated",submission.zip,7479.64,7479.64,COMPLETE,keithtyser,keithtyser,/goal win silver medal,/submissions/54745973/54745973.raw
