ref,date,publicScore,description
51782518,2026-04-16T21:33:34.850Z,84.27,
51783042,2026-04-16T22:23:04.680Z,128.35,v3: honest validation + bounded geometry compile (predicted 161.86)
51783171,2026-04-16T22:36:28.790Z,130.42,v4: onnx_tool-parity check (predicted 121.80)
51784270,2026-04-17T00:21:04.640Z,341.15,
51785557,2026-04-17T02:08:12.210Z,721.97,
51786295,2026-04-17T03:11:28.653Z,737.61,v18: symbolic + ARC-GEN regenerated lookup (predicted 4699)
51787358,2026-04-17T04:29:14.760Z,1204.58,v21: LB794 weights + our symbolic (predicted 1081)
51800524,2026-04-17T16:18:19.213Z,1874.40,"E29: lb1388+lb794+symbolic+graph-builders+fallbacks, 158 tasks, local predicted 1701.58"
51914119,2026-04-21T16:40:37.460Z,5111.43,safe medium 4968.00 local numpy235 calibrate
51951188,2026-04-22T23:48:02.200Z,5250.88,probe 5201.81 plus rauf4k repaired13 overlay
51952013,2026-04-23T00:33:29.653Z,5338.54,probe 5201.81 plus nb shared5 050 052 056 060 061
52151613,2026-04-29T01:35:00.663Z,5378.48,v12 prefer-ours over public; 382 ours + 16 public + 5 fb
52152988,2026-04-29T02:42:39.823Z,5477.70,v19 strict-replace 6 failing tasks; 5462 local
52155988,2026-04-29T04:36:11.057Z,5548.58,v22 strict-pass swaps from chunks 2-4 (213 swaps)
52157546,2026-04-29T05:42:57.920Z,5560.85,v23 + chunks 1b/c/d strict swaps
52157621,2026-04-29T05:46:03.813Z,5569.80,v24 + chunk 1aa-1ae strict swaps
52158556,2026-04-29T06:21:49.460Z,5574.67,v27 with thisray source +3 swaps
52159875,2026-04-29T07:19:24.433Z,5577.93,v28 jazivxt + konbu_5126 swaps
52160053,2026-04-29T07:25:51.187Z,5578.83,v29 +new sources
52192994,2026-04-30T06:46:19.990Z,5579.95,"v37 onnxsim optimizations (9 exact-equivalent swaps, expected +1.12)"
52193188,2026-04-30T06:54:06.680Z,5588.83,"v38 onnxsim full sweep (119 verified exact-equivalent swaps, expected +10.92 vs v31)"
52194629,2026-04-30T07:47:11.250Z,5598.95,v40 probe: task241 pure Transpose (cost 0) - testing if math.log fix landed
52209259,2026-04-30T16:39:07.963Z,5598.98,"v47: v46 + task047 custom (cross from cyan/orange dots, cost 267k->108k, +0.90)"
52214666,2026-04-30T20:22:29.610Z,5607.22,"hybrid_v59: v47 base + 13 custom ONNX solvers (task094, task050, task166, task246, task147, task070, task081, task093, task212, task344, task199, task350, task303). Expected +10.86 LB."
52215084,2026-04-30T20:42:43.847Z,5677.49,"v61: v59 + replace 5 Compress-using tasks (task037,061,274,374,399) with non-Compress alternatives (Kaggle now blocks Compress). Expected ~+65 LB recovery + my 13 v59 swaps gain."
52247237,2026-05-01T22:45:47.773Z,5680.35,v87: v77 + generator-faithful analytic task096 replacing likely public-zero compact model; fresh256 pass
52247314,2026-05-01T22:53:47.867Z,5682.44,"v90: v87 + task066 run model, local +2.14, fresh255/256; isolated public probe"
52247442,2026-05-01T23:05:58.213Z,5691.18,"v95: v87 + unwrapped generator-faithful task209 (no Compress), fresh256 pass; retry public-zero recovery"
52249202,2026-05-02T00:53:58.750Z,5695.56,v121 v87 + proven v120 positives tasks 043 045 060 127 132 273 314 342
52249340,2026-05-02T01:00:10.927Z,5696.55,v123 v121 best + proven positives task250 task274
52249500,2026-05-02T01:09:12.043Z,5697.94,v125 v123 best + afr current task226 task397 cooldown retry
52249588,2026-05-02T01:15:10.853Z,5700.33,v126 probe on v125 konbu_047
52249803,2026-05-02T01:29:16.873Z,5705.10,v127 v125 plus confirmed v126 positives 047 081 169 210 212
52249909,2026-05-02T01:35:16.357Z,5705.12,v129 v127 plus tiny positives 061 083 142 152
52274378,2026-05-03T00:27:15.667Z,5844.30,v174 clean bundle
52274505,2026-05-03T00:34:32.980Z,5844.48,v176 v174 plus task319 hybrid exact2
52274691,2026-05-03T00:46:47.260Z,5844.51,v177 v176 onnxsim task319
52276818,2026-05-03T03:03:40.573Z,5844.52,v181 task330 reach4 blue priority
52277015,2026-05-03T03:15:38.193Z,5844.57,v182 task191 drop template4
52277311,2026-05-03T03:33:49.010Z,5844.80,v186 task034 where tail
52277558,2026-05-03T03:49:36.680Z,5845.29,v189 task033 165 329 330 where
52277926,2026-05-03T04:17:09.153Z,5847.02,v191 onnxsim tail bundle
52277997,2026-05-03T04:22:03.933Z,5849.16,v192 onnxsim more bundle
52278073,2026-05-03T04:26:47.770Z,5850.61,v193 task312 onnxsim
52278720,2026-05-03T05:04:07.867Z,5851.11,v194 task165 onnxsim same
52278943,2026-05-03T05:15:04.737Z,5851.12,v195 task018 onnxsim same
52279848,2026-05-03T06:15:41.793Z,5862.13,v196 task219 accuracy branch probe
52331872,2026-05-04T20:54:09.120Z,5876.60,v203 task175 reduce-max modulus
52334313,2026-05-04T23:40:38.857Z,5876.80,v207 task175 sampled max cheaper
52334420,2026-05-04T23:47:25.690Z,5876.84,v208 task175 sampled high channels
52336037,2026-05-05T00:52:59.870Z,5876.89,v210 task366 cost patch
52336458,2026-05-05T01:09:42.747Z,5876.92,v211 task219 task209 cost
52339098,2026-05-05T03:05:34.497Z,5876.94,v215 task366 scatternd sparse patch
52339448,2026-05-05T03:24:18.767Z,5877.30,v217 task323 sparse bank
52339520,2026-05-05T03:27:31.747Z,5877.44,v218 task323 flat sparse bank
52339836,2026-05-05T03:42:02.260Z,5877.50,v220 uniform scalar bundle
52340082,2026-05-05T03:54:33.210Z,5877.63,v221 uniform scalar2 bundle
52340450,2026-05-05T04:11:48.150Z,5877.64,v222 identity conv pad bundle
52341238,2026-05-05T04:50:55.530Z,5878.49,v226 value_info strip metadata cost
52341495,2026-05-05T05:01:48.963Z,5878.91,v227 task323 direct marker index
52341594,2026-05-05T05:05:35.390Z,5879.50,v228 task323 task266 direct index
52341711,2026-05-05T05:11:05.350Z,5880.63,v229 task248 task357 direct width
52341816,2026-05-05T05:15:26.633Z,5880.96,v230 task200 direct marker index
52341940,2026-05-05T05:21:10.183Z,5881.72,v231 task262 task104 direct rules
52342026,2026-05-05T05:25:08.980Z,5882.79,v232 task176 task292 direct width
52342140,2026-05-05T05:30:39.007Z,5883.48,v233 task375 task336 direct banks
52342236,2026-05-05T05:34:57.997Z,5885.91,v234 task399 red count
52342333,2026-05-05T05:38:48.213Z,5887.16,v235 task274 bounded scan
52344292,2026-05-05T06:54:50.743Z,5888.44,v236 task383 lower-memory barnacle solver
52344486,2026-05-05T07:03:34.137Z,5888.96,v237 task358 label-grid cross
52344597,2026-05-05T07:07:20.677Z,5889.54,v238 task280 concat output tail
52344693,2026-05-05T07:11:16.423Z,5890.15,v239 task330 concat output tail
52344759,2026-05-05T07:14:09.010Z,5890.25,v240 task025 concat output tail
52344912,2026-05-05T07:19:56.690Z,5890.62,v241 task109 label tail
52345079,2026-05-05T07:26:00.440Z,5904.13,v242 task019 label tile
52345168,2026-05-05T07:29:45.827Z,5905.00,v243 task071 label reflect
52345251,2026-05-05T07:33:21.280Z,5906.60,v244 task059 label board
52345342,2026-05-05T07:36:41.083Z,5907.07,v245 task141 label x
52345419,2026-05-05T07:39:42.600Z,5907.59,v246 task192 label rect
52345499,2026-05-05T07:42:52.147Z,5908.13,v247 task224 label border
52345638,2026-05-05T07:47:34.930Z,5908.95,v248 task298 label rings
52345714,2026-05-05T07:50:41.257Z,5909.12,v249 task359 label pick
52345821,2026-05-05T07:53:34.037Z,5909.63,v250 task388 label tile
52345951,2026-05-05T07:58:01.373Z,5909.87,v251 task187 label fill
52346788,2026-05-05T08:25:55.250Z,5910.60,v252 masked onehot batch
52347809,2026-05-05T08:59:14.647Z,5910.70,v253 task209 task018 label tails
52348131,2026-05-05T09:09:21.997Z,5911.32,v254 label tail batch
52348280,2026-05-05T09:14:32.743Z,5913.42,v255 masked tail batch
52348456,2026-05-05T09:20:13.957Z,5916.52,v256 out scalar label batch
52348778,2026-05-05T09:31:32.890Z,5920.49,v257 bool outputs plus task252
52348933,2026-05-05T09:36:25.690Z,5920.89,v258 small cast pad wins
52349970,2026-05-05T10:10:09.453Z,5922.09,v261 onnxsim concat from v258
52351332,2026-05-05T11:01:42.870Z,5922.13,v262 gated onnxsim on v261
52351812,2026-05-05T11:20:04.393Z,5922.51,v273 task117 safer generalization
52358343,2026-05-05T14:59:38.320Z,5923.11,v308 task066 sparse stored guard on v280
52358635,2026-05-05T15:09:14.957Z,5923.22,v310 task066 plus task319 guarded on v280
52364377,2026-05-05T19:12:55.507Z,5990.95,v317 public5377 positive fresh128 overlay
52365839,2026-05-05T20:35:01.170Z,6007.32,v320 konbu14 safe fresh512 positives
52371303,2026-05-06T01:42:02.487Z,6007.49,v346 v342 plus task080 staticized cost win
52375094,2026-05-06T04:19:21.857Z,6008.40,v350 v346 plus task025 bool mask cost rewrite
52375281,2026-05-06T04:27:34.890Z,6008.48,v351 v350 plus task366 float16 count masks
52375705,2026-05-06T04:48:18.267Z,6009.06,v352 v351 combined float16 dtype cost batch
52375911,2026-05-06T04:57:11.697Z,6009.45,v353 v352 combined reducmax float16 cost batch
52376303,2026-05-06T05:16:29.953Z,6009.62,v354 v353 tail type float16 batch
52376500,2026-05-06T05:26:26.897Z,6009.77,v355 v354 compare output float16 batch
52376634,2026-05-06T05:33:27.527Z,6009.90,v356 v355 task101 compare plus task361 pad f16
52376751,2026-05-06T05:38:17.873Z,6010.54,v357 v356 pad output float16 batch
52377045,2026-05-06T05:50:31.713Z,6010.66,v358 v357 task021 task209 float16 batch
52377207,2026-05-06T05:57:59.227Z,6020.34,v359 v358 pad source float16 batch
52377397,2026-05-06T06:07:44.080Z,6021.94,v360 v359 final upstream float16 batch
52377877,2026-05-06T06:28:30.643Z,6022.39,v361 v360 dtype recheck batch
52378288,2026-05-06T06:42:34.013Z,6022.48,v362 v361 float subgraph highcost batch
52378470,2026-05-06T06:50:40.617Z,6022.66,v363 v362 float subgraph batch
52378606,2026-05-06T06:56:22.923Z,6022.77,v364 v363 float subgraph mid batch
52378812,2026-05-06T07:03:46.880Z,6023.65,v365 v364 float subgraph min10 batch
52379552,2026-05-06T07:30:47.333Z,6024.74,v367 v365 dynamic highcost batch
52379703,2026-05-06T07:35:07.840Z,6025.11,v368 v367 task077 min1 isolate
52380691,2026-05-06T08:13:11.570Z,6025.57,v371 v368 task308 dynamic min1 isolate
52380972,2026-05-06T08:23:27.283Z,6025.91,v374 v371 task023 dynamic min1 isolate
52381072,2026-05-06T08:26:56.373Z,6026.24,v375 v374 task201 dynamic min1 isolate
52381177,2026-05-06T08:30:26.290Z,6026.58,v376 v375 task229 dynamic min1 isolate
52381291,2026-05-06T08:33:59.160Z,6026.86,v377 v376 task153 dynamic min1 isolate
52381407,2026-05-06T08:37:32.147Z,6027.15,v378 v377 task277 dynamic min1 isolate
52381515,2026-05-06T08:41:07.293Z,6027.37,v379 v378 task226 dynamic min1 isolate
52381663,2026-05-06T08:45:45.357Z,6027.59,v380 v379 task238 dynamic min1 isolate
52381835,2026-05-06T08:51:11.333Z,6027.82,v381 v380 task239 dynamic min1 isolate
52381954,2026-05-06T08:54:39.457Z,6028.05,v382 v381 task361 dynamic min1 isolate
52382046,2026-05-06T08:58:29.637Z,6028.36,v383 v382 task089 dynamic min1 isolate
52382158,2026-05-06T09:01:53.090Z,6028.54,v384 v383 task159 dynamic min1 isolate
52382236,2026-05-06T09:05:17.877Z,6028.71,v385 v384 task102 dynamic min1 isolate
52382319,2026-05-06T09:08:39.593Z,6028.90,v386 v385 task396 dynamic min1 isolate
52382406,2026-05-06T09:12:01.997Z,6029.05,v387 v386 task356 dynamic min1 isolate
52382516,2026-05-06T09:15:27.417Z,6029.17,v388 v387 task182 dynamic min1 isolate
52382630,2026-05-06T09:18:58.363Z,6029.34,v389 v388 task237 dynamic min1 isolate
52382755,2026-05-06T09:22:19.517Z,6029.44,v390 v389 task086 dynamic min1 isolate
52382876,2026-05-06T09:25:50.913Z,6029.84,v391 v390 task306 dynamic min1 isolate
52383040,2026-05-06T09:30:56.967Z,6029.94,v392 v391 task370 dynamic min1 isolate
52383272,2026-05-06T09:37:46.803Z,6030.01,v394 v392 task280 dynamic min1 isolate
52383378,2026-05-06T09:41:12.180Z,6030.06,v395 v394 task387 dynamic min1 isolate
52383487,2026-05-06T09:44:33.113Z,6030.13,v396 v395 task301 dynamic min1 isolate
52383576,2026-05-06T09:47:57.350Z,6030.16,v397 v396 task198 dynamic min1 isolate
52383682,2026-05-06T09:51:20.580Z,6030.24,v398 v397 task208 dynamic min1 isolate
52383781,2026-05-06T09:54:41.520Z,6030.29,v399 v398 task290 dynamic min1 isolate
52383887,2026-05-06T09:58:10.093Z,6030.32,v400 v399 task005 dynamic min1 isolate
52384386,2026-05-06T10:14:32.830Z,6030.43,v401 v400 task319 final upstream f16 isolate
52384802,2026-05-06T10:28:44.370Z,6030.49,v402 v401 task279 pad source f16 isolate
52384990,2026-05-06T10:35:26.697Z,6030.51,v404 v403 task185 final upstream f16 isolate
52387208,2026-05-06T11:46:58.457Z,6030.79,v407 v405 task396 onnxsim isolate
52387423,2026-05-06T11:53:31.440Z,6030.91,v409 v405 task396 task319 task354 safe combo
52391189,2026-05-06T13:48:08.063Z,6031.07,v416 v413 task119 float subgraph isolate
52391598,2026-05-06T13:59:34.353Z,6031.27,v418 v417 float subgraph small safe combo
52391764,2026-05-06T14:04:07.480Z,6031.49,v419 v418 task174 float subgraph min5 isolate
52391837,2026-05-06T14:06:45.540Z,6031.53,v420 v419 task163 task134 task259 float subgraph combo
52392627,2026-05-06T14:33:28.510Z,6031.58,v421 v420 small onnxsim plus task354 combo
52393160,2026-05-06T14:51:52.630Z,6031.90,v424 v421 task354 float subgraph isolate
52393264,2026-05-06T14:56:15.570Z,6031.95,v425 v424 task354 onnxsim followup
52393602,2026-05-06T15:09:12.177Z,6032.01,v426 v425 task264 final upstream f16 isolate
52395552,2026-05-06T16:28:25.220Z,6032.04,v430 v426 task025 bool output isolate
52398018,2026-05-06T18:16:42.410Z,6032.45,v431 v430 onnxsim plus task203 safe gates
52403209,2026-05-06T23:53:13.660Z,6032.65,v443 crop-tail cost bundle +0.121 local
52404208,2026-05-07T00:36:47.137Z,6032.76,v444 task076 exact tail pad +0.073 local
52404404,2026-05-07T00:44:51.967Z,6033.16,v445 task308 exact gather-mask pad +0.350 local
52404627,2026-05-07T00:53:26.773Z,6033.90,v446 tasks153 157 308 exact gather-mask pad +1.143 local
52406172,2026-05-07T01:55:44.143Z,6036.22,v450 exact prune unused initializers new metric +2.31 local
52406495,2026-05-07T02:10:46.147Z,6049.72,v452 task202 squeeze scorer eligibility + exact dedupe +13.50 local
52407060,2026-05-07T02:33:32.610Z,6049.91,v453 exact small scorer rewrites +0.193 local
52407503,2026-05-07T02:51:01.797Z,6050.24,v454 task219 f16 blue render chain +0.331 local
52407979,2026-05-07T03:11:21.147Z,6050.29,v455 task209 input_idx masks + task018 tail squeeze +0.051 local
52408297,2026-05-07T03:23:30.580Z,6050.44,v456 task376/task286 tail pad reorder +0.152 local
52408599,2026-05-07T03:34:16.027Z,6058.65,v457 remove redundant input_gated batch slices +18.704 local
52409035,2026-05-07T03:49:02.020Z,6058.75,v458 identity gather/slice/algebra cleanup +0.094 local
52409787,2026-05-07T04:17:58.993Z,6061.41,v460 isolated v77 task067 +2.660 local probe
52410291,2026-05-07T04:39:51.567Z,6062.70,v462 isolated v77 task291 +1.293 local probe
52410465,2026-05-07T04:48:49.237Z,6063.27,v463 isolated v77 task389 +0.573 local probe
52410827,2026-05-07T05:05:51.380Z,6063.79,v465 isolated v77 task150 +0.513 local probe
52410996,2026-05-07T05:15:04.703Z,6064.07,v466 isolated v77 task155 +0.284 local probe
52411500,2026-05-07T05:33:12.407Z,6064.22,v468 isolated v77 task319 +0.150 local probe
52411745,2026-05-07T05:42:11.503Z,6064.29,v469 isolated v77 task196 +0.065 local probe
52412039,2026-05-07T05:51:04.823Z,6064.34,v470 isolated v77 task378 +0.052 local probe
52413053,2026-05-07T06:32:06.110Z,6064.59,v471 task018 int32 index arithmetic +0.247 local
52413365,2026-05-07T06:45:50.020Z,6064.71,v472 task219 f16 match diff chains +0.121 local
52413728,2026-05-07T06:58:38.923Z,6065.23,v473 task364 f16 pipeline +0.527 local
52413850,2026-05-07T07:03:07.377Z,6065.79,v474 task286 f16 pipeline +0.554 local
52413978,2026-05-07T07:08:15.737Z,6066.27,v475 task310 f16 pipeline +0.488 local
52414092,2026-05-07T07:12:46.633Z,6066.74,v476 task216 f16 pipeline +0.466 local
52414187,2026-05-07T07:16:42.243Z,6067.15,v477 task037 f16 pipeline +0.406 local
52414350,2026-05-07T07:23:55.437Z,6067.49,v479 task002 f16 pipeline +0.339 local
52414435,2026-05-07T07:27:44.023Z,6067.61,v480 task076 f16 pipeline +0.123 local
52414709,2026-05-07T07:37:44.843Z,6067.70,v482 task367 f16 pipeline +0.089 current-gated
52414900,2026-05-07T07:43:47.283Z,6067.75,v484 task096 on v482 f16 +0.048 current-gated
52415114,2026-05-07T07:51:16.513Z,6068.13,v485 task187 f16 pipeline +0.383 current-gated
52415206,2026-05-07T07:54:35.780Z,6068.42,v486 task118 f16 pipeline +0.293 current-gated
52415359,2026-05-07T07:58:00.303Z,6068.71,v487 task117 f16 pipeline +0.291 current-gated
52415446,2026-05-07T08:01:19.093Z,6068.99,v488 task243 f16 pipeline +0.277 current-gated
52415543,2026-05-07T08:04:58.127Z,6069.26,v489 task110 f16 pipeline +0.266 current-gated
52415687,2026-05-07T08:08:31.773Z,6069.50,v490 task069 f16 pipeline +0.242 current-gated
52415774,2026-05-07T08:12:06.057Z,6069.73,v491 task358 f16 pipeline +0.236 current-gated
52415896,2026-05-07T08:15:39.780Z,6069.94,v492 task205 f16 pipeline +0.206 current-gated
52416054,2026-05-07T08:20:19.530Z,6070.14,v493 task206 f16 pipeline +0.198 current-gated
52416200,2026-05-07T08:23:42.697Z,6070.33,v494 task384 f16 pipeline +0.196 current-gated
52416287,2026-05-07T08:27:00.443Z,6070.53,v495 task191 f16 pipeline +0.196 current-gated
52416406,2026-05-07T08:30:48.270Z,6070.72,v496 task014 f16 pipeline +0.195 current-gated
52416491,2026-05-07T08:34:32.703Z,6070.86,v497 task107 f16 pipeline +0.141 current-gated
52416593,2026-05-07T08:37:58.653Z,6071.00,v498 task005 f16 pipeline +0.132 current-gated
52416687,2026-05-07T08:41:29.407Z,6071.12,v499 task022 f16 pipeline +0.127 current-gated
52416768,2026-05-07T08:44:49.540Z,6071.24,v500 task398 f16 pipeline +0.115 current-gated
52416911,2026-05-07T08:49:47.740Z,6071.35,v501 task328 f16 pipeline +0.113 current-gated
52417002,2026-05-07T08:53:19.100Z,6071.46,v502 task370 f16 pipeline +0.109 current-gated
52417081,2026-05-07T08:56:18.373Z,6071.56,v503 task198 f16 pipeline +0.102 current-gated
52417163,2026-05-07T08:59:42.770Z,6071.63,v504 task019 f16 pipeline +0.063 current-gated
52417241,2026-05-07T09:03:06.367Z,6071.68,v505 task106 f16 pipeline +0.057 current-gated
52417316,2026-05-07T09:06:25.893Z,6071.72,v506 task313 f16 pipeline +0.040 current-gated
52417399,2026-05-07T09:09:27.903Z,6071.74,v507 task300 f16 pipeline +0.019 current-gated
52417807,2026-05-07T09:24:03.897Z,6071.75,v508 task018 int32 tail labels +0.011 current-gated
52417899,2026-05-07T09:27:24.030Z,6071.80,v509 task286 int32 tail labels +0.049 current-gated
52417987,2026-05-07T09:30:56.323Z,6072.07,v510 task376 int32 tail labels +0.268 current-gated
52418060,2026-05-07T09:34:18.537Z,6072.43,v511 task305 int32 tail labels +0.359 current-gated
52418125,2026-05-07T09:37:32.580Z,6072.66,v512 task301 int32 tail labels +0.229 current-gated
52418200,2026-05-07T09:41:00.680Z,6072.86,v513 task215 int32 tail labels +0.203 current-gated
52418286,2026-05-07T09:44:34.770Z,6072.98,v514 task269 int32 tail labels +0.117 current-gated
52418361,2026-05-07T09:48:09.530Z,6073.23,v515 task058 int32 final labels +0.247 current-gated
52418632,2026-05-07T10:00:08.000Z,6073.28,v516 task092 int32 final cast +0.051 current-gated
52418713,2026-05-07T10:03:50.503Z,6073.30,v517 task286 uint8 tail refinement +0.022 current-gated
52418786,2026-05-07T10:07:07.520Z,6073.36,v518 task376 uint8 tail refinement +0.061 current-gated
52418858,2026-05-07T10:10:26.697Z,6073.47,v519 task301 uint8 tail refinement +0.114 current-gated
52418933,2026-05-07T10:14:03.860Z,6073.57,v520 task215 uint8 tail refinement +0.099 current-gated
52419020,2026-05-07T10:18:11.043Z,6073.63,v521 task269 uint8 tail refinement +0.053 current-gated
52419271,2026-05-07T10:30:20.487Z,6073.74,v522 task233 narrow tail int32 +0.118 current-gated
52419355,2026-05-07T10:34:59.840Z,6073.77,v523 task209 narrow tail int32 +0.028 current-gated
52420860,2026-05-07T11:49:35.750Z,6077.60,v527 remove terminal output f16 casts +3.83 current
52421170,2026-05-07T12:03:03.483Z,6077.63,v528 onnxsim task219 small mechanical +0.029
52421274,2026-05-07T12:08:05.603Z,6077.65,v529 bool casts to f16 task213 task387 +0.022
52421468,2026-05-07T12:16:45.220Z,6077.85,v530 individual bool casts task079 task284 +0.20
52421938,2026-05-07T12:37:04.317Z,6078.59,v531 onnxsim positive bundle +0.74
52422456,2026-05-07T12:58:21.767Z,6078.75,v535 argmax select_last bundle current metric
52422767,2026-05-07T13:10:23.393Z,6078.79,v538 argmin weighted argmax mechanical
52424816,2026-05-07T14:24:11.170Z,6079.98,v553 f16 mechanical 15-task fresh-pass bundle
52429089,2026-05-07T17:10:03.067Z,6080.76,v575 task310 current scorer mined fresh1024
52429544,2026-05-07T17:31:05.640Z,6081.05,v578 tasks037 115 145 fixed mined fresh1024
52468837,2026-05-09T01:49:28.797Z,6081.16,v590 task269 scale1 scale9 repaired fresh2048
52469202,2026-05-09T02:08:02.273Z,6081.80,v595 task368 fresh2048
52470067,2026-05-09T02:44:31.547Z,6087.52,v597 tasks120 261 355 fresh2048
52470524,2026-05-09T03:03:59.587Z,6094.06,v598 tasks015 220 230 305 321 fresh2048
52470766,2026-05-09T03:14:45.123Z,6100.23,v599 tasks095 127 282 317 322 fresh2048
52471659,2026-05-09T03:57:23.073Z,6127.87,v602 public mined 16 fresh-2048 verified tasks
52472454,2026-05-09T04:38:03.470Z,6128.06,v606 small fresh2048 public artifact gains
52473246,2026-05-09T05:19:26.323Z,6128.21,v609 task096 int32 label chain fresh2048
52473440,2026-05-09T05:31:18.787Z,6128.23,v610 task209 task233 int32 onehot indices
52473546,2026-05-09T05:36:13.497Z,6129.02,v611 12 task int32 onehot cast bundle
52473900,2026-05-09T05:55:36.887Z,6129.03,v612 task233 f16 subgraph
52479585,2026-05-09T10:09:41.880Z,6129.09,v644 task330 seed onehot verified
52479766,2026-05-09T10:15:55.343Z,6129.19,v646 task027 task105 zero tail reuse
52479907,2026-05-09T10:21:57.803Z,6129.23,v649 zero reuse positives
52480098,2026-05-09T10:29:49.950Z,6129.24,v653 int32 index positives
52480758,2026-05-09T10:54:12.453Z,6129.25,v663 prune unused initializers
52481145,2026-05-09T11:09:11.730Z,6129.26,v668 alias duplicate initializers
52481590,2026-05-09T11:26:33.020Z,6129.36,v676 task219 blue match f16
52481781,2026-05-09T11:32:27.773Z,6129.38,v678 task209 outside idx where
52482043,2026-05-09T11:42:29.287Z,6129.59,v680 single use mask where
52482366,2026-05-09T11:53:42.427Z,6129.65,v683 mask and multi where
52482699,2026-05-09T12:06:24.927Z,6129.93,v684 float mask where
52483147,2026-05-09T12:23:39.697Z,6132.54,v685 bool float mask where
52483292,2026-05-09T12:29:06.773Z,6132.62,v686 multi bool float mask where
52484083,2026-05-09T13:02:07.377Z,6133.19,v688 split used slices
52484170,2026-05-09T13:06:34.793Z,6133.22,v689 relu after reducesum
52484331,2026-05-09T13:12:57.637Z,6133.84,v690 verified relu removals
52484581,2026-05-09T13:22:42.213Z,6133.89,v691 verified unary removals
52484771,2026-05-09T13:29:07.290Z,6133.92,v692 identity cast removals
52486685,2026-05-09T14:34:34.603Z,6133.97,v693 task018 verified replacements
52487392,2026-05-09T14:59:19.837Z,6133.99,v694 task209 outside idx input
52488121,2026-05-09T15:25:55.547Z,6134.00,v695 task367 task233 cleanups
52489067,2026-05-09T16:05:26.627Z,6134.07,v696 task366 fresh equivalent replacements
52491615,2026-05-09T17:56:51.010Z,6134.14,v697 task076 fresh-equivalent 60 replacements
52491701,2026-05-09T18:01:10.537Z,6134.17,v698 task076 fresh-equivalent 90 replacements
52491814,2026-05-09T18:05:40.967Z,6134.20,v699 task076 fresh-equivalent 120 replacements
52491918,2026-05-09T18:10:14.877Z,6134.22,v700 task076 fresh-equivalent 150 replacements
52492008,2026-05-09T18:15:17.720Z,6134.24,v701 task076 fresh-equivalent 180 replacements
52492278,2026-05-09T18:28:13.710Z,6134.28,v702 task080 fresh-equivalent 100 replacements
52492304,2026-05-09T18:29:54.937Z,6134.33,v703 task054 fresh-equivalent replacements
52492335,2026-05-09T18:31:38.213Z,6134.37,v704 task096 fresh-equivalent replacements
52492373,2026-05-09T18:33:25.913Z,6134.63,v705 task349 fresh-equivalent replacements
52492405,2026-05-09T18:35:07.947Z,6134.70,v706 task133 fresh-equivalent replacements
52492426,2026-05-09T18:36:41.513Z,6134.77,v707 task025 fresh-equivalent replacements
52492450,2026-05-09T18:38:12.620Z,6134.85,v708 task017 fresh-equivalent replacements
52492511,2026-05-09T18:40:55.037Z,6134.90,v709 task364 task074 fresh-equivalent replacements
52492567,2026-05-09T18:43:26.380Z,6134.95,v710 task285 fresh-equivalent replacements
52492597,2026-05-09T18:45:01.423Z,6135.02,v711 task173 fresh-equivalent replacements
52492631,2026-05-09T18:46:35.970Z,6135.35,v712 task251 fresh-equivalent replacements
52492710,2026-05-09T18:50:19.340Z,6135.52,v713 task158 task216 fresh-equivalent replacements
52492826,2026-05-09T18:54:09.750Z,6135.56,v714 task161 fresh-equivalent replacements
52492882,2026-05-09T18:56:35.990Z,6135.68,v715 task138 fresh-equivalent replacements
52492933,2026-05-09T18:58:49.983Z,6135.79,v716 task077 fresh-equivalent replacements
52492975,2026-05-09T19:01:31.900Z,6135.90,v717 task205 fresh-equivalent replacements
52493036,2026-05-09T19:04:11.083Z,6136.02,v718 task187 task370 fresh-equivalent replacements
52493069,2026-05-09T19:06:27.073Z,6136.06,v719 task110 fresh-equivalent replacements
52493091,2026-05-09T19:07:44.390Z,6136.08,v720 task255 fresh-equivalent replacements
52493234,2026-05-09T19:15:33.407Z,6136.42,v721 task145 task363 task034 fresh-equivalent replacements
52493249,2026-05-09T19:16:32.873Z,6136.65,v722 task064 task203 task398 fresh-equivalent replacements
52493359,2026-05-09T19:22:01.447Z,6136.73,v726 task005 task280 from v722 no task319
52493379,2026-05-09T19:23:06.240Z,6136.82,v727 task396 task358 from repaired v726
52493408,2026-05-09T19:24:13.737Z,6136.91,v728 task379 task101 task201 from repaired v727
52493474,2026-05-09T19:28:17.913Z,6137.01,v729 task089 task330 task088 from repaired v728
52493561,2026-05-09T19:32:23.157Z,6137.05,v730 task066 task202 task092 from repaired v729
52493648,2026-05-09T19:38:12.403Z,6137.13,v731 task018 fresh-equivalent from repaired v730
52493678,2026-05-09T19:40:20.887Z,6137.16,v732 task219 fresh-equivalent from repaired v731
52493716,2026-05-09T19:42:31.107Z,6137.29,v733 task209 capped 80 from repaired v732
52493796,2026-05-09T19:46:47.277Z,6137.55,v734 task209 extended from repaired v733
52493900,2026-05-09T19:53:31.197Z,6137.69,v735 task366 task367 from repaired v734
52494465,2026-05-09T20:29:45.420Z,6137.70,v736 task054 task080 from v735
52494501,2026-05-09T20:32:31.243Z,6137.73,v737 task076 cap40 from v736
52494674,2026-05-09T20:41:46.410Z,6137.79,v738 task233 cap80 from v737
52494814,2026-05-09T20:50:03.413Z,6137.82,v739 task096 task133 from v738
52494865,2026-05-09T20:53:19.933Z,6137.85,v740 task234 task349 from v739
52494913,2026-05-09T20:56:33.630Z,6137.89,v741 task173 from v740
52495006,2026-05-09T21:02:32.087Z,6137.93,v743 task161 task110 from v742
52495057,2026-05-09T21:06:42.253Z,6137.94,v744 task034 task398 from v743
52495222,2026-05-09T21:16:14.687Z,6138.13,v745 task251 task216 task138 from v744
52495282,2026-05-09T21:19:01.497Z,6138.15,v746 task077 task205 task187 from v745
52495332,2026-05-09T21:22:01.403Z,6138.22,v747 task255 task145 from v746
52495381,2026-05-09T21:25:03.580Z,6138.23,v748 task280 from v747
52495505,2026-05-09T21:33:11.347Z,6138.26,v749 task005 task330 task066 from v748
52495594,2026-05-09T21:40:44.563Z,6138.54,v750 task018 task219 task209 task367 from v749
52495794,2026-05-09T21:55:31.223Z,6138.66,v751 task366 task234 task349 from v750
52495838,2026-05-09T21:58:41.640Z,6138.71,v752 task302 from v751
52496190,2026-05-09T22:27:09.617Z,6138.87,v753 task233 from v752
52497402,2026-05-09T23:51:01.153Z,6138.93,v755 task379 task126 task324 from v753
52497611,2026-05-10T00:02:22.113Z,6139.05,v756 task002 task173 from v755
52497978,2026-05-10T00:15:45.230Z,6139.10,v757 task319 task118 task090 task112 task091 from v756
52498019,2026-05-10T00:18:08.810Z,6139.22,v758 task122 task377 from v757
52498089,2026-05-10T00:21:20.420Z,6139.23,v759 task097 task365 from v758
52498157,2026-05-10T00:24:21.250Z,6139.60,v760 task071 task092 task109 task063 from v759
52498232,2026-05-10T00:27:47.223Z,6140.08,v761 task306 task359 task383 task378 from v760
52498853,2026-05-10T01:02:03.673Z,6140.10,v764 probe task019 task036 task182 from v761
52499034,2026-05-10T01:07:58.030Z,6140.20,v766 probe add task037 only to v764
52499117,2026-05-10T01:12:03.750Z,6140.30,v767 add task221 task243 task382 excluding task069
52499204,2026-05-10T01:16:41.283Z,6140.36,v768 task191 task162 task029 task033 from v767
52499274,2026-05-10T01:20:18.987Z,6140.45,v769 task303 task335 task288 task290 task105 from v768
52499342,2026-05-10T01:25:00.723Z,6140.58,v770 task046 task279 task027 task055 from v769
52499396,2026-05-10T01:28:10.740Z,6140.72,v771 task093 task044 task035 from v770
52499446,2026-05-10T01:31:08.763Z,6140.87,v772 task325 task023 from v771
52499497,2026-05-10T01:33:46.130Z,6140.94,v773 task341 task397 from v772
52499567,2026-05-10T01:37:54.483Z,6141.28,v774 task289 from v773
52499647,2026-05-10T01:42:28.247Z,6141.31,v775 task308 from v774
52499708,2026-05-10T01:47:02.620Z,6141.48,v776 task301 task343 from v775
52499789,2026-05-10T01:51:50.337Z,6141.54,v777 task275 task277 from v776
52499849,2026-05-10T01:55:56.613Z,6141.57,v778 task371 from v777
52500767,2026-05-10T02:48:50.063Z,6141.60,v781 task367 internal fresh-equiv from v778
52500834,2026-05-10T02:51:28.657Z,6141.61,v782 task209 internal fresh-equiv from v781
52501056,2026-05-10T02:59:40.757Z,6141.63,v784 task187 internal fresh-equiv from v783
52501492,2026-05-10T03:21:31.257Z,6141.64,v785 task219 internal fresh-equiv from v784
52501781,2026-05-10T03:34:06.670Z,6141.82,v786 task234 task349 internal fresh-equiv from v785
52518288,2026-05-10T15:06:14.150Z,6141.88,v790 prune unused initializers plus v788 safe no233
52518593,2026-05-10T15:15:17.410Z,6144.79,v791 prune dead output-unreachable nodes
52520906,2026-05-10T16:36:42.590Z,6145.17,v793 f16 task251 task145 task036 fresh-equiv
52521072,2026-05-10T16:44:36.977Z,6145.27,v794 f16 modules task138 task201 task319 task379
52521160,2026-05-10T16:48:07.797Z,6145.28,v795 task397 compare f16 fresh-equiv
52524517,2026-05-10T19:38:34.670Z,6192.45,v806 fresh-safe Afr5689 rule transfers
52524674,2026-05-10T19:48:18.183Z,6193.29,v807 repair duplicate-name Afr5689 transfers
52524921,2026-05-10T20:04:34.480Z,6196.70,v809 near-miss transfers excluding task204
52525631,2026-05-10T20:53:58.413Z,6196.87,v813 f16 task184 task187 safe overlay
52526356,2026-05-10T21:51:03.753Z,6196.89,v814 f16 task203 task340 clean overlay
52529433,2026-05-11T00:57:47.647Z,6196.97,v821 f16 task049 task244 verified overlay
52529671,2026-05-11T01:09:14.430Z,6197.08,v822 f16 task242 task293 task355 verified overlay
52530788,2026-05-11T02:09:43.513Z,6197.56,v826 task147 Afr5689 fresh verified overlay
52534429,2026-05-11T05:18:13.727Z,6197.57,v858 f16 task030 task392 fresh4096
52539616,2026-05-11T08:52:26.380Z,6197.58,v926 unused node pruning task187
52539857,2026-05-11T09:01:24.357Z,6197.66,v927 uniform scalar rewrites
52540678,2026-05-11T09:34:37.167Z,6197.67,v931 structural rewrites
53651265,2026-06-13T21:31:20.137Z,6336.49,"ngswarm overlay v1: 83 v931 + 317 harvest, local 6395.97 (401 files)"
53655269,2026-06-14T01:20:00.557Z,6372.62,rajathrpai 6372.62 public portfolio (overrides merged + task000 floor)
53684839,2026-06-14T19:03:55.907Z,6372.84,"ngswarm: task097 cost-golf 53706->43252, predicted 6372.84"
53690990,2026-06-15T00:41:05.490Z,6373.25,ngswarm firm: local 6359.1
53723058,2026-06-15T21:11:54.467Z,6374.36,"CONTROL: exact 00:41 known-good portfolio (b08a905, scored 6373.25). If this ERRORs too -> Kaggle-side; if COMPLETE -> my Wave12-17 content is the cause"
53723232,2026-06-15T21:24:04.183Z,6388.12,"BISECT A: revert LOW21 (0.033pts) keep HIGH21 (13.757pts). If COMPLETE -> culprit in LOW21 (kept reverted, bank HIGH21). If ERROR -> culprit in HIGH21"
53723574,2026-06-15T21:46:55.547Z,6389.46,"task253 4x4 L-corner assembly (48269->12597, +1.34 registry). Adds to the stable 6388.12 portfolio; expect ~6389 if grader cost matches local."
53723776,2026-06-15T22:02:11.830Z,6390.73,"task271 argmax count1/count8 window (28991->8117, +1.27). Stable portfolio + task253 + task271."
53724233,2026-06-15T22:27:50.100Z,6391.35,task057 crop+bbox double-gather (8070->4346)
53724688,2026-06-15T22:59:57.453Z,6393.16,ngswarm champions: local 6393.2 (399 tasks)
53724945,2026-06-15T23:18:37.673Z,6394.42,ngswarm champions: local 6394.4 (399 tasks)
53725008,2026-06-15T23:23:04.523Z,6394.45,ngswarm champions: local 6394.5 (399 tasks)
53725258,2026-06-15T23:41:44.827Z,6394.88,ngswarm champions: local 6394.9 (399 tasks)
53727108,2026-06-16T01:21:05.653Z,6404.13,ngswarm champions: local 6404.1 (399 tasks)
53730414,2026-06-16T04:06:52.960Z,6404.31,ngswarm champions: local 6404.3 (399 tasks)
53733810,2026-06-16T06:28:24.003Z,6404.84,ngswarm champions: local 6404.8 (399 tasks)
53736616,2026-06-16T08:12:43.553Z,6406.36,ngswarm champions: local 6406.4 (399 tasks)
53743909,2026-06-16T12:38:02.163Z,6406.84,pass7 wins: task085/193/335
53749402,2026-06-16T16:13:22.823Z,6407.05,pass9 reverse-engineer wins: task383/284
53753275,2026-06-16T19:29:46.593Z,6407.08,"pass10 reverse-engineer wins: task092 46141->46063, task131 44550->43599"
53755414,2026-06-16T21:54:43.090Z,6409.44,pass11 conv-lever wins (validated lever)
53761469,2026-06-17T03:11:44.600Z,6414.81,"AGENT_B equiv-PASS batch: 12 transform-correct (1834-input sweep vs true rule) + task256 (equiv-neutral, same fn as LB-proven old). Tests hidden-correctness of equivariance."
53786952,2026-06-17T20:15:03.590Z,6420.30,"Wave 17: task252 column-parity recolor 36436->14788 (+0.90pt, verified bit-exact+sweep-PASS)"
53789134,2026-06-17T22:59:38.030Z,6421.21,confirm cast-drop task192/376 + bit-exact waves 6/9/10
53790778,2026-06-18T00:21:09.590Z,6422.70,const-fold bit-exact sweep + task187 cast-fold; floor task219 restored
53790943,2026-06-18T00:30:02.400Z,6423.39,task069 symbolic motif-copy 70246->35110 after const-fold sweep
53791296,2026-06-18T00:48:03.733Z,6424.07,task036 color-stat + task231 row-gather + task162 shave
53791924,2026-06-18T01:20:59.693Z,6428.05,Codex bigwin wave: exact rebuilds task070/065/031/035/286/143/118; pred 6428.05; sweep-pass where oracle discriminates
53792061,2026-06-18T01:27:34.560Z,6429.07,Codex task215 closed-form row-gather + task280 terminal bool; pred 6429.08
53792110,2026-06-18T01:29:49.657Z,6429.70,Codex task112 reflection-fill sweep-pass; pred 6429.70
53792155,2026-06-18T01:31:43.680Z,6431.14,Codex task159 square-marker + task088 count4-crop sweep-pass; pred 6431.15
53792202,2026-06-18T01:33:36.690Z,6431.92,Codex task340 terminal-equal + task338 bounded-flood sweep-pass; pred 6431.93
53792266,2026-06-18T01:35:51.780Z,6432.25,Codex task335 L-path sweep-pass; pred 6432.26
53792287,2026-06-18T01:37:07.303Z,6432.47,Codex task173 reduced sparse-budget sweep-pass; pred 6432.48
53792326,2026-06-18T01:38:49.543Z,6432.56,Codex task204 guard-shrink sweep-pass; pred 6432.57
53792375,2026-06-18T01:41:06.660Z,6432.60,Codex task076 add-chain CSE sweep-pass; pred 6432.61
53792506,2026-06-18T01:47:49.303Z,6432.96,Codex task198 gap-topk v2 isolated probe; pred 6432.96
53792562,2026-06-18T01:51:21.730Z,6433.34,Codex task184 block-tail + task193 neighbor-keep sweep-pass; pred 6433.54
53792607,2026-06-18T01:53:08.533Z,6435.14,Codex task275 kron-selector + task264 signature + task284 tail sweep-pass; pred 6435.13
53792644,2026-06-18T01:54:38.500Z,6435.31,Codex task378 L-corner rays sweep-pass; pred 6435.31
53792756,2026-06-18T01:59:21.373Z,6435.65,Codex task224 bbox-frame + task213 bool-tail sweep-pass; pred 6435.62
53792941,2026-06-18T02:09:26.097Z,6437.30,Codex task278 cluster-dilate + task359 rowcol-mode + task092 patch; pred 6437.30
53808764,2026-06-18T12:57:43.437Z,6443.30,Codex big wave: 351/400 + 177/387 + 185/202 + 308/383 + 132/244; pred 6443.31
53809082,2026-06-18T13:11:37.130Z,6443.98,Codex task363 public reduction + task366 prune isolated probe; pred 6443.99
53809822,2026-06-18T13:42:28.683Z,6445.21,Codex isolated task203 biohack public probe; pred 6445.21
53809925,2026-06-18T13:46:47.790Z,6446.34,Codex isolated task255 biohack public bisection; pred 6446.34
53809998,2026-06-18T13:49:32.187Z,6446.76,Codex isolated task233 biohack public bisection; pred 6446.76
53810150,2026-06-18T13:53:54.547Z,6449.62,Codex biohack srcA batch: task029 + task325 + task154; pred 6449.62
53810249,2026-06-18T13:58:02.760Z,6453.13,Codex biohack srcA batch: task201/355/166/193/110; pred 6453.04
53810413,2026-06-18T14:03:53.933Z,6456.64,Codex biohack srcA batch: task289/343/300/224/005/299; pred 6456.59
53810627,2026-06-18T14:11:08.640Z,6458.52,Codex biohack srcA tail batch: task128/104/157/184/018; pred 6458.52
53810856,2026-06-18T14:19:35.560Z,6460.85,Codex biohack batch: task101/078/096/064/290/004; pred 6460.87
53811038,2026-06-18T14:25:16.960Z,6463.93,Codex biohack long-tail batch 17 tasks; pred 6463.93
53811328,2026-06-18T14:34:25.930Z,6465.05,Codex biohack residual batch 21 tasks; pred 6464.95
53811792,2026-06-18T14:47:32.477Z,6465.39,Codex isolated task061 qinghchen compact candidate; pred 6465.40
53811856,2026-06-18T14:49:33.743Z,6466.66,Codex isolated task314 biohack 500-to-100 candidate; pred 6466.66
53811950,2026-06-18T14:52:27.703Z,6467.11,Codex confirmed task314+task061+task240 combine; pred 6467.11
53811998,2026-06-18T14:54:19.783Z,6468.04,Codex confirmed six-task compact combine; pred 6468.04
53812066,2026-06-18T14:55:56.097Z,6468.32,Codex isolated task367 biohack safer candidate; pred 6468.32
53812169,2026-06-18T15:00:02.503Z,6468.42,Codex confirmed task367+task208 combine; pred 6468.43
53812234,2026-06-18T15:01:53.077Z,6470.79,Codex manual frozen probe task384 vyanktesh candidate; pred 6470.80
53812370,2026-06-18T15:06:48.637Z,6472.57,Codex confirmed frozen wins task384/274/077/133 combine; pred 6472.58
53812389,2026-06-18T15:07:38.040Z,6472.77,Codex manual frozen probe task396 vyanktesh candidate; pred 6472.78
53812495,2026-06-18T15:11:42.190Z,6473.40,Codex confirmed frozen wins through task221 combine; pred 6473.40
53812561,2026-06-18T15:13:36.947Z,6473.85,Codex confirmed full frozen vyanktesh wave; pred 6473.86
53812623,2026-06-18T15:15:31.667Z,6474.32,Codex manual probe task097 vyanktesh candidate; pred 6474.33
53812724,2026-06-18T15:19:10.933Z,6474.71,Codex confirmed vyanktesh followups task097/239/319; pred 6474.71
53812805,2026-06-18T15:22:04.880Z,6474.77,Codex confirmed vyanktesh followups plus task076; pred 6474.78
53813291,2026-06-18T15:40:24.590Z,6475.32,Codex big isolated probe task149 franksunp-latest; pred 6475.33
53813465,2026-06-18T15:47:20.060Z,6475.85,Codex bank confirmed task149 plus vyanktesh public probes; pred 6475.86
53813486,2026-06-18T15:48:06.490Z,6475.90,Codex bank confirmed task149/vyanktesh probes incl task097; pred 6475.91
53813508,2026-06-18T15:48:41.770Z,6476.04,Codex exact synth probe task313 periodic; pred 6476.05
53813816,2026-06-18T16:00:35.340Z,6476.47,Codex exact synth probe task231 periodic width doubler; pred 6476.48
53813977,2026-06-18T16:08:59.583Z,6477.12,task231 waveC exact 10535 pred 6477.13
53813988,2026-06-18T16:09:16.440Z,6477.27,task071 waveA exact 25049 pred 6477.27
53814092,2026-06-18T16:13:56.903Z,6481.30,Codex bank exact waves A-D confirmed; pred 6481.30
53814746,2026-06-18T16:38:56.117Z,6481.47,latest6425 micro sweep 20 nets pred 6481.47
53814996,2026-06-18T16:49:08.093Z,6484.51,bucket061+291 seven-task exact bundle pred 6484.51
53815177,2026-06-18T16:57:02.980Z,6485.30,staticC task063+084 exact pair pred 6485.30
53815203,2026-06-18T16:58:07.677Z,6487.89,staticB task091+183+251+310 exact bundle pred 6487.89
53815348,2026-06-18T17:03:39.320Z,6489.87,bucket081085 task082+084+085 exact bundle pred 6489.87
53823993,2026-06-19T00:32:31.340Z,6491.64,repair floor6489 plus F-all pred 6491.65
53824807,2026-06-19T01:03:15.233Z,6498.60,G01 bucket core no198 no367 no076 no023 pred 6498.61
53825454,2026-06-19T01:34:17.700Z,6505.26,G07 bucket core plus guarded-other pred 6505.26
53825752,2026-06-19T01:49:49.677Z,6509.81,G11 G07 plus guarded-zoli pred 6509.81
53826135,2026-06-19T02:05:20.663Z,6511.11,G12 G11 plus JH strict wins pred 6511.11
53826447,2026-06-19T02:18:22.367Z,6515.39,M01 G12 plus task-specific without task255 pred 6515.39
53826992,2026-06-19T02:42:10.707Z,6516.17,O03 M01 plus small experimental tail pred 6516.17
53827385,2026-06-19T02:57:20.200Z,6517.00,Q04 O03 plus task101 pred 6517.01
53828474,2026-06-19T03:42:49.527Z,6517.05,P03 Q04 plus task280 pred 6517.05
53828814,2026-06-19T03:57:58.217Z,6517.81,S02 P03 plus task366 pred 6517.81
53829128,2026-06-19T04:13:07.540Z,6519.72,R05 S02 plus task069 pred 6519.73
53830208,2026-06-19T04:58:30.397Z,6521.17,R09 R05 split pred 6521.17
53836755,2026-06-19T05:43:55.687Z,6522.94,R13 R09 plus task213 pred 6522.95
53837138,2026-06-19T05:59:04.477Z,6524.47,R16 R13 plus task189 pred 6524.48
53837617,2026-06-19T06:14:24.177Z,6525.93,R17 R16 plus task158 pred 6525.93
53838170,2026-06-19T06:29:43.007Z,6527.32,R19 R16 plus task158-task378 pred 6527.32
53838735,2026-06-19T06:45:01.960Z,6528.70,R20 R19 plus task262 pred 6528.71
53839173,2026-06-19T07:00:20.917Z,6530.09,R23 R19 plus task262-task238 pred 6530.09
53839601,2026-06-19T07:15:39.750Z,6531.43,R24 R23 plus task046 pred 6531.44
53840521,2026-06-19T07:46:18.570Z,6532.66,R29 R24 plus task363 pred 6532.66
53841032,2026-06-19T08:01:41.470Z,6533.77,R33 R24 plus task363-task359 pred 6533.78
53841485,2026-06-19T08:17:00.097Z,6534.88,R34 R24 plus task363-task359-task137 pred 6534.88
53841907,2026-06-19T08:32:19.353Z,6535.89,R35 R34 plus task235 pred 6535.90
53842364,2026-06-19T08:47:40.310Z,6536.86,R40 R34 plus task235-task243 pred 6536.87
53842907,2026-06-19T09:03:01.457Z,6537.76,R41 R34 plus task235-task243-task327 pred 6537.77
53843357,2026-06-19T09:18:20.690Z,6538.54,R42 R41 plus task364 pred 6538.54
53843786,2026-06-19T09:33:40.410Z,6539.31,R48 R41 plus task364-task315 pred 6539.31
53844280,2026-06-19T09:49:00.290Z,6540.06,R49 R41 plus task364-task315-task387 pred 6540.07
53844754,2026-06-19T10:04:23.933Z,6540.79,R50 R49 plus task324 pred 6540.79
53845207,2026-06-19T10:19:43.090Z,6541.48,R57 R49 plus task324-task229 pred 6541.48
53845619,2026-06-19T10:35:03.660Z,6542.16,R58 R49 plus task324-task229-task266 pred 6542.17
53846851,2026-06-19T11:20:23.163Z,6542.77,R58 static-canvas task092-task379 pred 6542.77
53847599,2026-06-19T11:50:32.857Z,6543.43,T plus task343 pred 6543.43
53848008,2026-06-19T12:05:38.283Z,6544.07,T task343 plus task150 pred 6544.08
53848426,2026-06-19T12:20:42.773Z,6544.72,T task343 task150 plus task155 pred 6544.73
53848845,2026-06-19T12:35:48.427Z,6545.37,current plus task330 pred 6545.37
53849210,2026-06-19T12:50:54.210Z,6546.01,current plus task373 pred 6546.02
53850453,2026-06-19T13:36:13.697Z,7075.42,public 7015-7114 overlay all pred 7091.63
53850843,2026-06-19T13:51:20.497Z,7120.42,public 7015-7114 overlay all v2 pred 7136.63
53854957,2026-06-19T16:18:32.483Z,7121.19,manual safe task204 task257 task208dedup pred 7121.20
53856153,2026-06-19T17:06:57.223Z,7123.45,safe plus task208 public repair solo pred 7123.46
53856912,2026-06-19T17:39:49.490Z,7123.92,current best plus task173f16 task396 pred 7123.93
53857980,2026-06-19T18:32:25.063Z,7124.45,task219 preserve plus safe tail task054 pred 7124.45
53860005,2026-06-19T20:28:52.340Z,7125.45,bank W audited pred 7125.45
53860272,2026-06-19T20:48:30.510Z,7125.69,bank Y geom task286 pred 7125.69
53860715,2026-06-19T21:13:59.493Z,7125.94,bank Z refine task018 task191 task205 pred 7125.94
53860803,2026-06-19T21:19:29.243Z,7126.01,bank AA task219 preserve v3 pred 7126.01
53861316,2026-06-19T21:55:57.100Z,7126.48,bank AG task002 processor probe pred 7126.49
53862097,2026-06-19T22:58:28.370Z,7127.16,bank AW AT plus task133 pred 7127.16
53862746,2026-06-19T23:42:43.983Z,7127.18,bank BE nextwave repaired pred 7127.19
53863865,2026-06-20T00:22:41.777Z,7127.32,bank BH safe mechanical pred 7127.33
53864253,2026-06-20T00:41:24.607Z,7127.40,bank BI task366 secondpass pred 7127.41
53864387,2026-06-20T00:48:16.360Z,7127.50,bank BJ sagan laplace mechanical pred 7127.50
53864994,2026-06-20T01:17:18.643Z,7127.66,bank BK task096 task055 mechanical pred 7127.67
53865223,2026-06-20T01:29:34.320Z,7129.08,probe BL task193 franksunp pred 7129.09
53865554,2026-06-20T01:46:01.270Z,7129.23,bank BP lowtail task198 mechanical pred 7129.25
53865964,2026-06-20T02:08:31.700Z,7129.80,probe BQ task198 public franksunp pred 7129.81
53866194,2026-06-20T02:19:32.493Z,7129.89,bank BR task198 plus bq compression pred 7129.91
53866689,2026-06-20T02:36:44.330Z,7130.07,bank BS task187 task396 task205 pred 7130.09
53867006,2026-06-20T02:49:45.467Z,7130.19,bank BT task096 task367 preserve pred 7130.21
53867066,2026-06-20T02:52:26.757Z,7130.50,bank BU task255 preserve pred 7130.52
53867137,2026-06-20T02:56:27.153Z,7130.81,bank BV task349 qlinear pred 7130.83
53867578,2026-06-20T03:13:03.197Z,7131.05,bank BW task076 task066 task319 pred 7131.07
53867998,2026-06-20T03:31:05.747Z,7131.14,bank BX task118 preserve pred 7131.16
53868075,2026-06-20T03:34:04.207Z,7131.60,bank BY task255 task096 deep pred 7131.61
53868598,2026-06-20T03:56:35.507Z,7131.65,bank BZ task367 task233 structural pred 7131.67
53869004,2026-06-20T04:18:06.640Z,7131.75,bank CA safe public mechanical pred 7131.77
53870737,2026-06-20T05:35:23.077Z,7133.57,bank CB task144 task257 biaspad pred 7133.59
53872197,2026-06-20T06:44:57.727Z,7133.69,bank CC task250 task363 fixed10 pred 7133.71
53884891,2026-06-20T14:16:53.407Z,7133.77,bank CE task222 label selector pred 7133.79
53885128,2026-06-20T14:26:25.417Z,7133.88,probe CG task264 qlinear fp16rank pred 7133.90
53885738,2026-06-20T14:46:59.130Z,7134.02,probe CI task202 branch factor pred 7134.04
53885924,2026-06-20T14:54:00.087Z,7134.05,probe CJ task191 stamp label cast pred 7134.07
53886590,2026-06-20T15:16:47.280Z,7134.23,probe CL task055 color map u8 pred 7134.24
53888240,2026-06-20T16:13:57.350Z,7137.25,probe CS task096 task076 trantrikien pred 7137.26
53889028,2026-06-20T16:43:25.380Z,7137.37,probe CT task255 trantrikien non-equal-tail pred 7137.38
53891640,2026-06-20T19:07:25.413Z,7137.48,probe CU task018 task191 cleanwins pred 7137.49
53891953,2026-06-20T19:25:48.770Z,7138.78,probe CV task367 freshpublic isolated pred 7138.79
53891980,2026-06-20T19:28:24.047Z,7139.40,probe CW task066 freshpublic isolated pred 7139.42
53892027,2026-06-20T19:30:59.017Z,7139.67,probe CX task118 freshpublic isolated pred 7139.69
53899687,2026-06-21T02:53:41.760Z,7139.79,campaign isolated W09 task191 over CX pred 7139.78
53899756,2026-06-21T02:57:07.017Z,7139.88,campaign stack task191 plus W11 task367 pred 7139.88
53899814,2026-06-21T02:59:44.490Z,7139.92,campaign stack task191 task367 plus W08 task205 pred 7139.93
53899957,2026-06-21T03:04:37.310Z,7139.98,campaign stack task191 task367 task205 plus W10 task349 pred 7139.98
53900453,2026-06-21T03:29:00.383Z,7140.43,campaign stack plus W22 task080 semantic pred 7140.43
53900663,2026-06-21T03:36:34.803Z,7140.72,campaign stack plus W21 task255 structural pred 7140.72
53900976,2026-06-21T03:50:28.010Z,7141.27,campaign stack plus W33 task055 structural pred 7141.27
53902446,2026-06-21T05:06:41.907Z,7141.53,campaign stack plus W53 task396 original pred 7141.54
53902915,2026-06-21T05:29:20.977Z,7141.88,campaign isolated W59 task219 semantic pred 7141.87
53903518,2026-06-21T05:54:14.770Z,7142.16,campaign isolated W62 task118 pairdelta pred 7142.17
53904125,2026-06-21T06:18:26.730Z,7142.44,campaign isolated W64 task157 pred 7142.44
53911574,2026-06-21T11:29:59.510Z,7142.69,campaign isolated W84 task202 pred 7142.6858
53914947,2026-06-21T13:37:58.507Z,7143.02,campaign isolated W149 task002 scalar raster pred 7143.0225
53915600,2026-06-21T14:00:58.730Z,7143.27,campaign bundle W112 task110 W158 task209 pred 7143.2754
53921735,2026-06-21T18:03:22.117Z,7143.52,campaign isolated W182 task021 near-threshold pred 7143.5189
53925028,2026-06-21T21:30:18.973Z,7143.55,campaign filler probe task284 public harvest second pass pred +0.022
53925209,2026-06-21T21:42:41.137Z,7143.80,campaign promote task355 W219_task355_lowcost_rule_decoder gain 0.251
53925520,2026-06-21T22:06:49.387Z,7144.05,campaign promote task161 W238_task161_semantic_floor_break gain 0.250
53926950,2026-06-21T23:36:29.133Z,7144.27,campaign score probe task173 W306 safe topk repair gain 0.223
53927714,2026-06-22T00:08:02.627Z,7144.47,campaign score probe task025 W322 bg broadcast gain 0.201 retry
53927827,2026-06-22T00:12:41.353Z,7144.65,campaign isolated score probe task017 W321 semantic k11 gain 0.182 after task025
53928550,2026-06-22T00:38:12.640Z,7144.83,campaign score probe task348 W334 top-row sum gain 0.172
53928675,2026-06-22T00:43:32.443Z,7144.89,campaign score probe task066 W338 channel20 HVH repair gain 0.066
53929088,2026-06-22T01:05:32.517Z,7144.97,campaign isolated score probe task018 W60 raw local split gain 0.077
53929339,2026-06-22T01:18:55.587Z,7145.04,campaign isolated score probe task182 CC10 semantic gain 0.072
53946930,2026-06-22T13:04:59.367Z,7146.07,public harvest 20260622 task203 exact gain 1.030
53947078,2026-06-22T13:09:17.133Z,7146.13,public harvest 20260622 task330 isolated gain 0.064
53947769,2026-06-22T13:28:15.153Z,7146.49,public harvest 20260622 task250 risky scatter gain 0.359
53947898,2026-06-22T13:32:39.760Z,7146.80,public harvest 20260622 task251 risky uint8 gain 0.306
53948055,2026-06-22T13:38:07.300Z,7146.86,public harvest 20260622 task355 risky scatter gain 0.057
53948453,2026-06-22T13:50:25.027Z,7147.25,campaign public late task021 hardened no-output-einsum gain 0.398
53948867,2026-06-22T14:02:57.387Z,7147.34,campaign bundle task105 task044 task187 small gains 0.087
53948895,2026-06-22T14:03:47.673Z,7147.71,campaign task021 bool-output-and hardening gain 0.452
53949027,2026-06-22T14:07:52.233Z,7147.79,campaign combined task021 task105 task044 task187 gain 0.539
53949499,2026-06-22T14:22:54.090Z,7147.80,campaign isolated task173 CC01 lower scatter-family probe gain 0.232
53949650,2026-06-22T14:27:16.227Z,7147.93,campaign isolated task004 CC05 small-u8 probe gain 0.133
53957373,2026-06-22T20:19:20.877Z,7148.28,campaign public harvest 7148 bundle 32 tasks gain 0.351 pred 7148.281
53991190,2026-06-23T21:00:51.747Z,7148.58,campaign public harvest 7153 batch 13 tasks gain 0.304 pred 7148.584
53993362,2026-06-23T23:25:24.757Z,7153.15,direct public full franksunp 7153.15 audit mark c
53993581,2026-06-23T23:40:00.083Z,7153.51,layer prior wins task187 task202 over 7153.15 pred 7153.514
53993781,2026-06-23T23:49:35.567Z,7157.22,direct public full cocoa 7157.22 lagged public tail
53994592,2026-06-24T00:18:46.400Z,7157.59,layer cocoa 7157 with tasks018 202 285 286 pred 7157.583
53994740,2026-06-24T00:24:00.970Z,7158.03,layer cocoa 7157 best5 pred 7158.026
53994952,2026-06-24T00:31:08.963Z,7160.33,stack cocoa top4 pred 7160.328
53995013,2026-06-24T00:33:16.627Z,7161.11,stack cocoa top4 plus safe best5 pred 7161.109
53995366,2026-06-24T00:51:15.767Z,7162.49,split next18 B pred 7162.491
53995460,2026-06-24T00:55:49.690Z,7163.47,stack 7161 A2+B pred 7163.470
53995563,2026-06-24T01:00:19.250Z,7163.72,stack 7161 A2+B+task161 pred 7163.721
53995940,2026-06-24T01:16:55.723Z,7164.72,stack confirmed layers pred 7164.718
53996077,2026-06-24T01:25:44.523Z,7165.09,stack 7164 plus task173alt pred 7165.086
53996422,2026-06-24T01:45:35.190Z,7165.38,probe 7165 cache task018 task286 pred 7165.380
53997019,2026-06-24T02:17:15.427Z,7165.60,probe 7165 task209 pred 7165.604
53997133,2026-06-24T02:22:53.117Z,7165.64,probe 7165 task138 pred 7165.640
53997267,2026-06-24T02:30:26.800Z,7166.19,restore confirmed 017 110 066 018 pred 7166.191
53999206,2026-06-24T03:48:10.203Z,7166.25,probe 7166 micro 064 366 054 091 pred 7166.249
54000639,2026-06-24T05:02:49.353Z,7166.63,probe 7166 task005 396 cleanbank pred 7166.632
54001075,2026-06-24T05:26:35.233Z,7166.91,probe 7166 task396ss 009 pred 7166.907
54001844,2026-06-24T06:00:46.317Z,7167.16,probe 7167 task364 task205 task118 pred 7167.160
54001908,2026-06-24T06:04:29.517Z,7167.22,probe 7167 task187 pred 7167.218
54002379,2026-06-24T06:27:00.330Z,7167.28,probe 7167 task209 pred 7167.287
54002719,2026-06-24T06:41:07.793Z,7167.31,probe 7167 task204 micro pred 7167.308
54002946,2026-06-24T06:48:43.337Z,7167.36,probe 7167 task002 pred 7167.360
54003357,2026-06-24T07:02:57.817Z,7167.38,probe 7167 task340 pred 7167.373
54003441,2026-06-24T07:05:56.390Z,7167.46,probe 7167 task055 pred 7167.462
54003504,2026-06-24T07:08:45.360Z,7167.53,probe 7167 task222 pred 7167.530
54003581,2026-06-24T07:12:04.460Z,7167.55,probe 7167 bundle 174 044 074 096 pred 7167.550
54003898,2026-06-24T07:24:01.277Z,7167.56,probe 7167 bundle 092 383 278 pred 7167.560
54004303,2026-06-24T07:35:57.940Z,7167.58,probe 7167 bundle 368 208 182 328 pred 7167.581
54004580,2026-06-24T07:45:06.940Z,7167.61,probe 7167 bundle 286 382 251 pred 7167.616
54004823,2026-06-24T07:54:17.787Z,7167.64,probe 7167 task396 pred 7167.632
54005071,2026-06-24T08:04:00.643Z,7167.82,probe 7167 task118 219 205 133 pred 7167.824
54005194,2026-06-24T08:07:45.300Z,7167.97,probe 7167 task255 187 366 pred 7167.969
54005282,2026-06-24T08:10:56.253Z,7167.98,probe 7167 task280 004 pred 7167.978
54005568,2026-06-24T08:21:42.720Z,7168.06,probe 7168 task191 158 pred 7168.059
54005844,2026-06-24T08:33:00.390Z,7168.07,probe 7168 task285 pred 7168.071
54006332,2026-06-24T08:56:07.640Z,7168.14,probe 7168 task002 livefloor pred 7168.138
54006634,2026-06-24T09:09:33.943Z,7168.16,probe 7168 micro task209 319 pred 7168.160
54006808,2026-06-24T09:16:35.353Z,7168.27,probe 7168 task219 isolate pred 7168.271
54006878,2026-06-24T09:19:17.350Z,7168.32,probe 7168 task187 pred 7168.325
54007096,2026-06-24T09:29:18.033Z,7168.38,probe 7168 task023 uint8 tail pred 7168.378
54023399,2026-06-24T22:37:34.133Z,7168.44,probe 7168 micro bundle 148 198 285 pred 7168.443
54024034,2026-06-24T23:21:27.117Z,7168.50,probe 7168 task174 lastindex pred 7168.493
54125734,2026-06-28T02:27:40.963Z,7174.05,public harvest bundle over 7168.50 pred 7174.06
54128810,2026-06-28T05:16:41.433Z,7174.18,probe 7174 frank isolated task233 pred 7174.177
54128854,2026-06-28T05:18:45.107Z,7174.29,probe 7174 frank quarantine bundle pred 7174.285
54130331,2026-06-28T06:14:20.030Z,7176.68,probe 7174.29 fresh frank safe bundle pred 7176.68
54130419,2026-06-28T06:16:57.393Z,7176.81,probe 7174.29 fresh frank all bundle pred 7176.81
54132426,2026-06-28T07:23:04.080Z,7176.85,probe 7176.81 lucifer task216 static pred 7176.840
54133941,2026-06-28T08:24:10.130Z,7176.86,probe 7176.85 task094 hoang micro pred 7176.85
54144075,2026-06-28T15:10:34.530Z,7176.87,probe 7176.86 all noncrater micro bundle pred 7176.87
54144504,2026-06-28T15:25:44.987Z,7176.96,probe 7176.87 task264 qlinear_hash pred 7176.97
54145296,2026-06-28T15:53:00.127Z,7176.97,probe 7176.96 task264 axis0 fp16rank plus076 pred 7176.97
54145791,2026-06-28T16:12:07.373Z,7176.98,probe 7176.97 task264 axis0 opt local00055 isolated pred 7176.97
54149364,2026-06-28T19:17:15.587Z,7177.00,probe 7176.98 task018 onnxoptimizer all isolated pred 7177.00 inherited audit144257
54150298,2026-06-28T20:18:55.550Z,7177.08,probe 7177.00 task023 greedy isolated pred 7177.080 inherited audit144257
54150569,2026-06-28T20:36:20.920Z,7177.15,probe 7177.08 task349 greedy isolated pred 7177.151 inherited audit144257
54150605,2026-06-28T20:39:58.890Z,7177.17,probe 7177.15 task018 greedy isolated pred 7177.175 inherited audit144257
54150653,2026-06-28T20:43:31.153Z,7177.21,probe 7177.17 task174 greedy isolated pred 7177.208 inherited audit144257
54150709,2026-06-28T20:47:39.057Z,7177.31,probe 7177.21 task277 greedy isolated pred 7177.307 inherited audit144257
54150766,2026-06-28T20:52:46.120Z,7177.34,probe 7177.31 task005 greedy restack pred 7177.343 inherited audit144257
54151199,2026-06-28T21:23:32.547Z,7177.35,probe 7177.34 public task233 task206 crumbs pred 7177.349 inherited audit144257
54151352,2026-06-28T21:34:23.913Z,7177.37,probe 7177.35 greedy small7 pred 7177.369 tasks090096191213234368397 inherited audit144257
54151388,2026-06-28T21:36:57.210Z,7177.38,probe 7177.35 greedy rest10 pred 7177.378 tasks055157280328370054133158209255 inherited audit144257
54151415,2026-06-28T21:39:52.370Z,7177.39,probe 7177.37 greedy small7 plus rest10 pred 7177.398 inherited audit144257
54152267,2026-06-28T22:37:37.377Z,7177.40,probe 7177.39 surgery task161 intdowncast isolated pred 7177.397 after bundle error inherited audit144257
54153130,2026-06-28T23:54:44.520Z,7177.41,probe 7177.40 task076 greedy equiv isolated pred 7177.410 sha 877010cf scatterelements warning
54154704,2026-06-29T01:10:01.607Z,7177.42,probe 7177.41 task173 cc01 known plus001 pred 7177.419 sha 3d970f5 inherited audit144257
54181591,2026-06-29T21:46:01.277Z,7178.49,public harvest seddik all graph surgeries local 7178.80 sha 98d0ed5d
54181823,2026-06-29T22:02:46.423Z,7179.16,probe 7178.49 relayer12 prior confirmed local +0.672 pred 7179.162
54181949,2026-06-29T22:12:37.827Z,7179.37,probe 7179.16 stale positive5 task110 118 018 138 077 pred 7179.369
54182576,2026-06-29T22:56:28.813Z,7179.39,probe 7179.37 task005 safe tiny pred 7179.383 sha eeee1b9e
54183134,2026-06-29T23:36:46.417Z,7179.41,probe 7179.39 public franksunp task233 51068 pred 7179.414 sha 83d93226
54185292,2026-06-30T01:12:28.287Z,7179.50,probe 7179.41 public kojimar blend 16pos pred +0.091 sha pending
54189273,2026-06-30T04:10:23.443Z,7179.55,isolate 7179.50 surgery task002 sha 3c2b19d1
54190870,2026-06-30T05:25:02.477Z,7179.56,probe 7179.55 task209 onnxsim pred 7179.556 sha 7fab1674 inherited audit144257
54190927,2026-06-30T05:28:22.680Z,7179.57,probe 7179.55 task396 onnxsim pred 7179.572 sha 245ae4ef inherited audit144257
54190979,2026-06-30T05:30:49.213Z,7179.58,probe 7179.56 stack task396 onnxsim over209 pred 7179.582 sha 72e48470 inherited audit144257
54192391,2026-06-30T06:36:43.427Z,7179.64,probe 7179.58 restore task187 d289 pred 7179.638 sha 5ee78610 inherited audit144257
54192698,2026-06-30T06:52:24.557Z,7179.71,probe 7179.64 task187 safe_all 27e77 pred 7179.716 sha 45220cc3 inherited audit144257
54192777,2026-06-30T06:56:20.660Z,7179.81,probe 7179.71 task277 greedy 87e14 pred 7179.807 sha 4e9ee954 inherited audit144257
54192868,2026-06-30T07:00:31.507Z,7180.06,probe 7179.81 restore 002 349 055 pred 7180.058 sha 5abda23d inherited audit144257
54193241,2026-06-30T07:15:01.600Z,7180.14,probe 7180.06 task209 greedy 97971 pred 7180.137 sha b3914b21 inherited audit144257
54193474,2026-06-30T07:25:29.487Z,7180.18,probe 7180.14 task216 a728 pred 7180.170 sha bb9a74a1 inherited audit144257 prior54132426
54193545,2026-06-30T07:28:37.757Z,7180.21,probe 7180.18 task018 a79a pred 7180.209 sha 4c7b40fd inherited audit144257 prior54150605
54193613,2026-06-30T07:32:02.223Z,7180.24,probe 7180.21 task064 4c6c pred 7180.236 sha d255fac0 inherited audit144257 prior53999206
54193692,2026-06-30T07:34:57.793Z,7180.25,probe 7180.24 task054 8d63 pred 7180.245 sha ba010324 inherited audit144257 prior53999206
54193808,2026-06-30T07:40:10.710Z,7180.28,probe 7180.25 task005 87e3 pred 7180.283 sha 982802dc inherited audit144257
54193869,2026-06-30T07:42:50.860Z,7180.29,probe 7180.28 task340 2336 pred 7180.293 sha see_manifest inherited audit144257
54193945,2026-06-30T07:45:40.783Z,7180.30,probe 7180.29 task091 4370 pred 7180.302 sha 16d3b005 inherited audit144257 prior53999206
54194012,2026-06-30T07:48:21.990Z,7180.31,probe 7180.30 task148 189b pred 7180.309 sha a0ceaaa9 risky scatter inherited audit144257
54194102,2026-06-30T07:51:15.307Z,7180.32,probe 7180.31 task090 ba37 pred 7180.316 sha see_manifest inherited audit144257
54195792,2026-06-30T08:59:05.230Z,7180.77,probe 7180.32 task161 3b36 pred 7180.770 public harvest yuu inherited audit144257
54195867,2026-06-30T09:02:20.890Z,7180.79,probe 7180.77 yuu micro task397 task119 task237 pred 7180.794 inherited audit144257
54195958,2026-06-30T09:07:00.427Z,7181.28,probe 7180.79 task017 yuu 3ce8 pred 7181.279 isolated inherited audit144257
54196059,2026-06-30T09:11:50.973Z,7181.30,probe 7181.28 microbundle 8tasks pred 7181.299 inherited audit144257
54196701,2026-06-30T09:41:18.987Z,7181.36,probe 7181.30 task354 2f30 pred 7181.358 risky transformfail inherited audit144257
54197173,2026-06-30T10:03:07.187Z,7181.37,probe 7181.36 task368 dfe1 pred 7181.378 risky scatter-topk inherited audit144257
54199368,2026-06-30T11:41:01.527Z,7181.38,probe 7181.37 microbundle task319 task096 task234 task133 task158 task383 task157 predplus0.0033 risky trunc inherited audit144257
54200746,2026-06-30T12:34:25.767Z,7181.43,probe 7181.38 cocoa r11 micro task205 255 219 233 198 191 pred 7181.436 risky task233Scatter inherited audit144257
54201092,2026-06-30T12:47:04.043Z,7181.49,probe 7181.43 task018 frank r12 b570 pred 7181.490 risky scatterND isolated inherited audit144257
54206047,2026-06-30T15:44:00.273Z,7181.66,probe 7181.49 task336 yuu d06a pred 7181.6545 risky qlinear transformfail inherited audit144257
54206297,2026-06-30T15:53:51.120Z,7181.67,probe 7181.66 public micro yuu/bore tasks260_181_319_189_119_237_255_133 pred7181.674 inherited audit144257
54206437,2026-06-30T15:59:07.663Z,7181.68,probe 7181.67 seddik micro task237 task161 pred7181.6794 inherited audit144257
54208242,2026-06-30T17:15:55.870Z,7181.90,probe 7181.68 task118 02c5 restore_greedy cost30317 pred+0.2177 risky scatterElements inherited audit144257
54211456,2026-06-30T20:02:15.013Z,7182.09,probe 7181.90 yuu hint1 task233 7382 cost41780 pred+0.196 risky transformfail inherited audit144257
54212332,2026-06-30T20:59:26.057Z,7182.10,probe 7182.09 kojimar task286 48c4 cost46661 pred7182.097 inherited audit144257
54213750,2026-06-30T22:37:47.453Z,7182.17,probe 7182.10 public refresh36 cocoa tasks044_092_205_218_233_255_319_359 pred+0.0678 inherited audit144257
54214673,2026-06-30T23:40:21.950Z,7182.23,probe 7182.17 public refresh38 kojimar tasks001_017_018_101_174_219_234_286_328 pred+0.0628 inherited audit144257
54221646,2026-07-01T05:15:26.273Z,7182.24,probe 7182.23 task285 bca1 cost25092 pred+0.00564 risky topk scatter isolated inherited audit144257
54221905,2026-07-01T05:26:14.280Z,7182.25,probe 7182.24 public refresh48 frank task018 2d3c cost39459 pred+0.01277 risky isolated inherited audit144257
54222959,2026-07-01T06:14:36.503Z,7182.36,probe 7182.25 local rescreen task264 60e cost5435 pred+0.10786 isolated inherited audit144257
54223990,2026-07-01T07:01:26.180Z,7182.38,probe 7182.36 task338 1e2895 cost17629 pred+0.01743 risky isolated f16topk inherited audit144257
54225867,2026-07-01T08:28:43.653Z,7182.49,probe 7182.38 public penguin task191 7f0b cost13331 pred+0.11556 isolated inherited audit144257
54229128,2026-07-01T10:49:16.927Z,7182.54,probe 7182.49 public kunal task338 03ed cost16847 pred+0.04537 isolated f16topk inherited audit144257
54238776,2026-07-01T16:45:08.913Z,7182.58,probe 7182.54 public refresh59 combo tasks313_358_370_219_233_004_277_076_035_255_066_198_205_101_338_191 pred+0.048 inherited audit144257
54241380,2026-07-01T18:53:20.977Z,7182.62,probe 7182.58 public refresh64 yuu task398 9962 cost5439 pred+0.03060 isolated inherited audit144257
54249684,2026-07-02T02:10:40.777Z,7182.63,probe 7182.62 public refresh85 frank task219 9d2e plus micros101_233_366_209 pred+0.01097 inherited audit144257
54249846,2026-07-02T02:17:38.643Z,7182.73,probe 7182.63 public refresh86 akihiro task155 b382 cost142 pred+0.10677 isolated inherited audit144257
54250807,2026-07-02T02:57:11.037Z,7186.09,probe 7182.73 public refresh89 ryosuke7184 tasks014_029_031_108_303_350 pred+3.347 inherited audit144257
54251616,2026-07-02T03:30:22.730Z,7186.10,probe 7186.09 public refresh91 task092_338_366 pred+0.01516 lowrisk inherited audit144257
54252027,2026-07-02T03:47:46.343Z,7186.11,probe 7186.10 public refresh92 task101_338 pred+0.01055 lowrisk inherited audit144257
54261506,2026-07-02T10:10:34.440Z,7186.21,probe 7186.11 public refresh114 poby tasks023_029_233_397_090_157_133_096 pred+0.09806 distinct inherited audit144257
54261618,2026-07-02T10:15:49.320Z,7186.24,probe 7186.21 public refresh114 poby task018 84f933 cost38247 pred+0.03120 isolated notTopKStatic inherited audit144257
54262012,2026-07-02T10:33:25.003Z,7186.45,probe 7186.24 public refresh116 cocoa tasks054_367_349_243 pred+0.2030 excludes219repeat inherited audit144257
54270056,2026-07-02T15:41:44.917Z,7187.48,probe 7186.45 public refresh164 ryosuke task021_106 pred local costsave575 distinct inherited audit144257
54271605,2026-07-02T16:41:02.420Z,7187.50,probe 7187.48 public refresh167 frank task219 5d98 cost18202 pred+0.0173 isolated inherited audit144257
54271733,2026-07-02T16:46:08.070Z,7187.54,probe 7187.50 public refresh167 luan task277 2e94 cost3745 pred+0.0469 isolated inherited audit144257
54271814,2026-07-02T16:50:38.497Z,7187.55,probe 7187.54 public refresh167 frank task233 9c7e cost41304 pred+0.00336 isolated inherited audit144257
54276849,2026-07-02T21:19:56.490Z,7187.67,probe 7187.55 public refresh189 ryosuke task018 634ef cost33865 pred+0.12168 isolated TopKScatterND inherited audit144257
54278905,2026-07-02T23:15:00.887Z,7187.82,probe 7187.67 public refresh192 bob task188 db0584 cost1018 pred+0.15190 isolated inherited audit144257
54279015,2026-07-02T23:21:38.707Z,7187.87,probe 7187.82 public refresh192 bob task177 9d1850 cost3621 pred+0.05402 isolated inherited audit144257
54279068,2026-07-02T23:24:44.073Z,7187.92,probe 7187.87 public refresh192 bob task023 65af5e cost11546 pred+0.04901 isolated risky prior-task023-toxic inherited audit144257
54279120,2026-07-02T23:27:46.743Z,7187.97,probe 7187.92 public refresh192 bob task184 2516c6 cost2403 pred+0.04754 isolated inherited audit144257
54279160,2026-07-02T23:30:52.703Z,7188.01,probe 7187.97 public refresh192 bob task066 92d93d cost17607 pred+0.04291 isolated prior066toxicdiffhash inherited audit144257
54279227,2026-07-02T23:33:59.757Z,7188.03,probe 7188.01 public refresh192 frank task219 f486aa cost17902 pred+0.01662 isolated inherited audit144257
54279278,2026-07-02T23:36:57.350Z,7188.04,probe 7188.03 public refresh192 bob task264 495f6b cost5408 pred+0.00498 isolated inherited audit144257
54284175,2026-07-03T02:51:35.553Z,7188.12,probe 7188.04 public refresh200 bob safe4 tasks219_365_191_355 pred+0.08467 excludes319toxic inherited audit144257
54284274,2026-07-03T02:55:28.463Z,7188.15,probe 7188.12 public refresh200 bob task319 03fda cost21231 pred+0.03326 risky isolated prior319toxic inherited audit144257
54285123,2026-07-03T03:34:07.737Z,7188.16,probe 7188.15 public refresh204 ryosuke tinystack5 tasks293_165_076_361_233 pred+0.00381 inherited audit144257
54286553,2026-07-03T04:37:49.137Z,7188.17,probe 7188.16 combo task105 plus local microstack tasks014_018_101_105_216_363 pred+0.00982 inherited audit144257
54297430,2026-07-03T12:06:13.310Z,7188.23,probe 7188.17 public refresh now2 kojimar task286_054 plus microtrio pred7189.356 inherited audit144257
54298275,2026-07-03T12:42:36.567Z,7188.26,probe 7188.23 public poby7186 tasks018_255_233_173 pred7188.258 inherited audit144257
54298824,2026-07-03T13:07:41.210Z,7188.58,probe 7188.26 public poby7187.29 bundle 23pos pred7188.585 inherited audit144257 includes319
54413638,2026-07-07T03:04:47.253Z,7242.49,public refresh 20260706 franksunp/uradkr/coletti 186 tasks pred7242.49 base7188.58 audited gen-sweep inherited audit144257
54415049,2026-07-07T04:11:10.117Z,7242.71,wave1 CC22 task285 18158 + round2 micros 28 tasks pred7242.71 base7242.49
54416694,2026-07-07T05:16:15.663Z,7243.82,wave2 CC23-28 5 wins task367_12236 task064_9820 task173_10660 task349_12778 task101_11797 pred7243.82 base7242.71
54430645,2026-07-07T13:48:49.060Z,7244.06,wave3fix2 keep 018_21423 076_11886 revert 286 hidden-zero pred7244.06 base7243.82
54431882,2026-07-07T14:27:01.737Z,7245.60,wave4 5 gradeA wins 066 118 198 191 110 + 68 cross-harvest pred7245.61 base7244.06
54432884,2026-07-07T15:00:56.643Z,7246.54,wave5 5 gradeA wins 080_6727 219_6932 025_9061 054_23243 366_31427 pred7246.55 base7245.60
54433802,2026-07-07T15:34:56.750Z,7246.87,wave6 4 gradeA wins 379_7774 255_7794 324_8697 338_8786 pred7246.87 base7246.54
54433955,2026-07-07T15:41:48.520Z,7247.04,ISOLATED PROBE task255 QLinearMatMul 6563 pred7247.04 base7246.87 risky-family-test no-promote-unless-match
54435114,2026-07-07T16:33:21.587Z,7247.50,wave7 5 gradeA wins 023_6688 157_6296 096_7075 209_7342 202_7711 pred7247.50 base7247.04
54435222,2026-07-07T16:38:51.203Z,7247.53,ISOLATED PROBE task286 serpentine rebuild 26146 GradeB generator-family pred7247.53 base7247.50 no-promote-unless-match
54438130,2026-07-07T19:05:20.090Z,7249.64,evening cross-harvest 35 tasks qurore/prvsiyan/franksunp pred7249.64 base7247.53
54440422,2026-07-07T20:30:16.010Z,7249.84,tick20 CC65 task192_5602 + 2 micros pred7249.84 base7249.64
54444172,2026-07-08T00:21:31.793Z,7249.85,wave9 task005_6493 gradeA pred7249.85 base7249.84
54444726,2026-07-08T00:44:39.803Z,7249.87,reattack 2 gradeA task158_28032 task366_31361 pred7249.86 base7249.85
54444857,2026-07-08T00:50:29.577Z,7249.90,ISOLATED PROBE task286 tail-golf 25349 GradeB generator-family pred7249.90 base7249.87
54446092,2026-07-08T01:49:59.237Z,7250.06,harvest-a 58 per-task micros from 7246 bundles pred7250.06 base7249.90
54447406,2026-07-08T02:54:49.833Z,7250.21,from-scratch task158_24170 task364_20801 pred7250.21 base7250.06
54447661,2026-07-08T03:05:49.953Z,7253.57,harvest-b 26 per-task wins from qurore/kaggloop 7249.19 (task011+1.52) pred7253.57 base7250.21
54448433,2026-07-08T03:43:58.793Z,7254.13,ISOLATED PROBE task171 border-8 759->435 GradeB pred7254.13 base7253.57
54448511,2026-07-08T03:48:14.737Z,7254.31,ISOLATED PROBE task078 gravity 1293->1083 GradeC pred7254.31 base7254.13
54449140,2026-07-08T04:14:41.840Z,7254.36,closed-form wave: task031 637->596 GradeA + task280 6018->6008 pred7254.39 base7254.31
54449459,2026-07-08T04:29:25.780Z,7254.82,harvest-c 9 per-task wins (task001+0.44) from uradkr7250/jackelysia/franksunp pred7254.82 base7254.36
54449983,2026-07-08T04:53:55.157Z,7254.86,seddik surgery passes: 11 Grade-A micro-cuts (index/broadcast) pred7254.86 base7254.82
54450984,2026-07-08T05:38:09.867Z,7255.18,volume wave: task351 1229->1043 GradeA + task346 1254->1071 GradeB pred7255.18 base7254.86
54452579,2026-07-08T06:39:54.913Z,7255.22,corrected: task118+task222 only (task192 fitted-Conv failed hidden) pred7255.22 base7255.18
54454044,2026-07-08T07:34:58.860Z,7255.29,mid-band task398 2834->2634 GradeA structural-surgery pred7255.29 base7255.22
54454636,2026-07-08T07:59:54.463Z,7255.51,ref-rule task161 2131->1712 count-threshold pred7255.51 base7255.29
54455389,2026-07-08T08:26:42.687Z,7255.71,cross-harvest 6 tasks (task148 5956->4887 dedup +5 micro) pred7255.71 base7255.51
54455970,2026-07-08T08:47:16.990Z,7255.73,cross-harvest2 11 micro tasks pred7255.73 base7255.71
54457092,2026-07-08T09:30:34.530Z,7256.12,champion-surgery task205 fp16 4891->3359 +task383+task267 pred7256.12 base7255.73
54457449,2026-07-08T09:42:43.240Z,7256.16,champion-surgery2 task002+task216+task138 pred7256.16 base7256.12
54458265,2026-07-08T10:12:55.370Z,7256.17,mid-fat surgery micro task396+task361+task202 pred7256.17 base7256.16
54459613,2026-07-08T11:06:07.107Z,7256.48,fp32-screen surgery task377+task234+task208 pred7256.49 base7256.17
54460278,2026-07-08T11:34:51.223Z,7256.51,surgery micro task310+task378 pred7256.50 base7256.48
54462009,2026-07-08T12:45:01.627Z,7256.54,harvest4 uradkr-7250.28 7tasks pred7256.54 base7256.51
54464725,2026-07-08T14:29:37.753Z,7256.57,harvest5 uradkr-7250.30 task030/243/133 pred7256.56 base7256.54
54467561,2026-07-08T16:15:46.797Z,7267.99,harvest6 uradkr-7262.89 91tasks pred7267.99 base7256.57
54468215,2026-07-08T16:45:36.890Z,7268.01,surgery7 task255+task209 pred7268.01 base7267.99
54470305,2026-07-08T18:21:48.577Z,7270.76,bundle9 ryosuke7265.65(12)+surgery(2) pred7270.76 base7268.01
54470692,2026-07-08T18:39:22.667Z,7271.59,bundle10 ryosuke7266.48(4)+kutenk(2) pred7271.59 base7270.76
54471786,2026-07-08T19:35:58.887Z,7271.61,bundle11 merged76 task243 pred7271.61 base7271.59
54472274,2026-07-08T20:03:03.857Z,7271.64,surgery12 task174+task131 pred7271.64 base7271.61
54472567,2026-07-08T20:21:25.093Z,7271.69,surgery13 task080 negpad pred7271.68 base7271.64
54472774,2026-07-08T20:36:16.670Z,7271.70,surgery14 task256+task019 pred7271.71 base7271.69
54483395,2026-07-09T05:28:56.133Z,7271.91,bundle15 merged91 15tasks pred7271.91 base7271.70
54483816,2026-07-09T05:47:49.223Z,7272.01,surgery15 task184+task117 pred7271.94 base7271.91
54484268,2026-07-09T06:04:24.240Z,7272.07,surgery16 task260+task134 pred7272.08 base7272.01
54485063,2026-07-09T06:41:31.227Z,7272.12,surgery17 task036+task008+task378 pred7272.11 base7272.07
54485403,2026-07-09T06:56:48.893Z,7272.14,surgery18 task348+task238 pred7272.14 base7272.12
54485837,2026-07-09T07:13:37.543Z,7272.19,surgery19 task377+task310 pred7272.19 base7272.14
54486191,2026-07-09T07:28:34.743Z,7272.20,surgery20 task396 pred7272.20 base7272.19
54486676,2026-07-09T07:49:11.453Z,7272.21,surgery21 task370+task112 pred7272.22 base7272.20
54490990,2026-07-09T10:43:04.613Z,7272.36,nikita harvest 6 tasks pred7272.37 base7272.21
54492972,2026-07-09T11:55:29.783Z,7272.39,regolf13 task177+task237+task333 pred7272.39 base7272.36
54493571,2026-07-09T12:18:34.327Z,7272.45,regolf14 task388+task398 pred7272.43 base7272.39
54494066,2026-07-09T12:38:30.623Z,7272.72,regolf15 task246(-475B)+task381 pred7272.69 base7272.45
54497569,2026-07-09T14:43:08.347Z,7272.92,regolf16: task303/215/362 mid-low-band re-golf +0.21 -> ~7272.93
54498487,2026-07-09T15:11:29.193Z,7273.02,regolf17: task254/269/221 separable re-golf +0.10 -> ~7273.02
54499364,2026-07-09T15:38:57.190Z,7273.24,regolf18: task305 diagonal uint32 bitpack +0.22 -> ~7273.24
54499997,2026-07-09T15:59:40.767Z,7273.73,regolf19: task289/197/060 separable re-golf +0.49 -> ~7273.73
54501181,2026-07-09T16:45:05.283Z,7273.80,bisect t043 only
54501340,2026-07-09T16:52:05.063Z,7273.90,regolf21: task356/020/010/384 (parity-gated) +0.10 -> ~7273.90
54502600,2026-07-09T17:45:00.580Z,7274.97,regolf22: task267(-458!)/300/057 parity-gated +1.07 -> ~7274.97
54503319,2026-07-09T18:19:19.360Z,7275.10,regolf23: task332/078 parity-gated +0.13 -> ~7275.10
54504026,2026-07-09T18:52:35.363Z,7275.24,regolf24: task136/320/065 claude+codex parity-gated +0.14 -> ~7275.24
54504595,2026-07-09T19:22:31.173Z,7275.29,regolf25: task228/200/342 dual-pool parity-gated +0.05 -> ~7275.29
54505521,2026-07-09T20:12:43.613Z,7275.55,regolf26: 5-task dual-pool wave3 +0.26 -> ~7275.55
54506041,2026-07-09T20:45:34.363Z,7275.67,regolf27: 5-task dual-pool wave4 +0.12 -> ~7275.67
54507140,2026-07-09T21:54:19.787Z,7275.76,regolf28: 5-task dual-pool wave5 +0.09 -> ~7275.76
54507497,2026-07-09T22:18:41.363Z,7275.88,regolf29: 4-task wave6 +0.11 -> ~7275.87
54507893,2026-07-09T22:40:46.173Z,7275.93,regolf30: 3-task codex wave7 +0.05 -> ~7275.93
54508241,2026-07-09T23:00:44.850Z,7275.99,regolf31: 5-task wave8 +0.06 -> ~7275.99
54509126,2026-07-09T23:40:37.153Z,7276.62,regolf32: 5-task incl bridge sol-pro wins +0.63 -> ~7276.62
54509233,2026-07-09T23:46:34.873Z,7276.65,regolf33: task396/093 +0.07 -> ~7276.69
54509429,2026-07-09T23:59:35.790Z,7276.67,regolf34: task131/132/044/201 +0.04 -> ~7276.69
54510350,2026-07-10T00:28:12.127Z,7276.85,regolf35: task368/365/079/378 +0.15 -> ~7276.82
54510467,2026-07-10T00:33:39.027Z,7277.94,regolf36: sol-pro round2 task213/088/035 +1.1 -> ~7277.9
54510577,2026-07-10T00:38:54.720Z,7277.96,regolf37: task174/107/086 +0.02 -> ~7277.96
54511225,2026-07-10T01:02:59.483Z,7277.99,regolf38: task277 fromscratch +0.03 -> ~7278.00
54513268,2026-07-10T02:38:13.453Z,7278.13,regolf39: solpro task102/062 +0.15 -> ~7278.14
54513383,2026-07-10T02:44:02.920Z,7278.88,regolf40: solpro task034/019/184 +0.5 -> ~7278.6
54513721,2026-07-10T02:58:25.187Z,7279.24,regolf41: solpro task124 -592 -> ~7279.24
54513989,2026-07-10T03:11:18.603Z,7279.44,regolf42: solpro task148 -909 -> ~7279.45
54514506,2026-07-10T03:34:24.347Z,7279.47,regolf43: solpro task190 -51 -> ~7279.47
54514892,2026-07-10T03:53:53.420Z,7279.48,regolf44: solpro task196 -63 -> ~7279.49
54515803,2026-07-10T04:40:26.300Z,7279.54,regolf45 probe: task002/251 (parity-risky combos) -> ~7279.54
54515894,2026-07-10T04:45:16.277Z,7279.68,regolf46: solpro task361 -620 -> ~7279.70
54519544,2026-07-10T07:23:02.160Z,7279.93,regolf47: harvest hanif/nikita 6 tasks +0.25 -> ~7279.93
54532367,2026-07-10T15:33:07.327Z,7280.62,auto: task217 +0.68 -> ~7280.61
54532744,2026-07-10T15:47:44.237Z,7281.17,auto: task301 +0.55 -> ~7281.17
54534031,2026-07-10T16:35:26.163Z,7281.99,auto: task188 +0.82 -> ~7281.99
54536816,2026-07-10T18:35:40.333Z,7282.10,auto: task244 +0.11 -> ~7282.10
54537111,2026-07-10T18:50:42.883Z,7282.15,auto: task084 +0.04 -> ~7282.14
54537496,2026-07-10T19:11:40.380Z,7282.30,auto: task194 +0.15 -> ~7282.30
54538429,2026-07-10T20:12:14.583Z,7282.35,auto: task106 +0.05 -> ~7282.35
54539481,2026-07-10T21:15:33.583Z,7282.36,auto: task263 +0.01 -> ~7282.36
54539765,2026-07-10T21:34:32.487Z,7282.52,auto: task304 +0.16 -> ~7282.52
54540219,2026-07-10T22:06:14.960Z,7282.66,auto: task033 +0.14 -> ~7282.66
54540595,2026-07-10T22:31:28.583Z,7283.24,auto: task041 +0.58 -> ~7283.24
54540946,2026-07-10T22:51:38.817Z,7283.31,auto: task045 +0.06 -> ~7283.30
54553610,2026-07-10T23:24:19.380Z,7283.48,auto: task354 +0.17 -> ~7283.48
54554199,2026-07-11T00:00:30.420Z,7284.26,auto: task139 +0.78 -> ~7284.26
54554680,2026-07-11T00:14:43.167Z,7284.32,auto: task214 +0.06 -> ~7284.32
54555028,2026-07-11T00:29:52.567Z,7284.39,auto: task346 +0.08 -> ~7284.40
54556102,2026-07-11T01:19:25.680Z,7284.55,auto: task199 +0.16 -> ~7284.55
54556959,2026-07-11T02:02:43.707Z,7284.59,auto: task118 +0.04 -> ~7284.59
54557339,2026-07-11T02:23:20.633Z,7284.80,auto: task070 +0.21 -> ~7284.80
54559575,2026-07-11T04:22:41.197Z,7285.13,recover: revert task110 + task017/029/271 wins -> ~7285.1
54559681,2026-07-11T04:27:26.600Z,7285.32,auto: task008/task036 +0.19 -> ~7285.32
54559801,2026-07-11T04:34:13.797Z,7285.50,auto: task091 +0.19 -> ~7285.51
54559943,2026-07-11T04:41:30.430Z,7285.54,auto: task115 +0.04 -> ~7285.54
54560314,2026-07-11T04:58:17.570Z,7285.69,auto: task359/task061 +0.15 -> ~7285.69
54560897,2026-07-11T05:21:16.363Z,7285.78,auto: task147 +0.08 -> ~7285.77
54561155,2026-07-11T05:30:19.407Z,7285.92,auto: task286 +0.15 -> ~7285.93
54561269,2026-07-11T05:36:00.757Z,7285.97,auto: task285 +0.05 -> ~7285.97
54561447,2026-07-11T05:43:13.377Z,7286.17,auto: task183/task018 +0.20 -> ~7286.17
54561857,2026-07-11T06:01:15.653Z,7287.15,auto: task112/task054 +0.98 -> ~7287.15
54562300,2026-07-11T06:22:11.657Z,7287.39,auto: task259 +0.24 -> ~7287.39
54562480,2026-07-11T06:32:00.277Z,7287.44,auto: task233 +0.05 -> ~7287.44
54562730,2026-07-11T06:41:00.100Z,7287.55,auto: task366 +0.11 -> ~7287.55
54563156,2026-07-11T06:57:59.010Z,7287.61,auto: task367 +0.06 -> ~7287.61
54563451,2026-07-11T07:08:49.513Z,7287.67,auto: task158/task349 +0.06 -> ~7287.67
54563680,2026-07-11T07:18:05.353Z,7287.74,auto: task145/task364/task187 +0.07 -> ~7287.74
54564334,2026-07-11T07:45:13.363Z,7287.99,auto: task076/task173/task101/task138 +0.25 -> ~7287.99
54564529,2026-07-11T07:54:18.750Z,7288.33,auto: task191/task066 +0.34 -> ~7288.33
54565055,2026-07-11T08:16:01.677Z,7289.10,auto: task397 +0.76 -> ~7289.09
54565351,2026-07-11T08:27:58.660Z,7289.13,auto: task198 +0.03 -> ~7289.13
54567169,2026-07-11T09:38:22.327Z,7290.24,auto: task325 +1.12 -> ~7290.25
54567441,2026-07-11T09:49:35.293Z,7290.69,auto: task225 +0.45 -> ~7290.69
54568661,2026-07-11T10:41:40.780Z,7290.71,auto: task030 +0.02 -> ~7290.71
54569774,2026-07-11T11:25:07.497Z,7290.76,auto: task369/task063 +0.05 -> ~7290.76
54570913,2026-07-11T12:10:07.670Z,7292.74,auto: task295 +1.98 -> ~7292.74
54571953,2026-07-11T12:47:40.480Z,7292.79,auto: task189 +0.05 -> ~7292.79
54572601,2026-07-11T13:09:17.163Z,7293.00,auto: task160 +0.21 -> ~7293.00
54576733,2026-07-11T15:31:30.990Z,7294.08,recover: task163/094/273/195 on clean 7293 base (post-poison good wins)
54576753,2026-07-11T15:32:00.590Z,7294.57,test: task350 solo on 7293 base (isolate 9036->1892 overfit risk)
54577048,2026-07-11T15:41:02.547Z,7295.65,recover_all: 5 clean post-poison wins on 7293 base -> ~7295.6
54577298,2026-07-11T15:49:53.943Z,7295.76,test: task204 solo 9153 on 7295.65 base (fat rebuild -1079)
54577625,2026-07-11T15:59:49.540Z,7296.15,auto: task109 +0.39 -> ~7296.15
54578172,2026-07-11T16:17:36.223Z,7296.31,auto: task351/task377/task400 +0.16 -> ~7296.31
54580673,2026-07-11T17:39:30.290Z,7296.38,"fast: task132 3637->3402 (reduction-Einsum, fuzz 500/500)"
54581152,2026-07-11T17:57:34.590Z,7296.56,"fast: task329 1050->873 (fused Einsum, fuzz 300/300)"
54581418,2026-07-11T18:08:29.110Z,7296.76,"fast: task123 1342->1102 (fused Einsum, fuzz 300/300)"
54581682,2026-07-11T18:18:20.840Z,7296.84,auto: task303 +0.08 -> ~7296.84
54582647,2026-07-11T18:55:50.637Z,7296.89,auto: task185/task175/task342 +0.06 -> ~7296.90
54582915,2026-07-11T19:09:32.220Z,7296.91,auto: task046/task388 +0.02 -> ~7296.91
54583289,2026-07-11T19:26:05.567Z,7296.92,auto: task064 +0.00 -> ~7296.91
54584404,2026-07-11T20:25:12.433Z,7297.34,auto: task037/task361 +0.42 -> ~7297.34
54584698,2026-07-11T20:41:05.557Z,7297.62,auto: task131 +0.28 -> ~7297.62
54585609,2026-07-11T21:25:56.053Z,7298.88,auto: task092/task009 +1.26 -> ~7298.88
54586726,2026-07-11T22:30:11.140Z,7298.90,auto: task379 +0.02 -> ~7298.90
54587372,2026-07-11T23:10:26.830Z,7299.14,auto: task202 +0.24 -> ~7299.14
54587612,2026-07-11T23:23:11.840Z,7299.15,auto: task192 +0.01 -> ~7299.15
54592797,2026-07-12T02:59:39.763Z,7299.41,auto: task148 +0.26 -> ~7299.41
54593087,2026-07-12T03:13:24.123Z,7300.45,auto: task125 +1.03 -> ~7300.44
54593404,2026-07-12T03:26:54.287Z,7300.49,auto: task358 +0.04 -> ~7300.49
54594138,2026-07-12T03:57:53.483Z,7300.83,auto: task340 +0.34 -> ~7300.83
54594581,2026-07-12T04:17:09.563Z,7300.96,auto: task093 +0.13 -> ~7300.96
54594944,2026-07-12T04:32:11.520Z,7301.15,auto: task162 +0.19 -> ~7301.15
54595277,2026-07-12T04:47:01.233Z,7301.40,auto: task042 +0.25 -> ~7301.40
54595604,2026-07-12T05:01:07.020Z,7301.48,auto: task137 +0.08 -> ~7301.48
54596015,2026-07-12T05:16:19.267Z,7301.65,auto: task270 +0.17 -> ~7301.65
54596545,2026-07-12T05:37:11.470Z,7301.68,auto: task310 +0.03 -> ~7301.68
54597935,2026-07-12T06:27:47.223Z,7301.81,auto: task069 +0.12 -> ~7301.80
54598285,2026-07-12T06:42:31.423Z,7302.03,auto: task333 +0.23 -> ~7302.04
54598804,2026-07-12T07:03:33.620Z,7302.33,auto: task190 +0.29 -> ~7302.32
54600214,2026-07-12T07:59:35.977Z,7303.03,auto: task264/task168 +0.71 -> ~7303.04
54601927,2026-07-12T08:58:07.280Z,7303.44,auto: task245 +0.41 -> ~7303.44
54602359,2026-07-12T09:14:08.657Z,7304.29,auto: task212 +0.85 -> ~7304.29
54603071,2026-07-12T09:39:21.417Z,7304.36,auto: task398 +0.07 -> ~7304.36
54603583,2026-07-12T09:56:59.763Z,7304.73,auto: task250/task212 +0.37 -> ~7304.73
54603972,2026-07-12T10:12:26.193Z,7304.80,auto: task062 +0.07 -> ~7304.80
54604595,2026-07-12T10:33:40.520Z,7305.13,auto: task381 +0.33 -> ~7305.13
54605034,2026-07-12T10:49:08.483Z,7305.19,auto: task170 +0.06 -> ~7305.19
54606385,2026-07-12T11:41:01.727Z,7305.51,auto: task348 +0.31 -> ~7305.50
54606803,2026-07-12T11:56:34.607Z,7305.95,auto: task348 +0.44 -> ~7305.95
54607205,2026-07-12T12:10:06.780Z,7306.08,auto: task019 +0.13 -> ~7306.08
54607626,2026-07-12T12:26:00.380Z,7306.17,auto: task161 +0.09 -> ~7306.17
54608103,2026-07-12T12:42:26.023Z,7306.72,auto: task184/task246 +0.55 -> ~7306.72
54608516,2026-07-12T12:57:21.487Z,7306.76,auto: task044 +0.04 -> ~7306.76
54611485,2026-07-12T14:27:11.960Z,7306.88,auto: task075 +0.12 -> ~7306.88
54611949,2026-07-12T14:43:18.883Z,7306.97,auto: task156 +0.09 -> ~7306.97
54612475,2026-07-12T14:59:11.260Z,7307.16,auto: task055 +0.19 -> ~7307.16
54613203,2026-07-12T15:21:47.873Z,7307.18,auto: task341 +0.02 -> ~7307.18
54613676,2026-07-12T15:37:22.253Z,7307.40,auto: task335 +0.22 -> ~7307.40
54614533,2026-07-12T16:03:56.403Z,7396.05,HARVEST ng7300 x134 overlay -> pred ~7396.05 (+88.65)
54616909,2026-07-12T17:18:27.560Z,7396.55,auto: task275 +0.49 -> ~7396.54
54618719,2026-07-12T18:26:38.343Z,7396.64,auto: task145 +0.10 -> ~7396.65
54619649,2026-07-12T19:08:50.230Z,7396.68,auto: task110 +0.03 -> ~7396.67
54620156,2026-07-12T19:33:26.160Z,7396.69,auto: task173 +0.01 -> ~7396.69
54620559,2026-07-12T19:54:16.250Z,7396.94,auto: task213 +0.25 -> ~7396.94
54620787,2026-07-12T20:06:52.697Z,7397.98,auto: task123 +1.04 -> ~7397.98
54621080,2026-07-12T20:20:51.940Z,7398.26,auto: task035 +0.27 -> ~7398.25
54621407,2026-07-12T20:38:15.357Z,7399.17,auto: task356/task222/task319/task323/task206/task363 +0.91 -> ~7399.17
54622628,2026-07-12T21:38:55.060Z,7399.37,auto: task338 +0.20 -> ~7399.37
54627205,2026-07-13T00:54:43.170Z,7399.52,auto: task032 +0.16 -> ~7399.53
54628241,2026-07-13T01:36:53.573Z,7399.64,auto: task074 +0.11 -> ~7399.63
54628525,2026-07-13T01:46:49.170Z,7399.93,auto: task366/task279/task338 +0.30 -> ~7399.94
54628859,2026-07-13T01:59:24.600Z,7400.05,auto: task285/task367 +0.12 -> ~7400.05
54629266,2026-07-13T02:13:48.477Z,7400.08,auto: task233/task286 +0.03 -> ~7400.08
54629652,2026-07-13T02:27:43.013Z,7400.14,auto: task191 +0.05 -> ~7400.13
54631599,2026-07-13T03:46:54.730Z,7400.33,selfgen task110 rowpair 842b9567 +0.190 base7400.14
54632011,2026-07-13T04:04:30.130Z,7400.34,selfgen stack task138+task110 a550437a +0.190 base7400.15
54632211,2026-07-13T04:14:03.090Z,7400.36,selfgen stack 138+110+076 2671d56e +0.211 base7400.15
54632901,2026-07-13T04:40:34.980Z,7400.39,selfgen stack task076 task204 8bcf8063 +0.027 base7400.36
54633575,2026-07-13T05:01:06.837Z,7400.46,selfgen stack task018 task054 af03e0c6 +0.078 base7400.39
54634041,2026-07-13T05:17:16.793Z,7400.49,selfgen task018 selector f1113b04 +0.026 base7400.46
54634250,2026-07-13T05:25:34.653Z,7400.51,selfgen stack task018 task054 c594ecde +0.045 base7400.46
54634506,2026-07-13T05:35:48.630Z,7400.54,selfgen stack task324 task054 2598edac +0.028 base7400.51
54634895,2026-07-13T05:49:43.427Z,7400.62,selfgen rebase task324 task054 task370 491f8914 +0.080 base7400.54
54635541,2026-07-13T06:12:49.040Z,7400.65,selfgen stack task349 task054 task324 347231d9 +0.035 base7400.62
54635962,2026-07-13T06:29:58.950Z,7400.66,selfgen task366 mpad109 4a880b28 +0.011 base7400.65
54654231,2026-07-13T16:38:30.083Z,7407.46,full exact7400.14 + verified53 gain7.317360 exp~7407.47 shaf19ba97e
54654253,2026-07-13T16:39:19.400Z,7407.80,full exact7400.14 + verified53 incl319 gain7.663030 exp~7407.82 sha5f4b394a
54655045,2026-07-13T17:06:40.327Z,7407.99,full 7407.80 + verified exact11 gain0.18870 exp7407.99 shafff5cedf
54655466,2026-07-13T17:21:23.550Z,7408.13,full 7407.99 + c61118f exact4 gain0.13587 exp7408.13 sha8f7564c6
54658088,2026-07-13T18:55:07.803Z,7410.39,full exact stack pred7410.41 t092tt t333cp13 sha4de50f3e
54658583,2026-07-13T19:15:50.397Z,7410.80,full 7410.39 + exact t019 t192 pred7410.79 sha0c764b1d
54659014,2026-07-13T19:35:05.870Z,7411.11,full 7410.80 + exact t061 t270 t398 pred7411.12 shaeeb664dd
54659672,2026-07-13T20:03:54.740Z,7411.36,full 7411.11 + exact6 pred7411.34 t018t091t112t139t264t279 sha9cb90696
54660032,2026-07-13T20:22:41.427Z,7411.52,full 7411.36 + exact8 pred7411.52 sha95267ed9
54660534,2026-07-13T20:49:31.127Z,7411.71,full 7411.52 + exact7 pred7411.73 sha58b3dbf2
54660873,2026-07-13T21:08:39.710Z,7411.77,full 7411.71 + exact3 pred7411.77 shaadcca1ee
54661334,2026-07-13T21:29:18.580Z,7411.82,full 7411.77 + exact2 pred7411.82 sha073ca5d2
54662328,2026-07-13T22:14:55.893Z,7411.88,Full exact 7411.88: accepted 7411.82 + t138 t187 t285 t364
54662698,2026-07-13T22:35:32.310Z,7411.91,Full exact 7411.92: accepted 7411.88 + t158 t187 t366
54663244,2026-07-13T22:58:59.897Z,7413.04,Full exact 7413.04: confirmed 7411.91 + task009 occupancy fusion
54663852,2026-07-13T23:25:12.510Z,7414.03,Full exact 7414.03: confirmed 7413.04 + t106 t192 t351
54665629,2026-07-14T00:26:31.063Z,7415.73,full exact7 local 7415.72 tasks011 019 044 213 270 275 340
54667428,2026-07-14T01:27:14.343Z,7415.74,Full package: exact task187 serial decode + task364 structural rewrite; local 7415.75
54668079,2026-07-14T01:50:51.657Z,7415.75,Full 7415.75: task364 table shrink 14054 + exact task187 u32 top predicate 14069
54669256,2026-07-14T02:34:23.023Z,7416.31,Full 7416.31: task017 Fourier exact shift + task018 architectural compact rewrite
54669835,2026-07-14T02:56:36.603Z,7417.13,Full 7417.13: task002 exact walk Einsum + task017 Fourier + task018 compact
54669922,2026-07-14T03:00:08.923Z,7418.74,Full 7418.74: exact source wins 002 110 187 243 + 017 018
54669978,2026-07-14T03:02:39.770Z,7419.19,Full 7419.19: nine exact processor-clean architecture wins
54670048,2026-07-14T03:05:27.717Z,7419.41,Full 7419.41: twelve exact grader-proven architecture wins
54671001,2026-07-14T03:40:43.217Z,7422.06,Full 7422.06: four exact public architecture transplants over 7419.41
54671077,2026-07-14T03:44:17.027Z,7423.50,Full 7423.49: 30 exact public transplants over validated 7419.41
54671926,2026-07-14T04:19:40.333Z,7423.75,Full 7423.75: exact task367 bg-only detector fusion over validated 7423.49
54672969,2026-07-14T04:58:47.233Z,7423.88,Full 7423.88: exact task074 rank-preserving orbit fusion over validated 7423.75
54673313,2026-07-14T05:10:49.423Z,7424.07,Full 7424.03: exact task216 dynamic-extrema rewrite plus validated task074/task367
54673729,2026-07-14T05:28:14.497Z,7424.42,Full 7424.36: exact task216 ROI cost5738 plus task018 fused grouping and tail
54674355,2026-07-14T05:49:58.620Z,7424.64,"Full 400: accepted 7424.42 plus task054 exact XOR direct-paint, pred 7424.63"
54675521,2026-07-14T06:37:00.080Z,7425.25,own task092 factorized Einsum + task187 exact dilated conv; full 400
54676822,2026-07-14T07:23:07.300Z,7425.81,own task092 exact P3 rank4 decoder two-state cost506 + task349 channel merge; full 400
54677801,2026-07-14T07:55:12.007Z,7426.43,own exact task351 tensor factors cost612 + task340 shared map factors cost901; full 400
54677920,2026-07-14T08:01:05.043Z,7426.81,own exact stack: task351 factors + task340 shared maps + task037 rank factors; full 400
54678633,2026-07-14T08:24:39.893Z,7427.10,own exact full stack + task009 canvas factor + task397 dead-state trim; full 400
54679943,2026-07-14T09:05:41.670Z,7427.51,own exact task148 live-domain rank12 factor; full 400 pred 7427.51
54680697,2026-07-14T09:32:38.850Z,7428.01,own exact task069 modulo factor + task270 polynomial rewrite; full 400 pred 7428.01
54681223,2026-07-14T09:51:56.780Z,7429.20,own exact full stack + task062 TT + task109 trim reuse + task110 modular CP; pred 7429.20
54682123,2026-07-14T10:25:55.370Z,7430.19,own full stack + task148 shared basis + task187 state collapse + task243 saturated horizon; pred 7430.19
54684772,2026-07-14T12:09:15.867Z,7430.41,trusted 7430.19 + Kaggle A/B-confirmed task286 propagation compact; pred 7430.41; excludes failed task204
54685821,2026-07-14T12:44:45.347Z,7430.67,trusted 7430.41 + own exact task025 structural rewrite; pred 7430.66; full gates and 3724 transform-mode checks clean
54687515,2026-07-14T13:37:47.380Z,7430.87,full accepted 7430.67 + own task366 direct-bounds exact rewrite; pred 7430.87; D4/color/CC/processor/package gates clean
54692196,2026-07-14T16:11:52.520Z,7431.23,full 7431.23: task209 sampled u8 + task270 exact dedup + task379 moments
54694212,2026-07-14T17:20:16.467Z,7431.41,full 7431.41: task076 safe transform priority + task002 exact rank2; full official/reARC/metamorphic/processor gates
54694899,2026-07-14T17:46:15.607Z,7431.57,full 7431.57: own task080 structural row/select fusion + dynamic stamp kernel; official/reARC/metamorphic/processor/package gates
54695788,2026-07-14T18:23:45.933Z,7431.94,full 7431.93: own task255 rank3 selection + task338 fused quantized pad; official/reARC/metamorphic/processor/package gates
54700584,2026-07-14T21:35:59.390Z,7432.02,isolated task054 exact candidate
54701547,2026-07-14T21:50:07.033Z,7432.20,isolated task233 hardened +0.258
54701899,2026-07-14T22:08:03.933Z,7432.35,confirmed Kaggle-positive consolidation task054 task285 task233 expected +0.41 from 7431.94
54702077,2026-07-14T22:18:20.783Z,7432.69,isolated task017 residue-factor +0.753 hidden-rule probe; accepted 7431.94 base
54702267,2026-07-14T22:25:19.600Z,7432.90,full confirmed stack task233 task054 task285 plus hardened task017 +0.547; expected 7432.90
54702276,2026-07-14T22:26:07.253Z,7433.46,full material stack confirmed 233 054 285 hardened017 plus generalization-tested task002; expected 7433.48
54702790,2026-07-14T22:46:59.857Z,7433.60,full 7433.46 production stack plus robust task076 +0.119 and task233 deep +0.020; expected 7433.60
54702871,2026-07-14T22:51:40.337Z,7433.81,full 7433.46 base plus Kaggle-confirmed task017 fast +0.206 task076 +0.119 task233 deep +0.020; expected 7433.81
54702961,2026-07-14T22:56:32.640Z,7434.17,full expected 7433.81 stack plus task200 fused quadratic cost607 to424 +0.359 exhaustive rule stress; expected 7434.17
54703163,2026-07-14T23:06:25.337Z,7434.66,full expected7434.17 stack plus robust task204 +0.250 and task278 +0.243; expected 7434.66
54703593,2026-07-14T23:26:26.443Z,7435.78,full latest 7434.66 stack plus robust task085 +0.501 task064 +0.364 task131 +0.260; expected 7435.78
54703814,2026-07-14T23:35:37.823Z,7435.88,full latest expected7435.78 stack plus robust task158 cost18536 to16800 +0.0983; expected7435.88
54704200,2026-07-14T23:51:27.543Z,7436.63,full latest expected7435.88 stack plus robust task198 output-direct cost7922 to3765 +0.744; expected7436.62
54706589,2026-07-15T01:04:24.777Z,7436.72,full live 7436.63 plus robust task145 +0.03689 and task324 +0.05626; official all-corpus/checker/generalization/processor gates; expected 7436.72
54707051,2026-07-15T01:21:55.603Z,7436.87,full live 7436.63 plus task122 +.00868 task145 +.03689 task187 +.03816 task219 +.10725 task324 +.05626; expected 7436.88; full local exact gates
54707074,2026-07-15T01:22:30.557Z,7436.96,probe: full expected7436.88 recovery plus task018 local 266 exact cost14216to12992 +.090; nonrobust metamorphic risk; expected7436.97 if hidden holds
54709016,2026-07-15T02:31:28.507Z,7437.47,clean full package confirmed 7436.96 base + task077 direct branch +0.50521 exact; task096 reverted after hidden zero; expected 7437.47
54709083,2026-07-15T02:34:27.913Z,7437.72,clean full package 7436.96 base + task077 +0.50521 + post-patch public-source task302 +0.24697 exact; task096 reverted; expected7437.71
54709267,2026-07-15T02:41:22.330Z,7442.95,SILVER RECOVERY clean 7436.96 base + public Kaggle-confirmed task017 cost10 +5.2386 + task077 +0.5052 + task302 +0.2470; task096 reverted; expected7442.95
54709312,2026-07-15T02:43:05.867Z,7446.89,RANK CUSHION clean full package: 7436.96 + task017 cost10 +5.2380 + task305 same cost10 +3.9357 + task077 +0.5052 + task302 +0.2470; task096 reverted; expected7446.89
54709375,2026-07-15T02:45:44.273Z,7449.23,"RANK130 PUSH clean full: 7436.96 + task017/task305 cost10 + task077/task302 + validated public source batch008,088,177,217,243,246,251,383; task096 reverted; expected7449.23"
54709461,2026-07-15T02:49:02.157Z,7450.06,RANK130 PUSH cumulative clean: expected7450.05; + post-patch Jul15 public-source task010 cost379 full265 exact; prior task017/305/077/302 + validated batch; task096 reverted
54709610,2026-07-15T02:54:44.160Z,7452.56,"RANK130 BREAK cumulative clean expected7452.56: +Task050 cost448 full271 +Task303 cost700 full265, Jul15 reproducible public architectures; prior validated stack; task096 reverted"
54709675,2026-07-15T02:57:23.883Z,7453.00,RANK130 CUSHION cumulative clean expected7453.00: +7 Jul15 public-source full-current validated tasks074/086/133/224/336/359/363 (+0.439); prior task050/303 stack; task096 reverted
54709786,2026-07-15T03:00:52.200Z,7454.35,"RANK124 CUSHION cumulative clean expected7454.35: +Task197 exact public cost130 full267 current checker (+1.351), Jul15 documented identity-vote reconstruction; prior7453 stack; task096 reverted"
54709869,2026-07-15T03:03:46.657Z,7455.21,"RANK122 CUSHION cumulative clean expected7455.21: +Task329 exact public cost468 full266 current checker (+0.288), honest Jul ledger regime reconstruction; prior7454.92 stack; task096 reverted"
54710609,2026-07-15T03:33:51.417Z,7455.45,GOLD isolate on LIVE-confirmed 7455.21 ref54709869: +Task356 only cost448 full266 current-checker Jul public reconstruction (+0.2356); excludes Task094; task096 reverted
54710611,2026-07-15T03:33:54.627Z,7455.93,GOLD diagnostic on LIVE-confirmed 7455.21 ref54709869: +Task094 only exact public artifact cost1128 (+0.7194); isolates hidden failure from Task356; task096 reverted
54711194,2026-07-15T03:59:19.610Z,7455.96,"GOLD SAFE cumulative on LIVE 7455.21 ref54709869: +Task239 cost592 (+.469) +Task198 exact rank2 cost3181 (+.1686) +Task329 exact rank5 cost418 (+.1130); all current checker/full corpus, only 3 diffs, preserves confirmed zip order/task096; excludes094/356; expected7455.96"
54711215,2026-07-15T04:00:15.600Z,7456.92,GOLD FULL retry A on LIVE7455.93 ref54710611: add individually Kaggle-positive Task356 + validated Task239/198/329; expected7456.92 if known stochastic Task077 completes; preserves successful Task094 zip order/task096; full package score submission
54711336,2026-07-15T04:05:43.677Z,7457.20,"GOLD FULL 7457.20 retry B identical: full validated package, known Task077 stochastic-runtime hedge; preserves LIVE Task094 successful ordering/task096"
54711473,2026-07-15T04:12:44.047Z,7458.20,"GOLD FULL 7458.20 retry A on LIVE7455.93: adds hardened Task012 cost820 265/265+5000/5000 fuzz, plus validated356/239/198/329/270/174/118; live zip order/task096; Task077 runtime hedge"
54713585,2026-07-15T05:32:41.873Z,7458.80,GOLD isolate Task138 cost6928 plus safe bank on 7458.20; excludes Task101 hidden-risk; exact266/current checker/strict ORT; expected 7458.80
54714711,2026-07-15T06:15:57.500Z,7458.85,FULL 7458.85 Task077 exact factorization hedge A; 266/266; zip 5b79b5cf
54715235,2026-07-15T06:35:37.477Z,7459.38,FULL expected 7459.38: Task141 bounded polynomial cost811 exact 265/265 plus Task077 factor; zip a1d3f6a9
54715484,2026-07-15T06:45:13.933Z,7460.24,FULL reliable expected 7460.24: Task141 cost811 + Task260 signed regime cost643; both exact full corpus official profiler; zip d4e16a9e
54715676,2026-07-15T06:52:48.880Z,7461.03,FULL reliable expected 7461.03: Task141 degree4 cost469 exact + Task0511282 + Task260643; full profiler gates; zip fafe671b
54716249,2026-07-15T07:14:17.223Z,7461.84,FULL reliable expected 7461.84: add Task398 CRT exact cost1176 to Task159997+Task141469+Task0511282+Task260643; ORT268/268; zip b7800496
54716967,2026-07-15T07:40:15.617Z,7462.28,FULL highest-base push expected7462.28: live-confirmed7461.84 + Task297 signed exact cost898; ref+ORT265 exhaustive56700; zip79dc4102
54717095,2026-07-15T07:44:47.063Z,7463.02,FULL highest-base expected7463.02: live7461.84 + Task297 exact898 + Task343 exact441; strict+Ref+ORT full corpora; zipf1ed3d9b
54717542,2026-07-15T08:01:35.070Z,7464.36,RUNTIME GAMBLE full expected7464.36: latest cumulative 7464.26 + Task182 exact267 cost5462; strict/ORT-disable exact but optimized ORT native crash risk; zipc9c91567
54724489,2026-07-15T12:06:55.920Z,7465.88,FULL expected7465.89 from proven7464.36: Task074 isolated-LB-proven exact factor cost558 plus Task374 isolated-proven rank factor cost1071; exact winning order/base; zip74040081
54724624,2026-07-15T12:11:51.613Z,7466.32,FULL expected7466.33: proven074+374 on7464.36 plus Kaggle-positive public899 exact batch 080/133/215/251/356/388/400 and exact054 micro; pinned096/order; zip7522d43d
54724896,2026-07-15T12:20:11.873Z,7466.64,"FULL expected7466.64: cumulative safe stack plus exact shared-basis Task215 cost414, official265/265; pinned096 and winning order; zip7af17b54"
54725176,2026-07-15T12:29:34.500Z,7467.05,7467.05 cumulative: exact Task320 510 + Task341 1231
54725614,2026-07-15T12:45:01.720Z,7467.14,7467.14 cumulative: exact reconstructed Task219 TopK/QConv cost5690
54725759,2026-07-15T12:50:29.180Z,7467.40,7467.40 cumulative: Task219 public-target reconstruction improved to cost5252 official exact
54725918,2026-07-15T12:55:45.387Z,7467.60,7467.61 cumulative: exact Task107 kron-ray cost3085
54725975,2026-07-15T12:57:44.733Z,7468.36,7468.36 cumulative: exact Task061 uint64 bitset renderer cost636
54726468,2026-07-15T13:13:24.037Z,7468.61,"7468.61 cumulative bundle: Task023 cost5387 + Task141 cost435 + Task234 cost2884, exact validated"
54726851,2026-07-15T13:25:16.370Z,7468.87,"7468.87 cumulative bundle: Task234 cost2378 + Task341 cost1155, exact validated"
54730573,2026-07-15T15:15:51.877Z,7471.00,7471.00 reliable cumulative: all validated gains through Task063/320; revert deterministic-failing Task367 fused model to last live-stable cost8273
54732384,2026-07-15T16:05:46.760Z,7471.25,7471.258 cumulative bundle: 27 exact validated tasks; Task023 4814 + Task160 1030 + Task367 7969 + exact dedupe bank; delta +0.25893
54733108,2026-07-15T16:26:21.647Z,7471.51,7471.510 cumulative bundle: Task001 184 + Task019 1448 + Task160 994 + Task264 1480 + Task367 7617; validated delta +0.25148
54734473,2026-07-15T17:06:32.100Z,7478.70,7478.700 cumulative: 24 strict public final-day wins + Task397 877; full gate delta +6.811558
54734705,2026-07-15T17:12:53.627Z,7479.05,7479.055 cumulative: Task037 1032 + Task162 2323; exact validated bundle delta +0.355144
54734869,2026-07-15T17:18:04.297Z,7479.62,7479.624 cumulative: T110 2236 + T243 3578 + T354 1314; validated delta +0.568876
54735775,2026-07-15T17:48:07.557Z,7480.74,7480.747 cumulative: T077 1856 + T192 947 + T361 2582; audited validated delta +1.123200
54737218,2026-07-15T18:33:21.027Z,7481.32,7481.327 recovery: revert T198 strict fail; T182+204+209+233+285 validated bundle
54737700,2026-07-15T18:52:30.660Z,7486.34,7486.347 cumulative: public commit 361a857 exact 20-task +5.020534; source package online-proven; full corpus/hash audit
54741615,2026-07-15T21:16:00.567Z,7489.16,7489.11 cumulative retry: proven T118/T279 restored; add hardened T157/T367 +0.269486; 400-root exact hash audit
54742223,2026-07-15T21:38:59.077Z,7489.77,"7489.72 cumulative: add T361 safe exact +0.104845; T198 conservative projected architecture +0.508523 (same proven max Einsum arity, 266x2 + 1747 stress); 400-root hash audit"
54743038,2026-07-15T22:08:52.963Z,7494.32,"7494.27 cumulative five-task bank: T087/T140 strict zero-cost LpPool +3.218876; T303 exact fusion +1.157453; T297/T261 exact rank factors +0.167729; both ORT modes, full corpora, fresh stress, 400-root audit"
54743971,2026-07-15T22:37:41.960Z,7494.88,"7494.83 cumulative robust: add 8 validated bank gains + T250 exact full inline +0.269129 + T243 packed state q=.025 +0.167562 + four online-proven prunes; 400-root hash audit, both ORT modes, full corpora"
54745178,2026-07-15T23:07:34.980Z,7495.20,"7495.21 conservative public fallback: robust 7494.88 + T115/T196 + no-Scatter T346 +0.325; full corpora both ORT modes + heldout, 400-root audit"
54745575,2026-07-15T23:16:37.847Z,7496.21,"7496.22 Task162 algebraic p13 breakthrough provisional atop public bank: cost2323->876 +0.976; checker+strict pass, dual-ORT exact smoke; isolated while full corpus runs"
54745950,2026-07-15T23:24:21.053Z,7496.25,"7496.26 isolated Task162 P14 coverage probe atop public bank: cost838, +1.0196 vs robust; NumPy266 exact + dual-ORT smoke, narrower margin; P13 fallback queued"
